ID,n_taps,tap_rate_hz,iti_mean_s,iti_median_s,iti_cv,iti_slope_pct,open_speed_mean,close_speed_mean,speed_mean,speed_cv,speed_slope_pct,speed_decrement,open_close_ratio,duty_cycle,amp_mean,amp_median,amp_max,amp_cv,amp_slope_pct,amp_decrement,amp_first5,amp_last5_ratio,peak_aperture_mean,min_aperture_mean,angle_amp_mean,n_hesitations,hesitation_rate,n_halts,halt_time_s,iti_max_over_median,dom_freq_hz,spectral_peak_ratio,spectral_entropy,sparc,vel_peaks_per_tap,wrist_rms_pl,coverage,active_duration_s,amp_mean_mm,mean_kp_score
CONTROL01_DCHA,31.0,1.5598687697498874,0.6369274074074336,0.5992000000000246,0.19023879713893654,-1.0441334351369922,15.108450854976075,21.385906829677435,6.784885485745103,0.08513715292524433,0.45835138736818754,0.08767602633621463,2.6,0.7222222222222222,2.1979389010130976,2.2103498594226414,2.654180472359067,0.08251228500409326,0.6578456027974348,0.13441142406162054,1.9605233044285242,1.2192623236327984,2.2576432465764094,0.05970434556331199,76.01347000487495,0.0,0.0,0.0,0.0,1.7777777777777777,1.752336448598059,0.7366862506219013,0.5498354082566789,-8.371989946417694,2.096774193548387,0.30447918231405385,1.0,19.873466666667483,117.06136277947488,0.9368362426757812
CONTROL01_IZDA,22.0,1.1182422587138319,0.9003851851851743,0.8987999999999889,0.1494095035864589,0.5857874519846392,10.35129694191937,14.296624538093864,3.7163526376848384,0.1213211512295243,-1.1821771359584685,-0.11603149951384462,1.6000000000000028,0.6153846153846159,1.6281810229113047,1.6026062747437462,2.021673720764054,0.11251150509060183,-0.8607381839407491,-0.0920295198923391,1.7388909051431412,0.8354690153289919,1.7523335276839986,0.12415250477269413,49.60406595631494,0.0,0.0,0.0,0.0,1.3703703703703722,1.251668891855823,0.8496514803984145,0.44825443601888765,-10.002020749207743,2.227272727272727,0.319449479360307,1.0,19.67373333333309,100.17353019884287,0.9402617812156677
CONTROL02_DCHA,33.0,1.68305901926954,0.6002402777778024,0.5992000000000246,0.14374304533618,1.0235976356622651,8.079383401330285,11.75473502484833,3.8752328006962213,0.08547089186503654,0.33595374310612663,0.1021144154147049,2.6,0.7222222222222222,1.1933015662279116,1.1965137158189545,1.3001672337189119,0.05794458367942579,0.26451788169707474,0.07367129842748232,1.1654530008102928,1.058265425431456,1.2300469729147068,0.03674540668679482,33.43540167367508,0.0,0.0,0.0,0.0,1.3333333333333333,1.5020026702269078,0.717537011556149,0.5345661990024693,-8.00790081121607,2.0606060606060606,0.16865033935372065,1.0,19.60715555555636,90.29754748416258,0.9361903071403503
CONTROL02_IZDA,31.0,1.5291324393115473,0.6580103703703624,0.6657777777777696,0.07116677182465164,0.10466941908472441,8.304426676356453,12.187421688774187,3.610372865462935,0.06329445932603713,-0.4287674648547211,-0.08843321402563453,3.199999999999966,0.76190476190476,1.2072198125244926,1.2117889734811031,1.3016803336335379,0.03790511996371986,0.0541277439421754,0.005636587555080563,1.235910953487614,1.012330092629942,1.2373958388089916,0.030176026284498985,37.31541273048123,0.0,0.0,0.0,0.0,1.1,1.5020026702269877,0.888269110716484,0.4388229759307031,-10.251357699733884,2.193548387096774,0.14035346089374623,1.0,20.272933333333086,109.35292323673762,0.8872890472412109
CONTROL03_DCHA,28.0,1.4730674173854872,0.6929020576131604,0.6657777777777696,0.13272637864036665,-0.3284971256501494,11.275413325316672,13.804081227719566,4.533979907995565,0.16352302161592064,-0.38258315223672895,-0.055714387521363706,2.5000000000000044,0.7142857142857146,1.537230470571735,1.5041902464480166,1.8331645832348407,0.08916404844365272,-0.566604936435328,-0.11498585320584531,1.546182964344553,0.9273488708811058,1.7218918660628724,0.18466139549113728,33.00851223070349,0.0,0.0,0.0,0.0,1.35,1.5020026702269877,0.8106672494634687,0.5282450357564276,-9.592945897226908,2.8214285714285716,0.2451546036546111,1.0,19.00795555555532,91.40286164479255,0.9351295828819275
CONTROL03_IZDA,28.0,1.4136495719783415,0.7113958847736539,0.6990666666666581,0.1570921205355239,-0.39708991182128095,8.738545729533866,9.444014891531157,3.049044314327752,0.11887260695965654,-0.8136718599278576,-0.13500042245103272,2.142857142857143,0.681159420289855,1.1166752152843589,1.0807529177815263,1.6129058470454172,0.13696468646444038,-1.4631655333454079,-0.2358012959582485,1.3526255999022436,0.7274163375057533,1.1618618025936365,0.04518658730927768,33.92885526383324,0.0,0.0,0.0,0.0,1.2857142857142858,1.5020026702269877,0.7809490075838911,0.5101090396238054,-9.13708915876248,2.142857142857143,0.1918983711698543,1.0,19.806888888888643,89.17611570286246,0.9275793433189392
CONTROL04_DCHA,21.0,1.0783608914450167,0.9287599999999886,0.9320888888888774,0.08624522878506068,0.20481310803891375,11.229953543301288,15.338217405506517,3.5340884317173353,0.056015420885488644,-0.6121930426403633,-0.09023059237589526,3.6,0.782608695652174,1.6053184668785487,1.6045845473158695,1.7650988834440355,0.04880879928733013,-0.08157315322333385,-0.02245679684545232,1.5983210482837131,0.9750580026727196,1.6827392086543798,0.07742074177583114,50.5041688741495,0.0,0.0,0.0,0.0,1.2142857142857142,1.0013351134846584,0.832542887183464,0.44196297731725637,-10.984339558003098,2.0,0.10906408421473164,1.0,19.473999999999762,91.16564963527924,0.9400482177734375
CONTROL04_IZDA,22.0,1.1201375845760584,0.879777777777767,0.8987999999999907,0.22417774436029944,-0.04914004914004613,12.224597859477337,14.125372379047123,4.137885817548188,0.06545580378642422,0.11166297980073453,0.009922777022836948,1.873015873015873,0.6519230769230769,1.5426909631723156,1.5285790358998748,1.7660805569053086,0.05981881297705196,0.16715740387707723,0.020173185118365522,1.4989640924175383,1.0261563204130781,1.6324857405092787,0.08979477733696331,48.426983850555736,0.0,0.0,0.0,0.0,1.4444444444444415,1.0013351134846584,0.7198332907890269,0.5344356049266313,-8.548206639041133,3.409090909090909,0.13444276657645376,1.0,19.640444444444206,87.72511023176875,0.9514895677566528
CONTROL05_DCHA,21.0,1.0461710140883933,0.9470688888889278,0.9653777777778174,0.15178471418661796,-0.00264281089366994,13.215085246938722,13.683590124436526,3.4345036780304343,0.10578843179662725,1.1844642759039419,0.21129800160736356,1.7272727272727273,0.6333333333333333,1.667480691689135,1.7019146610776275,1.8438029477384543,0.07171191674687116,0.5786223677002902,0.07404013644367646,1.519402854402525,1.1209099889778262,1.7622596545963727,0.09477896290723811,53.278917245743095,0.0,0.0,0.0,0.0,1.2413793103448276,1.0013351134846051,0.7330594998253687,0.5046573282174416,-10.24412744635283,2.2857142857142856,0.08363890054685627,1.0,20.073200000000824,101.78057872441721,0.9306443333625793
CONTROL05_IZDA,19.0,0.9827049672574704,1.0186697530864866,1.0482500000000687,0.17187804813861085,0.34050108724357114,12.240873028714223,13.7383390829767,3.272767392433102,0.10642148650510261,-1.2169742436483575,-0.1706617910500252,2.0,0.6666666666666666,1.6975332468732736,1.7159190020033859,1.9261974248829794,0.06781375456224563,-0.5818433794846991,-0.07826508587667846,1.7753503726619697,0.9083620678553185,1.9330442120123539,0.23551096513908032,62.133448695018934,0.0,0.0,0.0,0.0,1.2698412698412698,1.0016694490817373,0.7391065643531624,0.4848737893727637,-10.982029031582787,2.0,0.1476414816337076,1.0,19.334388888890157,134.90983224892412,0.7198925614356995
CONTROL06_DCHA,46.0,2.276511460640453,0.43941333333335136,0.4327555555555733,0.09118924285488783,0.3742963229129246,16.153780781784164,17.8615276245467,7.962239389632385,0.09966687542425834,-0.6589897558272589,-0.18700989691645098,1.4,0.5833333333333334,1.8564347904405967,1.9205804141844243,2.130015746446506,0.09478546263450592,-0.6285955951583129,-0.169350221661558,2.0617560614134716,0.787476444219163,2.012951492630238,0.15651670218964145,58.21193107440591,0.0,0.0,0.0,0.0,1.1538461538461537,2.2530040053403617,0.9034223183130161,0.43906500560548606,-6.107948236218352,2.0,0.11751647228464497,1.0,20.206355555556385,97.46754606431331,0.9647884368896484
CONTROL06_IZDA,33.0,1.6549612059262304,0.6085624999999926,0.5991999999999926,0.051594489821492645,0.3739629546081178,14.110405471552628,16.16108097944108,5.5897101904788205,0.08644046251280652,-0.7705116720913222,-0.1537829216084805,2.6,0.7222222222222222,1.718713069324675,1.719634639645926,1.8698982122316796,0.041424419125060785,-0.13050836757248058,-0.0269881157230627,1.7586637597167425,0.9556227801282693,1.8268102352846591,0.10809716595998432,52.02010787989319,0.0,0.0,0.0,0.0,1.111111111111114,1.7523364485981523,0.8976356492474524,0.39613471215301843,-7.520208935140482,2.242424242424242,0.18507111490547093,1.0,19.940044444444197,92.31679513704049,0.9677406549453735
CONTROL07_DCHA,29.0,1.4666019338917498,0.6895555555555103,0.6824222222221774,0.08544490823009564,0.3487911216805397,14.816475085560059,20.168894580760654,6.171883837063425,0.057927718225055685,-0.059564513011592345,-0.020903519250106695,2.4,0.7058823529411765,2.144210072075394,2.144244329677213,2.4226509794350797,0.07031808616640316,0.3357171246481386,0.06911650166872807,1.9584590660261718,1.0470811592556466,2.2733478417904696,0.12913776971507532,60.18145432492847,0.0,0.0,0.0,0.0,1.2195121951219512,1.502002670227068,0.931117908867713,0.36938257969052146,-8.778152872584549,2.0,0.13881429719200314,1.0,19.7735999999987,88.64288900290613,0.9699369668960571
CONTROL07_IZDA,28.0,1.3925852571640203,0.7150946502057907,0.6990666666666954,0.04080055022827321,-0.15062523683213208,12.79952582654425,15.24464928382815,4.464492090548125,0.06758865757736271,-0.6957825715849071,-0.1269811678109437,2.35,0.7008928571428572,1.6187652417590446,1.628362663317244,1.7195855039174526,0.03219453922289253,-0.28543110570386143,-0.055302755231011025,1.666779423786045,0.9321303708173537,1.728020503839302,0.10925526208025722,48.47651819265747,0.0,0.0,0.0,0.0,1.0952380952380953,1.5020026702269078,0.9107329464011338,0.36145079611394226,-8.424153022705402,2.107142857142857,0.1219067122540033,1.0,20.106488888889714,100.65455179160156,0.8965604901313782
CONTROL08_DCHA,28.0,1.39489468545134,0.7224921810699114,0.7323555555555075,0.12465516974573156,-0.22503094175449143,10.77670245458658,17.277193490563654,5.1782704467356595,0.07833055029072492,0.051254866956608636,0.026685682149639067,3.0,0.75,1.8917926562754352,1.9058753041714125,2.0918236501010705,0.07877755524205741,0.09782738201264371,0.03771810403880704,2.004907815385286,0.9637709198664943,2.0148157486099163,0.12302309233448028,57.83622926876672,0.0,0.0,0.0,0.0,1.4545454545454546,1.25166889185589,0.738452519310803,0.5409488905998421,-10.136086445285272,2.107142857142857,0.11115409324802197,1.0,20.073199999998682,118.11958220705148,0.9062584042549133
CONTROL08_IZDA,28.0,1.512808444832897,0.6620790123456884,0.6657777777777873,0.08018268209166084,0.672232795137822,8.564677966215458,12.627774816393911,4.223016187823129,0.10610791179759091,-0.5040731870271478,-0.10402394764499345,2.6,0.7222222222222222,1.4603795371927244,1.4368882067869304,1.9291555143954622,0.1317798448831121,0.48016013048834916,0.09669335246447641,1.3956326537006913,1.2196338117902557,1.5820454250424232,0.12166588784969916,45.04887329644855,0.0,0.0,0.0,0.0,1.1500000000000012,1.5020026702269478,0.8275069701658889,0.4953880945159804,-7.821408738894448,2.142857142857143,0.08957047381674564,1.0,18.50862222222249,109.35336340584836,0.8788849711418152
CONTROL09_DCHA,26.0,1.3237989635898875,0.7576551111111018,0.765644444444435,0.11676263790420414,-0.2163039069893196,8.375728272535811,10.525716011095918,3.274198888430143,0.21297264547633413,-2.6217685873892926,-0.38246004332754624,1.6111111111111112,0.6168478260869565,1.2738084938559946,1.2208691762314081,1.856136453358293,0.2785588041398844,-3.583672387771537,-0.4701346169681041,1.7369773894585923,0.46901641999824883,1.4470328096433063,0.1732243157873114,34.62288448828162,0.0,0.0,0.0,0.0,1.173913043478261,1.251668891855823,0.9023377366045137,0.38576855173130137,-7.262385727718296,2.076923076923077,0.2506938212481666,1.0,19.640444444444203,75.80147524395676,0.9573432207107544
CONTROL09_IZDA,26.0,1.3171018356121806,0.7629813333333341,0.7656444444444439,0.07292349883342461,0.0805477245267796,8.455672841655417,11.406359274358056,4.068346152105095,0.10892904439926196,-1.0228248954827444,-0.1628044147503228,1.6904761904761894,0.6282894736842104,1.6053309698873892,1.5948245772687288,1.7807435629618154,0.06959305627068293,-0.6833332915547117,-0.1159010611066158,1.702573917851725,0.8788443561138382,1.7221768217289166,0.1168458518415277,44.76638749149614,0.0,0.0,0.0,0.0,1.1739130434782612,1.2516688918558063,0.8948380193510127,0.40598437684991645,-7.06889010499039,2.0384615384615383,0.11187025379024282,1.0,19.740311111111133,96.93146940014853,0.9042649865150452
CONTROL1000_DCHA,24.0,1.2076403378709448,0.830774879227043,0.832222222222212,0.19682556435538115,0.29695913842255395,9.56966190376828,11.359649384915436,3.592342642218409,0.09319403103273904,-0.6574689669813613,-0.08688821051767448,1.3409090909090908,0.5708333333333333,1.3439605155631005,1.3351698666662855,1.554512331998408,0.09436290226260961,0.08581553465536197,0.019006866262704314,1.3790366110518437,1.0282320119487829,1.4412539002923221,0.09729338472922178,42.7026022228186,0.0,0.0,0.0,0.0,1.4,1.251668891855823,0.7932108061006663,0.521851932864747,-10.215032409597388,3.7083333333333335,0.2392991327089709,1.0,19.873466666666424,66.04011205809296,0.9282575845718384
CONTROL1000_IZDA,24.0,1.2345227426523186,0.8003806763284926,0.7989333333333235,0.21506066903896556,0.20549071181982467,10.094639373766421,9.040889923964993,3.018416126982595,0.15315046822789954,-0.865510402679691,-0.10584645863423048,1.0833333333333333,0.52,1.2238376600262073,1.2068894655614437,1.3775205736126372,0.06247780861142177,-0.34335635511592105,-0.04970639191373449,1.2791411227247613,0.9119608778320913,1.297977448054245,0.07413978802803761,35.060883875512424,0.0,0.0,0.0,0.0,1.4583333333333333,1.251668891855823,0.8477712314245954,0.46393252944710434,-9.969665955262396,2.2916666666666665,0.19209637381841055,1.0,19.440711111110872,92.36461250633401,0.953628659248352
CONTROL1001_DCHA,33.0,1.7240378475647984,0.5835958333333573,0.5992000000000246,0.08672339433276392,0.10141086559924177,9.280611371775636,10.073526392907583,4.095745327850519,0.13198907000226245,-1.0974627952162304,-0.22428721255747563,1.2857142857142858,0.5625,1.2496272057730122,1.2186020804856423,1.4931101269154317,0.10389590538650086,-0.6831964191186081,-0.152221345569568,1.4479496424450673,0.836258122119231,1.3674008171995788,0.11777361142656691,38.5189745048627,0.0,0.0,0.0,0.0,1.1111111111111112,1.752336448598059,0.9184970845634381,0.40676502906146594,-7.063981191063754,2.121212121212121,0.15416751361697004,0.995049504950495,19.141111111111897,84.37892897428672,0.895267903804779
CONTROL1001_IZDA,35.0,1.747097876305449,0.5755098039215757,0.5657222222222291,0.061975738633634765,0.2420708543157517,12.283847548614192,14.06639634399815,5.463305953516558,0.1801725425657056,-1.4515530081007586,-0.3094088106980868,1.3333333333333333,0.5714285714285714,1.596645070600824,1.6737099863437634,1.9412692521078232,0.1561322538717165,-1.1232549882973009,-0.26832290211891274,1.7123363417797273,0.7042327932672008,1.7041490063675477,0.10750393576672346,28.08082671537886,0.0,0.0,0.0,0.0,1.1764705882352942,1.7529215358931338,0.8935119346348527,0.43047919124995393,-5.987297272623767,2.2857142857142856,0.24550853745045326,1.0,20.033222222222467,101.26313518516147,0.9877362251281738
CONTROL1002_DCHA,38.0,1.8962159956353999,0.5290234234234169,0.4993333333333272,0.17664166221222846,-0.5325814536340849,6.99749435342095,8.619021187612502,3.186827216510576,0.12278020418259993,-0.8960008296915731,-0.2054018365228074,2.2,0.6875,0.8594335465090097,0.8750890054455325,1.0565481720015468,0.13951839769073127,-1.022769122085017,-0.22574810927048472,1.0254577163824141,0.7159278941718865,0.9396153270260889,0.08018178051707921,26.238701365215707,0.0,0.0,0.0,0.0,1.8666666666666667,2.002670226969317,0.684195194394212,0.5892846976198819,-8.440232031039969,2.263157894736842,0.15945747190675644,1.0,20.039911111110865,73.18737116780738,0.9356706738471985
CONTROL1002_IZDA,46.0,2.2840371183617,0.4416325925925872,0.39946666666666175,0.2509545927474124,1.01793552743957,8.243391992598113,9.967423415435036,4.579780213225777,0.17624946550568651,-1.0980413629017038,-0.290387519272312,1.4,0.5833333333333334,1.0161797203235947,1.0284673591838,1.331979434054941,0.16463055946106578,-0.7380482950189369,-0.20719818974546067,1.1998680592589834,0.7896727035832093,1.13454316823325,0.11836344790965547,32.05234772436542,1.0,0.022222222222222223,0.0,0.0,2.25,2.503337783711646,0.5952240774689556,0.6806853178363953,-6.755887438436545,2.0869565217391304,0.14447119767000827,1.0,20.13977777777753,76.06262951243374,0.9161852598190308
CONTROL101_DCHA,54.0,2.6401005193827367,0.38025408805031474,0.36703333333333354,0.08580568556192028,-0.010613007301746772,13.00996641362401,14.302433301860564,6.9021945089619985,0.0696182999144242,-0.27800333825072776,-0.10377294456717912,1.2250000000000052,0.5505050505050516,1.455660918486215,1.4606020128915105,1.7552498405389383,0.12613472759476765,-0.5084446289537365,-0.1756825170094306,1.6938771636424481,0.7611609323595374,1.5392713823731046,0.08361046388688974,42.510650522162315,0.0,0.0,0.0,0.0,1.2727272727272734,2.5184899134478957,0.8062679062519406,0.5005207141516929,-8.110765606390313,1.9814814814814814,0.2583812587794632,1.0,20.453766666666677,98.08827924744719,0.9101045727729797
CONTROL101_IZDA,48.0,2.4300024300024248,0.41033900709219945,0.4004000000000012,0.09623483726763582,0.08556491650368606,13.941521629182418,16.27364104489794,7.569807177937548,0.13547211612660184,-0.5134561124959197,-0.14350061533258363,1.3999999999999972,0.5833333333333329,1.6924658984704999,1.7916330237981035,2.075500974668828,0.15540083671896845,-0.7006363592460141,-0.184353729848595,1.9792644864686153,0.6162229736233212,1.7713075482028273,0.07884164973232727,50.625544926544706,0.0,0.0,0.0,0.0,1.2499999999999978,2.5184899134478913,0.7830189861887128,0.5009037128152463,-6.22633091958258,2.0208333333333335,0.2958717612748612,1.0,19.753066666666708,113.04301700020308,0.8157318234443665
CONTROL102_DCHA,29.0,1.503686624793887,0.6685250000000019,0.6673333333333353,0.07945771510881515,-0.06693029005402144,16.555803006627414,17.576194246496996,5.982945170499044,0.04348546948323869,0.2941666988246697,0.04716866341136394,1.0000000000000049,0.5000000000000012,2.052560823486081,2.0763497193144365,2.1956391435240947,0.043213114605347346,0.37086899302724635,0.07636363962415893,1.921355682641743,1.096605480985474,2.1378780271765776,0.08531720369049682,55.33049163557401,0.0,0.0,0.0,0.0,1.2,1.5110939480687333,0.9309038138302423,0.37131709021327935,-9.03982613712174,2.0,0.4312592007323034,1.0,19.28593333333339,85.94435894284088,0.9698739647865295
CONTROL102_IZDA,22.0,1.1194238698483148,0.8834222222222249,0.8675333333333377,0.05543537772454126,-0.4218443427076505,15.709896806262053,17.36549765930751,4.634397276042296,0.07368851155301492,0.3716635831161015,0.05083973707065259,0.9722222222222199,0.4928571428571422,1.9912706593408855,1.9553677142165498,2.236265904680744,0.08250941362290279,0.4814085022422675,0.05777393889017968,1.8011818554616401,1.0619349592080358,2.151367064484597,0.16009640514371148,58.95421212963217,0.0,0.0,0.0,0.0,1.1153846153846132,1.2592449567239443,0.908210058403527,0.3643427427192958,-8.399756407078339,2.0,0.2262199711031788,1.0,19.652966666666725,113.39401918514696,0.9173226952552795
CONTROL103_DCHA,44.0,2.19269102990034,0.4550387596899209,0.4333333333333318,0.1357955392393842,-0.06858558817673097,21.918535149463175,24.4167066502913,10.292939510503672,0.05224220442766807,-0.15778735075335795,-0.0579070227769134,1.6,0.6153846153846154,2.473755408760555,2.4962211404169046,2.6887475320676346,0.05957289355540068,-0.1826567824910702,-0.06573310789239495,2.555766871274304,0.9544342602155934,2.497191186374748,0.02343577761419313,90.9995583496267,0.0,0.0,0.0,0.0,1.5384615384615385,2.250000000000008,0.8988777111914872,0.4332816983214289,-6.788585137001026,2.0454545454545454,0.11200016844222645,1.0,20.066666666666595,150.81907193193112,0.8546372652053833
CONTROL103_IZDA,43.0,2.2513089005235685,0.44365079365079213,0.4333333333333318,0.08277449231670335,0.3171939195366503,20.033469660894262,21.027733278922973,9.608776354715872,0.03761611548136406,0.038523577401622586,0.001743339969319413,1.1666666666666667,0.5384615384615384,2.289280948966882,2.2717773163618915,2.413816081134453,0.025884144183897013,-0.010011594119321728,-0.004964585294193413,2.2483375992557013,1.0316617980996732,2.299207468649291,0.009926519682408838,90.03035263212206,0.0,0.0,0.0,0.0,1.2307692307692308,2.250000000000008,0.9578639203716511,0.35048078775438135,-5.212125164780867,2.0,0.15182737151901157,1.0,19.09999999999993,170.39110051704003,0.8574486374855042
CONTROL104_DCHA,13.0,0.6289382554649976,1.540001851851964,1.5261777777778889,0.12910173348902548,-0.09792720744246713,9.286637744552566,8.485231889354463,2.5323967415150075,0.13781483441235307,0.5968472624939423,-0.004584981071365957,0.8461538461538461,0.4583333333333333,1.6563657084278454,1.7397935107839753,1.8379472264873689,0.12292911366273739,0.9193251905700452,0.06250662833792608,1.593912766247941,1.0338307535339015,1.8232925303384693,0.16692682191062383,51.87194823231031,0.0,0.0,2.0,1.4266444444445483,1.2173913043478262,0.7535164099128722,0.8853734533378347,0.3966964932976087,-8.634554824091381,4.3076923076923075,0.17931073789834895,0.9566517189835575,20.66975555555706,99.83427641322356,0.9003497958183289
CONTROL104_IZDA,12.0,0.5996132494540732,1.7047020202021024,1.759011111111196,0.08638183604893757,1.3451327433628337,8.279107916820161,7.971278582651338,1.9380701090500445,0.1302745291956622,-2.9213409448585717,-0.21676049660194863,1.4583333333333333,0.5932156646442361,1.5672282053051667,1.5599148764555535,1.6459012454491813,0.03141983172565233,-0.6990139697346862,-0.05139139473766341,1.6149455305932228,0.9447790802669569,1.6633585677674345,0.09613036246226749,49.03333049595685,0.0,0.0,8.0,4.646444444444668,1.0566037735849056,0.5021760964177863,0.9213910535014823,0.31073657633672375,-9.29934879426565,2.1666666666666665,0.12246987217124486,1.0,20.012900000000965,116.54283056909419,0.765026867389679
CONTROL105_DCHA,47.0,2.280147675947315,0.4386913043478334,0.43290000000000717,0.0953675463815174,0.5739297333988718,13.423928815934106,17.376297202516167,7.550230096088777,0.11400933666761602,-0.7594592196631225,-0.21511481326301318,1.8,0.6428571428571429,1.7860979763930338,1.7994626487751009,2.0446725189382837,0.08867136884610588,-0.5547324410610784,-0.16660202374578936,1.9366021737680295,0.7758819150735298,1.8627220148610053,0.07662403846797142,57.86092205423651,0.0,0.0,0.0,0.0,1.2307692307692308,2.252252252252215,0.8450143196860995,0.48362835402335874,-5.704137307744345,2.0,0.17222545054017852,1.0,20.61270000000034,116.40555398703957,0.8645152449607849
CONTROL105_IZDA,42.0,2.0408758272835605,0.48650487804878856,0.4662000000000077,0.08928041373703463,0.5318387789172427,9.808657951181944,14.404411180696744,5.613575260570485,0.183362891586894,-1.405882129356579,-0.3228794617536459,2.0,0.6666666666666666,1.4644003888734562,1.4797492654394073,2.003891024172689,0.1628451511369147,-1.0839248308529545,-0.2523482933095553,1.7316115813666049,0.6661836854482979,1.5549505144032902,0.09055012552983353,43.4744060385284,0.0,0.0,0.0,0.0,1.2142857142857142,2.002002002001969,0.8213712395313322,0.5045887961345108,-6.601147296137105,2.0,0.4750760060645819,1.0,20.57940000000034,103.13533993012777,0.8778599500656128
CONTROL106_DCHA,43.0,2.1245432506499906,0.4707999999999998,0.46604444444444404,0.0853121849112453,0.02864722093309894,12.509471340326584,16.230758088012195,6.579186691245311,0.14490550343329753,-0.9476507157039338,-0.25285866290295833,1.800000000000002,0.6428571428571431,1.642980491153204,1.645857341054119,1.887751774571508,0.09305256857869543,-0.6351123317920583,-0.17324742710537355,1.8467216651102667,0.7833473874494977,1.8209993355388348,0.17801884438563123,53.16895102021518,0.0,0.0,0.0,0.0,1.2857142857142863,2.2530040053404554,0.8750224807700453,0.445751429932571,-7.023369201865019,2.0232558139534884,0.22909923502946752,1.0,20.239644444444433,93.46489944278201,0.9700621962547302
CONTROL106_IZDA,46.0,2.1423914055950584,0.4682637037037035,0.46604444444444404,0.05486178626914779,0.07774010452765995,13.054140118603765,16.436528396655298,6.804389415271865,0.06465879175995211,-0.1833212387770163,-0.07740090298995383,1.800000000000002,0.6428571428571431,1.7025792930771368,1.7123089975300037,1.9339674280837917,0.0703544507652642,-0.22879747395200833,-0.09327831548819199,1.6881223859391674,0.9982099353955189,1.9067625534745172,0.20418326039738074,54.66352929438182,0.0,0.0,0.0,0.0,1.142857142857145,2.2530040053404554,0.9073981296812874,0.38196956451458225,-7.485205706421562,2.0,0.2267034175932747,1.0,21.47133333333332,102.42174148487054,0.9321170449256897
CONTROL107_DCHA,46.0,2.203895465085851,0.4423723456790069,0.43275555555555023,0.09198844508010057,-0.25480190886618065,15.503727101983046,18.141427134168385,8.063911510149852,0.0989581554331554,-0.3715124442738046,-0.09690728480414035,1.4,0.5833333333333334,1.9486263453328343,1.944560223403699,2.2161716092454715,0.0726734227620594,-0.19245356762573368,-0.04630273270991336,1.9803850486928325,0.9076713113076399,2.0706973517905487,0.12207100645771436,56.94917198737362,0.0,0.0,0.0,0.0,1.2307692307692308,2.2530040053404816,0.8855109636823696,0.4415826994273705,-5.865141267257124,2.0217391304347827,0.10462154778591555,1.0,20.87213333333308,108.10230280393858,0.9512618184089661
CONTROL107_IZDA,48.0,2.267173841852029,0.43346382978723413,0.43275555555555556,0.10447298930160612,-0.05239414606422322,13.945369978637023,17.330036542211,7.888068338096353,0.08434997120471256,-0.36939111387579215,-0.11680727472376529,1.5999999999999819,0.6153846153846128,1.8718535984277016,1.9164467862191363,2.107058857013662,0.07349430255265398,-0.17218243141109776,-0.06684593505616798,1.800489367931716,0.9496301468641132,1.957501508079748,0.08564790965204648,59.8514329547122,0.0,0.0,0.0,0.0,1.307692307692308,2.2530040053404536,0.8696825525880272,0.4588871811292361,-6.198464999812142,2.0208333333333335,0.14736737669639335,0.9680696661828737,21.171733333333336,124.97107692928314,0.8463829755783081
CONTROL108_DCHA,30.0,1.5025041736227096,0.6666666666666644,0.6666666666666643,0.09559252603882154,0.3423645320197043,10.633325191995828,16.9641326751017,5.027716616153289,0.07786233208858427,-0.46560540981296666,-0.09306138388506413,3.0,0.75,1.721742604346637,1.7369030010422732,1.8390612771543158,0.053319172489669234,-0.20363843002181164,-0.04582296567790822,1.6713284282276644,0.970601086407891,1.7492153941803046,0.02747278983366685,58.74094770570297,0.0,0.0,0.0,0.0,1.2,1.5000000000000053,0.895180425910494,0.4201929594900857,-8.653608581647479,2.1333333333333333,0.43105187477482976,1.0,19.966666666666598,118.96601558816543,0.7953589558601379
CONTROL108_IZDA,27.0,1.3344316309719981,0.7474358974358947,0.7333333333333307,0.1818586317022879,0.5778540118162752,7.965074589831972,9.489085700847001,3.346901906877438,0.22577873283441321,-2.419126703684843,-0.35545765865076095,1.8888888888888717,0.6538461538461517,1.2330761519861289,1.1766667499315444,1.5567298030018275,0.10486791485251172,-0.8382569485773811,-0.14953791236646174,1.4202514669394306,0.8504260631488468,1.3616177769756905,0.128541624989562,41.543220425186874,0.0,0.0,0.0,0.0,1.5909090909090908,1.5000000000000053,0.8451643683853018,0.47220211469051127,-7.610037725686006,2.259259259259259,0.43515301193993333,1.0,20.233333333333263,105.07312068043146,0.9012512564659119
CONTROL109_DCHA,35.0,1.718494271685767,0.5852941176470567,0.5833333333333313,0.08865071103785106,0.29846200700472175,8.081409655413305,10.553020466201401,3.472657053454431,0.15947686721145987,-1.4342004044768655,-0.27737498886983225,2.5999999999999615,0.7222222222222192,1.0477967236044192,1.0214055759598244,1.3099355514452526,0.13329262028847502,-1.1751528197915233,-0.23494020447981123,1.2855545704197695,0.6728351877365303,1.1264248696360486,0.07862814603162938,31.782876967877787,0.0,0.0,0.0,0.0,1.3142857142857143,1.7500000000000062,0.9141907501470518,0.39646985737387436,-7.598373072779335,2.2857142857142856,0.10017481555771156,1.0,20.366666666666596,73.71581743323486,0.9504756331443787
CONTROL109_IZDA,33.0,1.6638655462184933,0.5979166666666645,0.5999999999999979,0.22078058414551754,0.24318718260496536,9.05799376395634,11.783397259613858,3.869420201553722,0.18078874510942933,0.7883375154995663,0.21278117118214257,2.4,0.7058823529411765,1.1872151599313705,1.1661776415918985,1.4746803605002454,0.16231046176259822,0.6805830962769958,0.18487702635527348,1.1969400599613866,1.067972216506815,1.2837719098231453,0.09655674989177485,35.40883777980083,0.0,0.0,0.0,0.0,1.9444444444444444,1.7500000000000062,0.8169665295303024,0.5162489708500257,-8.39105945902154,2.272727272727273,0.1631783627322354,1.0,19.833333333333265,73.3540456805523,0.8912230134010315
CONTROL10_DCHA,19.0,1.008411686724779,0.9986666666667077,0.9653777777778174,0.1457208560956,0.4815961472308253,11.68948949905228,11.61333425864063,2.864457931859892,0.07643600924620474,-0.44707288016377783,-0.043456664500236,1.1538461538461537,0.5357142857142857,1.4077296280890625,1.3953245338106228,1.662963033056004,0.07628532182858054,-1.0624717327479887,-0.1125535163270952,1.5241680952691072,0.8696092264430706,1.6124604200544501,0.20473079196538732,45.7019304488267,0.0,0.0,0.0,0.0,1.3103448275862069,1.0013351134846051,0.8681749204388228,0.4359648584867301,-11.582321080231246,2.0,0.13385221829081087,1.0,18.841511111111885,108.2550379233245,0.9038512110710144
CONTROL10_IZDA,19.0,1.01019648617035,1.0116123456790134,0.9820222222222232,0.21554387951351195,-0.037355459840050245,8.034210894757228,10.281170926045224,2.249950154041213,0.14191395135937881,-0.634487362265155,-0.0879251946950953,2.0000000000000235,0.6666666666666693,1.0895916653753035,1.091169238534702,1.3270202334540544,0.1257464201780191,-0.9270980875948989,-0.12338234209527577,1.064692578049104,0.8816377950842846,1.242606135582428,0.15301447020712464,28.949416835658788,0.0,0.0,0.0,0.0,1.5932203389830508,1.001335113484645,0.867771888633442,0.4361973090963057,-11.35831858700278,2.0,0.22974520285183422,1.0,18.80822222222224,76.66438320741908,0.9707977175712585
CONTROL110_DCHA,24.0,1.2332878082648624,0.8113236714975799,0.7997333333333287,0.15911906721389604,0.2678571428571393,10.719849101978559,11.276992932492726,3.483294674057704,0.12397357430587089,-1.0364034028408822,-0.12830322761312662,1.7638888888888808,0.6381818181818171,1.4373457317360199,1.4320683863055899,1.6648949030370424,0.05708867836701558,-0.35840138987317294,-0.0562593306065039,1.4899819371436522,0.9395306313662115,1.5412282041971335,0.10388247246111354,43.85057120163332,0.0,0.0,0.0,0.0,1.2916666666666667,1.2504168056018745,0.8420177045067626,0.4481471452933259,-8.628640148090911,2.1666666666666665,0.290660236696627,1.0,19.460177777777666,113.28988687876092,0.9008442759513855
CONTROL110_IZDA,21.0,1.0556282579955523,0.9530155555555501,0.9496833333333279,0.1787667556806182,1.0200325989799663,10.973297794085836,11.169457547097622,2.893142868686945,0.12559059164310693,-1.935616655503512,-0.24404220215664274,1.555555555555551,0.6086956521739123,1.3553939024995632,1.3936720848730424,1.7379178396527206,0.13544531977890067,-2.0592501336725846,-0.25061553218966603,1.5716228271448816,0.7287016684945599,1.452121864126309,0.09672796162674542,36.38894724493484,0.0,0.0,1.0,0.5331555555555525,1.4035087719298245,1.0003334444814995,0.8290269237370756,0.46534054136215963,-9.516776126481002,2.0476190476190474,0.1599467539650963,1.0,19.89336666666655,106.65651340209482,0.9654698371887207
CONTROL11_DCHA,20.0,1.0430574098798386,0.9583695906432761,0.9653777777777801,0.14675416629169652,0.09750152346130225,8.555294234324936,11.262236739129383,2.550463253689181,0.07589251715330224,-0.6897145893372532,-0.0953731525724002,2.222222222222224,0.6896551724137933,1.191660715700266,1.1964133496130331,1.3103083641896307,0.0549548433802335,-0.5539698215731536,-0.08521354519582436,1.2464451814058926,0.920022062960735,1.195656036316206,0.003995320615940273,34.252872406274875,0.0,0.0,0.0,0.0,1.310344827586205,1.001335113484645,0.9021850395483281,0.3997224909521792,-11.386259263205512,2.05,0.12590411595349194,1.0,19.17440000000002,92.24945348044568,0.7484791874885559
CONTROL11_IZDA,22.0,1.1489750620185826,0.8816571428571104,0.8990999999999669,0.11338070152859343,0.4218443427076529,8.90706013696889,11.859031696435009,3.1980646193933806,0.153925820892923,-2.0585408977299253,-0.27923322479061097,2.0,0.6666666666666666,1.3641905008706077,1.3816425243841106,1.5509478948832605,0.08182896835173448,-0.8057257778993248,-0.11052715788900835,1.4273530851061078,0.8616798255353031,1.4065259268228285,0.04233542595222113,41.31084143416614,0.0,0.0,0.0,0.0,1.1481481481481481,1.2512512512512972,0.8986808379167908,0.3958795888697967,-9.368622197618457,2.0,0.0939422003259009,1.0,19.147499999999294,93.12442363492423,0.7804974317550659
CONTROL12_DCHA,33.0,1.6494538475038467,0.6044013888888815,0.5991999999999926,0.06474438166541834,-0.2796270965722926,10.29139122121702,15.037676081034155,5.3290546702593184,0.06620460383291456,-0.5124245444433714,-0.11580265944988422,2.1666666666666665,0.6842105263157895,1.7059427654181845,1.6851878210954783,1.9164302361588572,0.05902482114237623,-0.5047245203908465,-0.11254288943425894,1.8683265683571366,0.8625025821443165,1.8057706070714585,0.09982784165327407,47.5932571007343,0.0,0.0,0.0,0.0,1.1666666666666667,1.7523364485981523,0.9043525491285636,0.39226973974927065,-7.514943782871446,2.0,0.08841033571490399,1.0,20.006622222221978,97.05338282786713,0.9507299661636353
CONTROL12_IZDA,35.0,1.7972681524083614,0.5541620915032611,0.5326222222222157,0.08354480860450102,0.051397365885000997,12.064005571147064,14.308801807381041,5.767164272709518,0.11473612424987978,-1.013835807969109,-0.21152102725318467,1.5,0.6,1.7044797199578616,1.671739578918877,1.9326677215581776,0.07712308052343965,-0.6443226607904976,-0.13244198023115905,1.8961234086528331,0.8452294170904154,1.7531339849595853,0.0486542650017237,52.60107739473012,0.0,0.0,0.0,0.0,1.25,1.7523364485981523,0.8930290034531118,0.4194518173530769,-7.0524643279628805,2.0285714285714285,0.15652109536202372,1.0,19.473999999999762,108.49335490181566,0.8704906702041626
CONTROL13_DCHA,58.0,2.9233609017839925,0.3428171539961063,0.3328888888888937,0.15430312605416366,0.8175913260210964,11.3254539368933,13.40610542888834,7.007261788333272,0.11744742931779663,-0.6273557436750766,-0.2265863064885646,1.25,0.5555555555555556,1.3233296261200342,1.3212753418728087,1.553190456798525,0.08242835239406528,-0.21365617556630687,-0.08486810586437254,1.3945004726911239,0.805698858380748,1.459596878543543,0.1362672524235088,39.42819606698778,0.0,0.0,0.0,0.0,1.4,3.2543391188250532,0.5477985791704106,0.5838289902180839,-4.418328271372911,2.0,0.166011039045413,1.0,19.84017777777806,93.1879368962729,0.9120121002197266
CONTROL13_IZDA,53.0,2.6668724127983365,0.37514017094016633,0.3661777777777733,0.16702640687020015,0.7166856696957882,10.69800196565375,12.04283849646633,6.430433967699092,0.13704586927392817,-0.8256617436586312,-0.2550176395543008,1.0,0.5,1.2969612960522259,1.298923135541848,1.5966428041310858,0.11771361443554744,-0.49031683914595825,-0.15536604081540561,1.4309191402875894,0.7709085099542581,1.349662499663699,0.05270120361147278,39.10032375090705,0.0,0.0,0.0,0.0,1.8181818181818181,3.0040053404539755,0.5650971394490475,0.578050233318565,-5.534428404636545,2.018867924528302,0.2180098262765506,1.0,19.873466666666424,104.70365261423782,0.872962236404419
CONTROL14_DCHA,31.0,1.5837443121441028,0.6335985185185108,0.6324888888888811,0.0819382666570196,-0.30272982823881217,14.69806264063198,15.272562707252757,6.185544066600844,0.12251289520443218,-0.785410474965489,-0.14072402098701864,1.1428571428571517,0.5333333333333352,1.9938938317163046,1.9993134310423932,2.273597194784758,0.07246244575808482,-0.27851870898319653,-0.052380023888697114,2.046531494142857,0.9295851624309569,2.0497103026669388,0.05581647095063403,51.957982008198556,0.0,0.0,0.0,0.0,1.2105263157894737,1.5020026702269877,0.9357688393839658,0.38197102512188424,-6.914155324981776,2.096774193548387,0.19978853649031003,1.0,19.573866666666426,106.32447308562253,0.915840208530426
CONTROL14_IZDA,32.0,1.6128887733980863,0.6196028673835132,0.63248888888889,0.08036064554155715,0.2621317157712281,15.116957315592579,17.87855263834512,6.690627925460097,0.1466122567100651,-0.8599296171158686,-0.1805885377685167,1.3333333333333333,0.5714285714285714,2.131630383251773,2.1522635713892173,2.310904504292631,0.057560706582167845,-0.3083964839212858,-0.061249636560296805,2.2167666369629235,0.9193472620957834,2.2185198463829585,0.08688946313118533,62.538055036453336,0.0,0.0,0.0,0.0,1.1052631578947354,1.5020026702269678,0.9180052037153903,0.35241053697888475,-8.013169082273048,2.15625,0.10388234314442692,1.0,19.840177777777797,109.98843966660087,0.9665197134017944
CONTROL15_DCHA,31.0,1.5469130490709841,0.6413659259259181,0.5991999999999926,0.17262933817669776,-1.3371258337791716,8.548689125329092,12.306727936818772,4.189834237723951,0.06168116961075667,-0.16921845326643611,-0.0411787441280127,2.1666666666666665,0.6842105263157895,1.4024482526136448,1.3927160343510143,1.681090229555304,0.06733414895124307,-0.4804543627703861,-0.08555552571041558,1.5133182206268445,0.8553283039541953,1.6191909027843039,0.21674265017065886,40.56993640694712,0.0,0.0,0.0,0.0,1.8333333333333333,1.5020026702269877,0.7936164299296866,0.5082769219281462,-6.537634448737297,1.967741935483871,0.1325224967463827,1.0,20.039911111110865,78.83915120490438,0.8862890005111694
CONTROL15_IZDA,34.0,1.7108238119838155,0.5840686868686875,0.565911111111113,0.07167009990067842,-0.24573300822919913,9.509460230225953,11.20793491705727,4.196258309135493,0.09865117100324398,-0.5432945627960424,-0.13516053511971016,1.83333333333336,0.6470588235294151,1.2925343538784975,1.3177628599661535,1.5151171643985994,0.07683106269425996,-0.40023516692190736,-0.10330062285908692,1.3240606786525977,0.9241081010440161,1.4472512731241443,0.15471691924564665,37.89814040547799,0.0,0.0,0.0,0.0,1.1764705882352913,1.752336448598129,0.9330906295769851,0.37043172983957884,-7.4699849245996965,2.0,0.1075463404745903,1.0,19.87346666666669,81.26155885106692,0.9589482545852661
CONTROL16_DCHA,21.0,1.0820602427021035,0.9337533333333343,0.9154444444444454,0.15640632024970685,0.3886722152976011,10.743191425104138,10.632731201852879,2.907629034154419,0.08686299165725675,0.1758029807285839,0.020820545209021546,1.1111111111111127,0.5263157894736846,1.328331295867937,1.3266722403494282,1.4394025121834826,0.03958044826566329,-0.489554686148028,-0.0737630684449162,1.3675707294452297,0.9320406960125273,1.3935636734681682,0.06523237760023182,40.513907069143144,0.0,0.0,0.0,0.0,1.345454545454547,1.001335113484645,0.9015347373610942,0.4057203631816751,-10.731941121083889,2.0,0.10695952812669197,1.0,19.407422222222245,99.90501231036905,0.9166688919067383
CONTROL16_IZDA,21.0,1.0802073998207355,0.9287600000000259,0.9320888888889138,0.09408175446886528,-0.059288004958633206,10.449779204946102,9.947163581543311,3.1128494742339705,0.10495987448476848,-0.7414740756367036,-0.09939279549267765,1.0833333333333344,0.5200000000000002,1.426229197464532,1.431535833603952,1.4943840482687638,0.03534961868753802,0.1317758552469113,0.01707664159387745,1.39464272078326,1.0215517662072582,1.4495375823321321,0.023308384867599993,47.1121398439604,0.0,0.0,0.0,0.0,1.1785714285714302,1.0013351134846185,0.9224487864147944,0.3749441196125104,-8.879740516003409,2.1904761904761907,0.09590887618409803,1.0,19.44071111111165,107.99926011524983,0.7931343913078308
CONTROL17_DCHA,31.0,1.5703906501530056,0.63581777777777,0.615844444444436,0.2126067068507534,-0.6068406431811992,14.347872855137501,20.072856862888305,6.266302231456622,0.1065590800052487,-1.1236422831272501,-0.2078205169634605,2.79999999999997,0.7368421052631559,2.0565187269339673,2.047546533992878,2.231297981593375,0.04819333610708467,-0.44747945771466907,-0.08205796175023294,2.185479676719872,0.8761142386493923,2.0928915745302654,0.036372847596298184,63.233531324642485,1.0,0.03333333333333333,0.0,0.0,2.0000000000000027,1.7523364485981523,0.7626670791444161,0.5266909678985269,-7.883916980491678,2.0,0.09568231190841356,1.0,19.74031111111087,125.86771573866145,0.865160346031189
CONTROL17_IZDA,32.0,1.5920574025141045,0.6322777777777854,0.6322777777777855,0.08967818435479945,0.5432937181663823,10.849022298524652,15.632808529072495,4.696911956759171,0.08128585308495151,-0.8057740412687782,-0.16873539078212607,3.0,0.75,1.542151459687004,1.545651605095748,1.6335096778140767,0.04302265501727964,-0.301250558623385,-0.06399722236245742,1.6213850807048356,0.8968592514411436,1.5663022075307493,0.02415074784374511,49.796828060442515,0.0,0.0,0.0,0.0,1.263157894736842,1.502504173622686,0.8819099770002488,0.43552121036090924,-8.118286250074023,2.09375,0.12290792707069184,1.0,20.099777777778023,108.89605977829652,0.8472746014595032
CONTROL18_DCHA,30.0,1.5197328872448441,0.6600383141762372,0.6657777777777696,0.08989807292744416,-0.06211180124223752,9.889997592088893,14.072349301259798,4.382460140220988,0.07759993358281615,-0.3075632670758035,-0.06477802770292718,2.8999999999999786,0.7434210526315777,1.5113441840127917,1.533099656234441,1.6731432889715394,0.05828481346041348,-0.390053044346581,-0.07324707969053357,1.5502960559765957,0.898928583845957,1.5717217602639673,0.0603775762511757,43.457672720666906,0.0,0.0,0.0,0.0,1.2,1.5020026702269877,0.8562823339059629,0.4467936537986673,-10.11087928451694,2.066666666666667,0.10792155882038472,1.0,19.74031111111087,103.8316139722404,0.91574627161026
CONTROL18_IZDA,37.0,1.849387647201258,0.5464925925925932,0.5326222222222228,0.12465004221125547,0.5903220116418116,9.950148806400081,13.386833560866423,4.816441167597104,0.06399512588731349,-0.44012487980518794,-0.10266596384651427,2.2000000000000086,0.6875000000000009,1.3604690892700413,1.3662943256834048,1.4507720318943726,0.04159177278678463,-0.1698012687903576,-0.04340724087465153,1.3479653136047758,0.947728554889027,1.4001013083450755,0.03963221907503418,37.783695684266945,0.0,0.0,0.0,0.0,1.2500000000000033,1.752336448598129,0.7924205780085257,0.5437674017178065,-7.396656354349952,2.027027027027027,0.08228058621198174,1.0,20.006622222222244,106.91525332758555,0.9194729924201965
CONTROL19_DCHA,40.0,2.0127338964514676,0.49762621082623126,0.49933333333335383,0.08150671952327082,-0.09479100839577603,12.429282113451775,16.47940872405933,6.272725289558971,0.09320103301082319,-0.5667717260380859,-0.1359436252731051,2.1,0.6770833333333333,1.6566861342534929,1.7009228602851683,1.9228186571975798,0.09955696762975998,-0.5206490623592265,-0.11321921363836795,1.7742204879327095,0.7873160034079094,1.7019502139693217,0.04526407971582902,46.914329278469765,0.0,0.0,0.0,0.0,1.3333333333333333,2.0026702269692103,0.9193156623587285,0.39322810403837966,-7.410391930705536,2.025,0.22474264577139205,1.0,19.873466666667483,81.17066356596179,0.9634730815887451
CONTROL20_DCHA,44.0,2.1732258574364636,0.4631023255813783,0.46619999999998285,0.12388133229064985,0.1270468661773004,16.274310330373627,18.07341519848822,7.946604568059345,0.13937311814328043,-0.9597891460191572,-0.2530310316237304,1.3666666666666667,0.5773809523809523,1.9558375076778702,1.9561060064614397,2.3496854664884723,0.12557203996386634,-0.8709601389009664,-0.23590486300629476,2.2450242124679827,0.6988202522233459,2.0992330542578936,0.1433955465800232,57.61813776835283,0.0,0.0,0.0,0.0,1.2857142857142858,2.252252252252335,0.7359471742082838,0.5459632073000512,-6.247902225254919,1.9772727272727273,0.2514903739861241,1.0,20.246399999999255,115.7714283324463,0.9145644307136536
CONTROL20_IZDA,41.0,2.105371264249795,0.475198888888883,0.4993333333333272,0.11294274842302064,0.531637001672455,13.407821125708177,15.857895032625176,7.141364018406552,0.08753657173699604,-0.6064513746684864,-0.1457376510206384,1.5,0.6,1.808776006993852,1.8041665314213842,1.9496671280552698,0.04662381658380243,-0.1636287616873317,-0.03794469840056425,1.8703814027041468,0.9317935673495802,1.8971661164572966,0.08839010946344387,52.87108381559464,0.0,0.0,0.0,0.0,1.1333333333333333,2.002670226969317,0.8619949076964696,0.459314386581231,-6.5161442375381515,2.0,0.20214220411904882,1.0,19.473999999999762,103.30353349919058,0.8942084312438965
CONTROL21_DCHA,40.0,2.0127338964515746,0.491651282051276,0.4993333333333272,0.10563205378594648,0.22478070175438528,13.348765902233698,16.76199882728021,7.018015098412995,0.0951009310482379,-0.502784717406688,-0.12414727792180957,1.8,0.6428571428571429,1.842515488058368,1.825212608602386,2.153849318617361,0.0765222540481395,-0.09198071496370509,-0.015965523692748396,2.0288010530318585,0.912299727087844,2.0170377830082646,0.17452229494989635,58.708364094026194,0.0,0.0,0.0,0.0,1.2,2.002670226969317,0.8638451794530365,0.4735893007470372,-6.593745537109508,2.05,0.2799021549961325,1.0,19.873466666666424,110.04619944851588,0.8405168056488037
CONTROL21_IZDA,47.0,2.3453197840753623,0.4298608695652121,0.43275555555555023,0.16999199409244914,0.01719320868257298,13.116406608746844,14.5356818994066,6.76081146671392,0.10513854660509571,-0.5306572337625485,-0.14965077815979022,1.6,0.6153846153846154,1.5512436605131188,1.525395353104849,1.8102509040170403,0.08337791607981754,-0.3534603393018887,-0.10416755541079847,1.646244407520006,0.9062129304973545,1.6733881605870193,0.12214450007390044,52.627628654335446,0.0,0.0,0.0,0.0,1.3846153846153846,2.2530040053404816,0.7892051927991364,0.5371170685731157,-7.836701141287782,2.0425531914893615,0.15540556227316477,1.0,20.039911111110868,104.06838790501605,0.9117806553840637
CONTROL22_DCHA,29.0,1.4666019338916714,0.6859888888888805,0.6990666666666581,0.0455578489708663,-0.003984143110417799,12.531625088596899,14.720789464236347,5.6792706980694145,0.06943801140659463,-0.2237236186892112,-0.023650945154745084,1.3,0.5652173913043478,2.0031829987296588,2.0069024060938543,2.231385507437646,0.050889893808362785,0.373257185888838,0.08871779461576734,1.9333435248203616,1.0780761031128505,2.1249858464273688,0.12180284769771028,55.264167100928304,0.0,0.0,0.0,0.0,1.0476190476190477,1.5020026702269877,0.9485106903018203,0.3486666163088773,-7.292835678978741,2.0689655172413794,0.20726077870914078,1.0,19.77359999999976,104.70317818237876,0.8633341193199158
CONTROL22_IZDA,31.0,1.5500043055674968,0.646698148148156,0.6322777777777855,0.0804713832297763,0.5437717150941466,10.500873483681007,10.792381316040428,4.327077956418115,0.09745914552717953,-0.9087659379605141,-0.17442537100224265,1.3333333333333333,0.5714285714285714,1.4450890103123764,1.4411897727308676,1.543423678329699,0.034017353278600455,-0.2369995641835181,-0.039363633361991446,1.4982759328816928,0.93499395925233,1.6453855991797326,0.20029658886735618,51.63963957222403,0.0,0.0,0.0,0.0,1.2105263157894766,1.502504173622686,0.9394229015217391,0.3666312090867788,-6.399508765138974,2.0,0.09756319578845712,1.0,19.999944444444687,119.12443147431556,0.7749883532524109
CONTROL23_DCHA,28.0,1.423217420181223,0.7076971193415639,0.699066666666667,0.15658134960711717,0.8155607458743375,10.462987646646187,11.453918185573102,4.038168712206305,0.15616476967565598,-1.4988443230989255,-0.26465646316569635,1.2678571428571415,0.5590277777777775,1.4350556529972829,1.4244478264621496,1.7537263413449349,0.10167894677555706,-0.8083121861826853,-0.15059880538583226,1.6489312174440216,0.8183611758823242,1.5781915271412459,0.14313587414396314,45.69736778305675,0.0,0.0,0.0,0.0,1.2857142857142847,1.5020026702269693,0.7621584932814262,0.5521411676341966,-8.290194662493267,2.0,0.17940485569507603,1.0,19.67373333333333,90.1289302064519,0.9387280941009521
CONTROL23_IZDA,30.0,1.5070260905287503,0.6692214559386891,0.6657777777777696,0.18489897740256425,0.6959078657191861,7.360203395056198,8.592499942389985,2.932196090704836,0.15107288692800927,-0.9134891287459869,-0.17753178663660507,1.75,0.6360294117647058,0.9852966465050769,0.9651870714197316,1.2008611139022376,0.0898409706358286,-0.49785403969569025,-0.10647950533935613,1.0471620869494482,0.9106039916280917,1.1537649594032533,0.1684683128981764,30.57846245544056,0.0,0.0,0.0,0.0,1.4,1.5020026702269877,0.8183332163895624,0.5252055897097366,-8.597919107846186,2.033333333333333,0.12717025874815016,1.0,19.90675555555531,81.29950480594516,0.9176297187805176
CONTROL24_DCHA,31.0,1.5945918759258695,0.6225022222222311,0.5992000000000086,0.09679981449116203,0.12729533111656754,10.727664736934365,17.09371215686319,5.185530303989703,0.08624339413745026,-0.9049448020373944,-0.17605051333470123,3.0,0.75,1.7080868322645175,1.6986779737277036,1.9170311875384127,0.0584726181262554,-0.532439847967065,-0.10863682202523717,1.881871790554627,0.866383136935482,1.841305475911897,0.1332186436473799,46.765108474840474,0.0,0.0,0.0,0.0,1.2777777777777777,1.7523364485981057,0.8423034908303616,0.4525434930934223,-9.81568483554623,2.161290322580645,0.15603141243253812,1.0,19.440711111111387,88.73667799153847,0.9363608360290527
CONTROL24_IZDA,31.0,1.5598687697498874,0.6413659259259522,0.6324888888889149,0.058312455177691076,0.33024005911989596,15.54659217656394,20.890637549554484,6.646339068717907,0.08444948286390143,-0.7472401406469529,-0.1594358082194518,2.8,0.7368421052631579,2.152634997542352,2.122018970776435,2.4665786461886654,0.06412626835590876,-0.6225215880715093,-0.12247575084973517,2.3785338390997395,0.8615723361247,2.216503968172425,0.06386897063007227,67.72869091879458,0.0,0.0,0.0,0.0,1.1578947368421053,1.5020026702269078,0.91577473003124,0.3895152572497507,-7.794133008921763,2.032258064516129,0.12827410906199663,1.0,19.873466666667483,116.37654447933743,0.8258962035179138
CONTROL25_DCHA,18.0,0.9290738166352501,1.0887424836601174,1.0652444444444313,0.11807660116668972,-0.4421462829736219,10.313643846071395,13.158467486892752,3.1142285431476875,0.09664140471322445,0.40409127151636837,0.06146034779907805,1.6291208791208844,0.6196343402225764,1.671870402630953,1.664657618130132,1.819373976867965,0.03503453841360844,0.16490316510893543,0.009209882596725949,1.6727247292807266,1.024657683605716,1.8150507017781388,0.14318029914718605,49.22564394310308,0.0,0.0,1.0,0.5659111111111041,1.25,1.0013351134846584,0.8318095502634274,0.458501581830971,-10.898800614521,2.0555555555555554,0.11773265266460715,1.0,19.374133333333095,88.37516159488038,0.964465856552124
CONTROL25_IZDA,20.0,1.0183068950691443,0.9951625730994031,0.9986666666666544,0.1435264135365411,0.30516431924882587,8.910172387181214,8.325670991781614,2.368646224195217,0.1406236732432745,-1.4620954670287787,-0.1851058498403303,0.6157894736842113,0.3810483870967745,1.1406894724881156,1.1181402855768554,1.4069350881327032,0.11412812056377693,-1.2660274392045379,-0.18740781944488172,1.2997023705746578,0.8153210500911883,1.385338361601637,0.24464888911352153,33.684705615603875,0.0,0.0,1.0,0.5991999999999926,1.3,1.0013351134846584,0.8503850046845057,0.46448759078552176,-10.973515285768547,2.25,0.1685753971203491,1.0,19.640444444444203,81.61885057429153,0.9278412461280823
CONTROL995_DCHA,33.0,1.6830590192696295,0.5908777777777705,0.5825555555555493,0.12831596590344074,-0.5369460162735922,16.814315945994025,21.614041297863462,7.810522154458734,0.061956836135254795,0.09040456982832135,0.02361446523510513,2.0,0.6666666666666666,2.4189139987757207,2.437123150363245,2.6128227157548496,0.04452985476821483,0.28944654962169725,0.0684482959051651,2.2348191328369094,1.101824272411434,2.4929479419849336,0.07403394320921278,74.4664430058231,0.0,0.0,0.0,0.0,1.3142857142857123,1.7523364485981523,0.8082447108671644,0.5135413292923852,-7.502386301499734,2.0,0.1894584696852808,1.0,19.607155555555316,123.74663404647107,0.953740119934082
CONTROL995_IZDA,36.0,1.8549604160607738,0.5392799999999934,0.5326222222222157,0.09425318670820017,-0.10547428848082287,18.91627113844578,22.42711949526857,8.830940408752594,0.05824830251355686,0.2518480070294755,0.07550666300492104,1.6666666666666667,0.625,2.527695185467258,2.5603502949306014,2.857201237763841,0.07426891960942639,0.5443059149567706,0.14324457927907375,2.2170965168612833,1.2127913078683188,2.640034188581098,0.11233900311383967,76.90479933532824,0.0,0.0,0.0,0.0,1.3125,1.7523364485981523,0.8758023759027939,0.4319291469721541,-6.9171983833065465,2.0277777777777777,0.16000837402285256,1.0,19.407422222221985,141.20699508989642,0.916548490524292
CONTROL996_DCHA,32.0,1.6188597156877427,0.6161756272401507,0.5990000000000073,0.20061336822975318,-1.611498257839728,9.342453600616452,11.219996284061336,3.8357000909090155,0.04565588199347507,-0.1770704449723187,-0.044479305021210336,1.7333333333333334,0.6339285714285714,1.202662982005578,1.2124319434306092,1.313713427254077,0.037161306335087636,-0.07235924152584054,-0.02692184663204622,1.212979106929254,1.0097347117124003,1.289124590846043,0.08646160884046489,34.93674565046661,0.0,0.0,0.0,0.0,1.5555555555555556,1.502504173622686,0.6991129107889167,0.5727455671357636,-7.4904277121766185,2.03125,0.12757363576827846,1.0,19.76700000000024,70.68253590592803,0.9424538612365723
CONTROL996_IZDA,37.0,1.9229791971764203,0.5215259259259196,0.5326222222222157,0.09865551590952906,0.06243325392261765,10.219604196440622,11.773373418015325,4.625695935215647,0.22782086536876986,-1.9792546202527603,-0.405895006404535,1.6000000000000172,0.6153846153846179,1.2534285319952945,1.2683200994118997,1.6283095250753319,0.18123927129663553,-1.6029825103393098,-0.3376952855088887,1.5534841425428372,0.6308878087780078,1.3409402690961023,0.08751173710080791,35.903413440207316,0.0,0.0,0.0,0.0,1.25,2.002670226969317,0.8970821566983058,0.42482477484683556,-6.294707093696546,2.027027027027027,0.1752654199783904,1.0,19.24097777777754,80.11592614627406,0.8903256058692932
CONTROL997_DCHA,26.0,1.3283016811531185,0.7496657777777684,0.7323555555555465,0.10212757734611075,-0.34499248531220283,13.342778879954958,15.816714426362527,4.749813477366188,0.060000059659093885,-0.3601827971441425,-0.057846697129966373,1.5222222222222221,0.6031468531468531,1.791101588722377,1.7800785891529691,1.9440648079743028,0.04229025050402518,-0.39365105535561495,-0.06523547844324162,1.8686919696180735,0.9269082443868691,1.8589593387204226,0.06785774999804581,54.366139028331524,0.0,0.0,0.0,0.0,1.2272727272727273,1.251668891855823,0.8973811176442184,0.4050996297366366,-8.876017617914858,2.076923076923077,0.1875397047236997,1.0,19.573866666666426,120.25388235351676,0.8965025544166565
CONTROL997_IZDA,34.0,1.7429382521405319,0.5739811447811377,0.5659111111111041,0.1068737841512184,0.10661118577483696,12.42140534200419,15.235622121053302,5.715699400283495,0.10932895969142681,-0.8854690770247552,-0.18570256605002367,2.2,0.6875,1.7207180186792719,1.7630725346069451,1.8580289095711169,0.06962556681824703,-0.5373936369358255,-0.11888152644644023,1.8402801932156094,0.8659115195518391,1.7939575949708617,0.07323957629159014,58.39352105138374,0.0,0.0,0.0,0.0,1.2352941176470589,1.7523364485981523,0.852690282818771,0.4375312245310466,-8.175239199045523,2.2941176470588234,0.12047787174369336,1.0,19.50728888888865,107.14446937104918,0.895310640335083
CONTROL998_DCHA,34.0,1.731121721617545,0.5810424242424171,0.5991999999999926,0.10656950870293615,-0.2642463235294112,8.8435925550987,11.906067915931452,4.0783136933447235,0.16178425322215462,-1.4839712255024258,-0.3008771848275835,2.4,0.7058823529411765,1.2467834291550381,1.2445303277585327,1.7296150641188637,0.14228343258017112,-1.3250369254130945,-0.26846910493345855,1.5253007090682495,0.6940743469285172,1.3574404848041552,0.11065705564911717,39.39328267545094,0.0,0.0,0.0,0.0,1.2222222222222223,1.7523364485981523,0.8822272525290469,0.4390621671343818,-8.163571363390092,2.0,0.26359916485625345,1.0,19.640444444444206,73.27389835368669,0.9622141718864441
CONTROL998_IZDA,36.0,1.805412224646893,0.5602044444444076,0.565911111111074,0.08812182867477746,0.17310829255301544,9.207466028626689,10.26964640625719,3.842069593495412,0.124152380548805,-1.0430071064336435,-0.22591724007458758,1.7333333333333334,0.6339285714285714,1.1073523859311383,1.1067384349641047,1.324712045490322,0.0783532254452769,-0.5860707534392579,-0.13121965578528494,1.1687254140393488,0.8591844771417747,1.2104021031272607,0.10304971719612244,33.461822450642295,0.0,0.0,0.0,0.0,1.1764705882352942,1.7523364485982458,0.9199305705216108,0.3966193940189371,-8.539990122843632,1.9722222222222223,0.19775503659694274,1.0,19.940044444443135,72.3340508022848,0.9493005275726318
CONTROL999_DCHA,25.0,1.2948298881267135,0.7739666666666573,0.7822888888888793,0.059868434008924595,-0.08976157082748819,10.931410631531781,13.834085155417329,4.007602192032116,0.08310350478874928,-1.0836539574207424,-0.1761142288565818,1.6666666666666667,0.625,1.5944196839069753,1.620401635254663,1.7112122069725795,0.06206841625520615,-0.7018538182312793,-0.11496955924073193,1.6825085849003791,0.8953832809012087,1.7013690508201662,0.10694936691319072,45.8696681308971,0.0,0.0,0.0,0.0,1.1063829787234043,1.251668891855823,0.898282855345278,0.3922306405463732,-9.862092987960397,2.0,0.13502398649654068,1.0,19.307555555555318,101.31199368429847,0.919914722442627
CONTROL999_IZDA,26.0,1.3153235189962207,0.7627266666667167,0.7321111111111591,0.13625983452665363,0.17452006980802706,15.432614585428151,18.43921391798321,5.631821944838101,0.11009448057861339,-0.3256524107879269,-0.07367664566721077,1.4097222222222223,0.5849282296650717,2.176443062548563,2.2166699686595566,2.42547375613805,0.08620684256922086,-0.5236196719527272,-0.10331503489368221,2.2408745544804125,0.9163219862140344,2.2723760757690097,0.09593301322044663,90.19443349413437,0.0,0.0,0.0,0.0,1.4090909090909092,1.2520868113521715,0.9050652990475736,0.3828047532615187,-9.13779352745371,2.0384615384615383,0.21497471977457602,1.0,19.767000000001296,114.91477105343562,0.9299668073654175
ID01_DCHA,40.0,2.0127338964515746,0.49847977207976596,0.4993333333333272,0.053440022377832776,-0.12301730353280323,14.676876223162385,16.31921590507435,6.635155069115375,0.06835242924482855,0.18741338812878472,0.05808154702710633,1.3333333333333333,0.5714285714285714,1.7602430784734977,1.7632894705350024,1.9951099711538016,0.06607558718911732,0.16798317668374005,0.05306038841401706,1.7192440942251253,1.0335389938478263,1.9195049863168188,0.15926190784332078,52.32711228688449,0.0,0.0,0.0,0.0,1.1333333333333333,2.002670226969317,0.9331971015613175,0.3734281341815124,-7.69128914163788,2.1,0.22092030456542713,1.0,19.873466666666424,111.47195016244454,0.9357267618179321
ID01_IZDA,42.0,2.1063142620879294,0.475787533875333,0.4660444444444387,0.06952747026437985,-0.1511457825450976,9.007967133545684,11.24576714134013,4.635624214664825,0.12334873866639845,-0.9419766335751212,-0.23538945694023927,1.8,0.6428571428571429,1.1768889396451523,1.155739055634558,1.5136370001840458,0.12883933440537693,-0.9729231289412981,-0.23852837343076472,1.413724482617136,0.7258796213641284,1.299375176842844,0.12248623719769186,36.05268093598215,0.0,0.0,0.0,0.0,1.2142857142857142,2.002670226969317,0.9141874850643813,0.39105384647395164,-7.0475393230310095,2.0,0.22345150149191664,1.0,19.9400444444442,89.43365984801034,0.8586041927337646
ID08_DCHA,22.0,1.116353335979518,0.889288888888878,0.832222222222212,0.3467836443296163,0.8313077297034537,11.4385752792709,12.085986964058481,3.2982395470163994,0.12737654454401023,-1.5608352502682672,-0.21278274264952957,0.7417582417582418,0.4257246376811594,1.3629109752693116,1.3406547914826268,1.596693338991906,0.10426804589113095,-1.2462571240510443,-0.16371752161162145,1.5380202937506577,0.79047825193207,1.466919282032005,0.10400830676269317,36.238225854725755,1.0,0.047619047619047616,0.0,0.0,2.2,1.251668891855823,0.780929038141668,0.5341220620776328,-11.962760559807675,2.3636363636363638,0.18558944167765898,1.0,19.70702222222198,99.69777476191885,0.9413979649543762
ID08_IZDA,28.0,1.3766309252489415,0.7409860082304521,0.7323555555555554,0.2595460548424684,0.5348229141906334,10.251664703785556,12.049593482226925,3.633401958194433,0.08209809321979121,-0.3980498897384005,-0.05519983999047795,1.5833333333333348,0.6125000000000003,1.26010251495935,1.2811981366158713,1.440529407641596,0.0799430315265915,-0.44769498705045724,-0.06755889172111817,1.3537731229482912,0.9031595033322027,1.364141998243139,0.10403948328378873,35.1697405160127,0.0,0.0,0.0,0.0,1.8636363636363629,1.5020026702269704,0.7204672739390673,0.5759725856589684,-11.820306540543564,2.2142857142857144,0.2452346631692646,1.0,20.3395111111111,96.64520244211121,0.8437979221343994
ID1000_DCHA,24.0,1.2737831832313677,0.7815652173912947,0.7989333333333235,0.07729124723966369,0.05050505050504859,7.341381986306307,7.618249319112045,2.922422020507415,0.15818045422490762,-0.3944445091686107,-0.0912613122279129,1.0,0.5,1.1892561025842907,1.2041072842289786,1.3687373070693245,0.09674301375037371,-0.2639468659866031,-0.05098577000062787,1.1629349912501312,1.043120736950385,1.389803575415656,0.20054747283136506,38.99085206713647,0.0,0.0,0.0,0.0,1.125,1.251668891855823,0.92376277598635,0.38218455401754614,-7.041924969405795,2.7083333333333335,0.1893289445048008,1.0,18.84151111111088,56.36701553938176,0.9666513800621033
ID1000_IZDA,23.0,1.1573219904596554,0.8655111111111006,0.7989333333333235,0.2771075531618823,0.5429353255440226,5.942202080495494,8.11927502342674,2.998357705750629,0.21522916685431623,-1.100442660641262,-0.1760732586807302,1.1666666666666667,0.5384615384615384,1.1995592636273915,1.3036704239706967,1.4714680771708293,0.19229358847000516,-1.4214531242874824,-0.2700219315187766,1.3675649622150954,0.7508257441203979,1.4762810558709807,0.2767217922435891,43.5199300792516,1.0,0.045454545454545456,0.0,0.0,2.1666666666666687,1.251668891855823,0.879515557486692,0.45371492467939406,-7.268874039745336,4.478260869565218,0.14403349682299682,1.0,19.873466666666424,77.31087584292551,0.9890909194946289
ID1001_DCHA,14.0,0.8182115713298767,1.2624170940170787,0.9986666666666544,0.7066105683933208,9.01188061431469,10.038885708694123,10.59557924534748,3.131860665171399,0.21146260734932937,-0.6771922729025448,-0.17645133599575735,1.8392857142857078,0.6474501108647441,1.2633576163210267,1.2803494130398931,1.5797640821158652,0.16822158343866075,-1.8652222003716175,-0.19537425015962118,1.3246668593643132,0.8296874373214324,1.414256666921819,0.15089905060079234,39.050662038196315,2.0,0.15384615384615385,0.0,0.0,4.066666666666666,1.0013351134846584,0.8226904147596584,0.4904300784601972,-8.933515549047797,2.857142857142857,0.29993682605667904,0.8846787479406919,17.11048888888868,63.0985434459105,0.9124573469161987
ID1001_IZDA,20.0,1.0013351134846584,0.9864023391812743,0.9986666666666544,0.08425251314835829,-0.15985790408526,9.73144221169095,12.15300598445258,2.9661262060838167,0.12375686275445318,-1.3226892151586878,-0.16346949251304044,1.071428571428573,0.516666666666667,1.4419153298817378,1.4540874679235092,1.7211177071257977,0.10496501478616448,-0.4166471897311344,-0.044178714837875055,1.4211895504606082,0.9630522685058357,1.6540384194863968,0.21212308960465864,42.8594240881914,0.0,0.0,0.0,0.0,1.1666666666666667,1.0013351134846584,0.914197983131999,0.3890660398320268,-9.639316819348958,2.35,0.20906774661282834,1.0,19.973333333333088,72.70414864540162,0.9943472146987915
ID1002_DCHA,25.0,1.2837629660059555,0.7822888888888898,0.7822888888888899,0.13456500681567526,0.6179463459759473,10.610219065143479,8.857096621332344,3.6328887164265904,0.10149116847399198,-0.8030174026536997,-0.12644850567649002,0.9166666666666677,0.4782608695652177,1.4544124555454254,1.4500926948923567,1.6513161858396614,0.05353667178477869,-0.06381206362566576,-0.02625306453794718,1.4790414024375098,0.9878585758030873,1.7132432740624415,0.25883081851701595,48.4290504403903,0.0,0.0,0.0,0.0,1.2340425531914885,1.2516688918558063,0.9052118220438943,0.4008010226357811,-7.770394369209684,2.4,0.265271231357341,1.0,19.474000000000018,79.48983189468893,0.9462397694587708
ID1002_IZDA,31.0,1.5598687697499705,0.6469140740740662,0.6324888888888811,0.16841954381180393,1.0497656057712292,8.287795680658942,9.993150752135845,3.6435129399080126,0.16980935408087589,-1.016312409578824,-0.1828160545908737,1.9999999999999847,0.666666666666665,1.2005782446170112,1.2026450100296076,1.474249007250742,0.1079459263260021,-0.7174573755398996,-0.15383400622569254,1.418882547738454,0.8108291994527733,1.3400056802253504,0.13942743560833892,24.411851583706632,0.0,0.0,0.0,0.0,1.5789473684210527,1.5020026702269877,0.7674328642441421,0.554563449994643,-9.306570158382332,2.193548387096774,0.20552739929656608,1.0,19.873466666666424,83.48653485920134,0.988493025302887
ID1003_DCHA,55.0,2.7399717035649855,0.3661777777777733,0.3661777777777733,0.1574591643244433,0.4151289914583219,5.427090898300466,6.53344941362482,3.106373881564302,0.13818912077283918,-0.6416537743709941,-0.20902735061922795,1.3999999999999744,0.5833333333333289,0.6237488329755474,0.6247592916107636,0.7967872686711697,0.14068989162363596,-0.5688818071782745,-0.1691222475244869,0.7344717413112392,0.7264931655394541,0.7483401533218681,0.12459132034632046,16.34817489790371,0.0,0.0,0.0,0.0,1.9090909090909092,2.7536715620828107,0.7608953495041981,0.5775702003933612,-7.084350301285857,2.036363636363636,0.27863510413065423,1.0,20.073199999999755,34.67970139092228,0.9607136845588684
ID1003_IZDA,53.0,2.6767301244370545,0.3750149572649618,0.36605555555556,0.07996842671576801,0.22197558268590473,13.214973386818533,15.08301923467196,6.73022311984182,0.09034375106055914,-0.44605008415900405,-0.16190432719714898,1.75,0.6363636363636364,1.400681442290153,1.4066124561951812,1.6707081171764733,0.08737061990610043,-0.36918750424425917,-0.12379376358762406,1.5686703801269106,0.8573188855205263,1.502296770559511,0.10161532826935814,41.33272421940434,0.0,0.0,0.0,0.0,1.3636363636363635,2.7545909849749246,0.8252729485408512,0.5050405838697697,-7.307635000836392,2.0377358490566038,0.2172539138569553,1.0,19.800277777778017,73.02784179761775,0.9579604864120483
ID1004_DCHA,23.0,1.225037638837614,0.8019595959595861,0.8155777777777669,0.07705878436476239,-0.12656744404077883,7.422216709458998,9.786302130816358,2.3900159436779718,0.08911285882478588,-0.4725636149765918,-0.0990568903300203,3.8,0.7916666666666666,0.9585061501183109,0.9492109412944124,1.1693976982843126,0.08286547835891787,-0.06550319696672231,-0.03177387796623066,0.8928783270830349,1.02480935053034,1.0535096918217652,0.09500354170345436,14.07730579947333,0.0,0.0,0.0,0.0,1.0612244897959195,1.251668891855823,0.8132596947039059,0.4826652696684001,-11.220400345583403,2.3043478260869565,0.1876069865683702,1.0,18.774933333333102,69.05676219465998,0.9617136120796204
ID1004_IZDA,24.0,1.1956240161010687,0.8495903381642521,0.8322222222222231,0.18910477753510946,0.6659439368127607,7.156087425967577,9.184143858101098,2.354621751591052,0.15053656058810172,-1.8810159780541413,-0.2479363426197293,3.7000000000000073,0.7871376811594206,0.9517174748164198,0.9383335845618549,1.221363990041072,0.13686698164163127,-1.746039678938788,-0.2377912007785551,1.1202857785360185,0.7357562104592861,1.0568107977645482,0.10509332294812858,21.147326379545905,0.0,0.0,0.0,0.0,1.4000000000000006,1.2516688918558063,0.7587684801372437,0.5270589819419068,-10.445707073462028,2.875,0.16505115242296103,1.0,20.07320000000002,66.74306783772727,0.988598108291626
ID101_DCHA,19.0,1.0013351134846318,1.0005160493827305,0.9820222222222368,0.08552854196864527,0.058371436910205354,15.31393737062168,14.644697186177785,4.701174705175397,0.07859604689003259,0.8440135297918013,0.11684651343310781,1.3333333333333357,0.5714285714285718,2.371063602672693,2.3967760472947015,2.593459707530684,0.06737603463633907,0.7968783852778606,0.10327726081420452,2.157571664593319,1.121389713682396,2.48823995060879,0.1171763479360972,68.37976966852764,0.0,0.0,0.0,0.0,1.2881355932203384,1.0013351134846318,0.9439126330391653,0.3466067975972073,-8.180458721757349,2.0,0.214550248327603,0.9983525535420099,18.97466666666694,90.28811716087269,0.9683965444564819
ID101_IZDA,21.0,1.1048005630391018,0.910451111111111,0.8988000000000014,0.059267148363609745,0.5305768992866079,8.237401531460364,8.301826186163547,2.616416526889936,0.10405757486416786,0.5757125121976723,0.09243637851701192,1.7499999999999967,0.6363636363636359,1.1987498057858483,1.220002769439156,1.2844157705231805,0.04874322566183807,0.5973633923373137,0.08455357941142161,1.1115363488913457,1.1038196586499132,1.3232925128484112,0.1245427070625625,39.179038579796824,0.0,0.0,0.0,0.0,1.1481481481481461,1.0013351134846464,0.9035736839155242,0.38050011530079475,-7.774958481385373,2.0,0.10645415029802223,1.0,19.007955555555554,78.64824987524838,0.9339705109596252
ID102_DCHA,24.0,1.1838444691443923,0.8365642512077416,0.8322222222222342,0.06972125148653918,-0.03932054105064465,4.90751318311176,6.927029862044518,2.4770928442267395,0.10774672483718627,-0.16556797950318455,-0.0025752271339748445,1.4222222222222258,0.5871212121212128,1.0825909563136593,1.0926108977799527,1.2374363660332284,0.07402627412543897,0.002735603968063492,0.014203822282526035,1.1604029212060394,0.9542334736774035,1.2991157584317123,0.21652480211805322,30.665278064186534,0.0,0.0,0.0,0.0,1.16,1.2516688918557897,0.9437626367854448,0.3527645836834097,-7.431973319855553,2.2916666666666665,0.120079192901079,1.0,20.272933333333622,40.90717001618584,0.9620936512947083
ID102_IZDA,27.0,1.3840980237586402,0.7195521367521369,0.7323555555555545,0.07917649630351264,-0.21826809015421278,5.886199015731704,8.62588398146864,2.796739813174492,0.12331958634241429,-0.8932772748578415,-0.13696031408133147,1.444444444444445,0.590909090909091,1.040884610390091,1.0453738431641642,1.147522844842846,0.05430843881555459,-0.4979698140262422,-0.08475629973225685,1.105747566234094,0.9010021027895473,1.186168392177276,0.1452837817871848,31.311777231145516,0.0,0.0,0.0,0.0,1.1363636363636378,1.502002670226969,0.8843957568807868,0.42091904658884327,-7.90229380259891,2.074074074074074,0.1179459759963521,1.0,19.507288888888894,62.264186781666936,0.9524157047271729
ID103_DCHA,23.0,1.1974371374426591,0.8291959595959496,0.8322222222222111,0.05263578504326976,-0.37629777394930947,7.752941578537483,10.57527806021518,3.1885828456464353,0.1379065403380695,-1.8112655062930627,-0.2594197642670245,1.5,0.6,1.3717723530413557,1.3675956398292615,1.6637867148580605,0.08215404869346504,-0.986208097964851,-0.13490912046338244,1.5155135141767706,0.8212136401850019,1.574393570271999,0.20262121723064325,37.87343352789442,0.0,0.0,0.0,0.0,1.1200000000000012,1.251668891855823,0.9014249138277309,0.3930259367719698,-7.238692146259838,2.260869565217391,0.10415661967522803,1.0,19.207688888888654,79.51342320490436,0.9356169104576111
ID103_IZDA,25.0,1.264312011975562,0.7961592592592601,0.7989333333333342,0.07132226303295708,0.17815482502650937,6.365415043869024,7.30334040366999,2.3833356904176997,0.13262261387335794,-1.2411129758424215,-0.18849060693076447,1.874999999999995,0.6521739130434776,0.9801740767736727,1.0027679162650105,1.2300585712269791,0.09112101019283352,-1.1279779076917054,-0.17352710862294185,1.095476675569562,0.8140034354925277,1.21321926779017,0.23304519101649732,27.39987417983286,0.0,0.0,0.0,0.0,1.1250000000000007,1.2516688918558063,0.8559483674480158,0.4386566091918156,-8.819532749126914,2.4,0.17091441969999224,1.0,19.773600000000023,65.11398910479114,0.9578850865364075
ID104_DCHA,56.0,2.7944235725153255,0.35770424242423804,0.3328888888888848,0.1487077667865974,-0.018129079042782995,13.84386782842714,16.705697389809128,8.821792428034033,0.11783161432423145,-0.40064441219531466,-0.15640236206000635,1.2,0.5454545454545454,1.7407645501006332,1.7481329891540554,2.3300849360065388,0.1406466457923106,-0.44449411275023104,-0.17371989480357797,1.781202913302026,0.9104019707017702,1.8142061027420184,0.07344155264138527,52.40401427918078,0.0,0.0,0.0,0.0,1.8999999999999946,2.7536715620828107,0.8587758519967212,0.4656643516457138,-5.355649416525961,2.0357142857142856,0.13210444094446733,1.0,20.039911111110868,104.54287549890044,0.9474877119064331
ID104_IZDA,62.0,3.098973895310219,0.32197449908925324,0.2996000000000003,0.17929287514044576,0.15035538545653274,11.960260488022776,13.09866380712977,7.134546073011083,0.15717214605024749,-0.7768498504024393,-0.28810206983160513,1.200000000000006,0.5454545454545466,1.28432671594575,1.3458434594372009,1.6354464317365685,0.18554532001345264,-0.8476873368921081,-0.31395340759022416,1.49996504232977,0.5874255580372064,1.3379233742557106,0.05359665830996089,36.57657824795824,0.0,0.0,0.0,0.0,1.8888888888888815,3.2543391188250994,0.8148156479534058,0.5293932394953473,-5.764876454151691,2.096774193548387,0.10376429868631169,1.0,20.006622222222227,79.735200923804,0.9199462532997131
ID105_DCHA,25.0,1.2621871178378048,0.7961592592592495,0.7989333333333235,0.05650618376385677,0.018179063778212778,7.95666614958511,10.948825897079839,3.1344391345975917,0.14593857860504036,-1.6411604963997046,-0.26417616015607936,2.0,0.6666666666666666,1.1850181704210605,1.1188111956821498,1.5361007165487195,0.12861888866739196,-1.2923624146584738,-0.21171767437070244,1.352326027125914,0.7846245683362716,1.320452782800265,0.13543461237920448,35.04973834534394,0.0,0.0,0.0,0.0,1.125,1.251668891855823,0.8709238240439087,0.44345824248200916,-10.334638959901508,2.08,0.08228717481678516,1.0,19.806888888888647,88.89187312535275,0.9477192163467407
ID105_IZDA,25.0,1.271154123200242,0.7778680555555649,0.7986666666666755,0.058985355107929585,-0.3552662171588037,5.883770649133285,8.258916135776367,2.4142077666664683,0.15970086244392753,-1.5966418470143415,-0.22342462764076865,2.0,0.6666666666666666,0.9230021470034608,0.9318490310966621,1.0996037335614348,0.13423333969056744,-1.3533782142592226,-0.18882338715594937,1.0358403499331723,0.7851222506104436,1.0553527707179426,0.1323506237144818,30.95812662045689,0.0,0.0,0.0,0.0,1.0833333333333346,1.2520868113522385,0.9054119586502427,0.40335697045051394,-8.095916944782381,2.2,0.12310558538998806,1.0,19.66716666666691,59.043932957660694,0.9493051767349243
ID106_DCHA,40.0,1.99933799697432,0.5044547008547047,0.4993333333333372,0.15205849027858553,-0.42880042746460184,9.467096593421772,9.26127917761172,3.9667099589390595,0.21953276616537215,-1.5718703765251274,-0.37192799205437566,1.2111111111111135,0.5477272727272733,1.0013191061825275,1.0219875076561808,1.3167030503694992,0.21376342101167772,-1.6011838245970353,-0.3742548258730567,1.1999355838226247,0.6040035044439167,1.1763158094061716,0.17499670322364397,26.678048240941372,0.0,0.0,0.0,0.0,1.4000000000000004,2.002670226969277,0.7921521032300567,0.5639609992217285,-8.43621941515254,2.175,0.10373156165688961,1.0,20.006622222222376,29.43322832124369,0.9568130373954773
ID106_IZDA,44.0,2.2103049327755,0.4552062015503821,0.4660444444444387,0.05625114084537847,0.025399770297729912,7.416783194965313,8.945575211788258,3.680775182967443,0.06910273532575456,-0.4446019286689919,-0.12194413633540668,1.8,0.6428571428571429,0.8893112846094868,0.8904155253465127,0.9684591683052145,0.055533116562227584,-0.29231268913864067,-0.08048534340855762,0.9547616130128654,0.8726475158637319,1.068317258567256,0.17900597395776907,25.87524583188406,0.0,0.0,0.0,0.0,1.0714285714285752,2.2530040053404816,0.9285719918104084,0.3723501716737438,-7.705984203390229,2.0,0.12657814303885473,1.0,19.906755555555314,44.11030610704286,0.9832919239997864
ID107_DCHA,17.0,0.8714691260702542,1.1359833333333345,1.11517777777778,0.13222377763941404,-1.2583494936436135,9.702618596688508,7.974078041350773,2.55718161555035,0.09060068370752689,-0.8290709954795294,-0.10588086453208234,1.1333333333333238,0.5312499999999979,1.3992787826177555,1.4231928551041215,1.6691716733199748,0.10043965420809664,-0.48510742889612063,-0.07002664117347468,1.5056278143411972,0.9299733588265253,1.5423631559747157,0.14308437335696003,33.676047040853355,0.0,0.0,0.0,0.0,1.3134328358208933,0.7510013351134839,0.90479204082661,0.3933170181120831,-9.245114821908027,2.411764705882353,0.3663069175609501,1.0,19.50728888888891,66.1532071069271,0.9705199003219604
ID107_IZDA,25.0,1.2970662091770186,0.7642574074073979,0.765644444444435,0.1291374971123062,0.7745600883768623,5.400360955377388,4.784020364488055,1.9276820250382967,0.16484914268731987,-1.856369708074561,-0.282436504590415,1.1818181818181819,0.5416666666666666,0.7732977710453228,0.7668226963621291,1.1198004095896907,0.16510554755099777,-1.4503533872005765,-0.21025653144074752,0.9269481537025654,0.7725383986093322,0.9129209696991736,0.13962319865385056,15.116909341027807,0.0,0.0,0.0,0.0,1.3478260869565195,1.251668891855823,0.8813579167225425,0.42694471769903186,-8.287024450274554,2.08,0.20382663290405417,1.0,19.27426666666643,52.985518249662725,0.9817956686019897
ID108_DCHA,35.0,1.7730217017856278,0.5659111111111117,0.5659111111111113,0.08195653482579233,-0.2876016716847177,9.71738730753712,11.320382603963814,4.414671776583433,0.13041366671073,-0.6887094188334579,-0.16227812104178918,1.2499999999999967,0.5555555555555549,1.2528608481373504,1.2671930527212005,1.5140964966092803,0.09140609754537767,-0.3401936521627774,-0.07216060376839728,1.3390983681622664,0.820625595539085,1.4548488641723012,0.20198801603495048,35.443335011492614,0.0,0.0,0.0,0.0,1.2941176470588245,1.752336448598129,0.8736195034989968,0.4564374252870352,-6.889265094805279,2.5142857142857142,0.23311383996026003,1.0,19.740311111111133,67.43883201532371,0.9720779657363892
ID108_IZDA,34.0,1.6994372974281151,0.5901212121212364,0.5992000000000246,0.06981394139029791,0.0904977375565616,8.846374892178105,11.113973081654706,3.9149514514938355,0.13910387365983906,-1.2142303646168708,-0.2393262665603464,1.6,0.6153846153846154,1.1833585369583108,1.2234330276975705,1.3590519361716695,0.09136500760037183,-0.7501378234971975,-0.15677756842334944,1.249218305138211,0.8118259273869654,1.2582118622521752,0.07485332529386457,32.48931095673253,0.0,0.0,0.0,0.0,1.1666666666666667,1.752336448598059,0.896105552499288,0.4208094222637,-7.611498065109506,2.0588235294117645,0.15622645891235237,1.0,20.006622222223044,72.61356678041487,0.9046151638031006
ID109_DCHA,20.0,0.9980084187554734,1.0056748538011573,0.9653777777777677,0.07787281058755051,0.22648083623693363,6.222729098671198,8.273367984368786,2.359971816433652,0.24392513601675417,1.64459283802305,0.1830478401618394,0.7928571428571447,0.4422222222222228,1.1579795662031658,1.1217254801044314,1.5816696326728823,0.169780857779917,1.3379973534860954,0.17643597534461697,1.1021398016116681,1.1232602788826462,1.3225196950960767,0.16454012889291067,28.35885413166492,0.0,0.0,0.0,0.0,1.2068965517241357,1.0013351134846584,0.8073754020766218,0.475181168784359,-9.78604588040909,2.75,0.1668927158851404,1.0,20.039911111110868,52.95435478579839,0.9887723326683044
ID109_IZDA,31.0,1.5810554423441976,0.6335985185185107,0.5326222222222157,0.47021707143653607,-0.8310459763621403,2.3616634394713616,2.597038665300977,1.0595833528207663,0.26808127472325904,-1.719159911490596,-0.3360359208039049,1.0,0.5,0.3144697426954937,0.31046335293177485,0.5890239972271107,0.2998641410194971,-1.969843553403046,-0.3594955606529461,0.366861823935295,0.5978157747222761,0.5701847427481266,0.255715000052633,9.9664476614499,2.0,0.06666666666666667,0.0,0.0,3.0625,2.002670226969317,0.40507789748503087,0.7461734073669749,-8.610747750914188,2.7096774193548385,0.14347832570745575,1.0,19.607155555555316,14.729841659845636,0.9818960428237915
ID110_DCHA,21.0,1.0692222398226015,0.8954711111111001,0.8987999999999889,0.20290043195531876,0.9056097492802643,3.3270211511026133,5.035386182204102,1.4040053675883049,0.15137250965872223,-1.658337900300196,-0.18078505528675626,1.4545454545454546,0.5925925925925926,0.6210956636133691,0.6168102538246298,0.7542101141970384,0.13430858645787191,-0.8963967081980972,-0.12147601713462275,0.6957356657462977,0.8503370251283736,0.6986516866786671,0.077556023065298,16.44534150846753,0.0,0.0,0.0,0.0,1.3333333333333333,1.0013351134846584,0.8589004183439535,0.46953020634572584,-9.443717227979672,3.380952380952381,0.08559421336246174,1.0,19.640444444444203,49.69343036442733,0.9315354824066162
ID110_IZDA,24.0,1.2324124473657172,0.8032753623188414,0.6990666666666687,0.3128293248895237,1.3841113841113861,3.2746956966149567,4.962194113447704,1.3644002923698382,0.15894836283693312,0.2813170597279929,-9.38282519793443e-05,1.9545454545454555,0.6614583333333335,0.5152860625363646,0.50643577435203,0.6646387538587859,0.13304152581381817,0.5890105632269125,0.0729009506693814,0.5006505703913218,1.0618032110985087,0.5657839153122259,0.05049785277586141,9.004275281731921,1.0,0.043478260869565216,0.0,0.0,2.6666666666666616,1.2516688918558063,0.7875840477540155,0.5264137729343766,-10.110572022216918,2.8333333333333335,0.14835743580268174,1.0,19.474000000000018,29.939164632596363,0.9858613610267639
ID111_DCHA,27.0,1.3518024032042528,0.7502803418803526,0.7323555555555661,0.15132968790030948,0.7038301099734552,9.04453954564039,14.228301557427114,4.261037452592507,0.0847891387048174,-0.3853542644655364,-0.07213450352294704,1.87500000000001,0.6521739130434795,1.5625484593388494,1.5851642011814089,1.8544164598324555,0.10514813281547894,-0.11505350992965828,-0.042895817470357755,1.553125486355054,1.073393434401409,1.7345615502215883,0.17201309088273883,43.12399924271699,0.0,0.0,0.0,0.0,1.4090909090909078,1.2516688918557897,0.8134368451504315,0.5264893340852228,-8.469393707394675,1.962962962962963,0.25273509831972374,1.0,19.97333333333362,70.46858862163229,0.9718585014343262
ID111_IZDA,18.0,0.9164762055622299,1.1024496732026008,0.9653777777777659,0.42713799162436683,-3.478389579632918,6.727826855864547,7.9953346962200085,2.1580075048743215,0.15867458287503133,1.740842854680543,0.3257922751335234,1.775,0.6396103896103896,1.0599464286042237,1.0876270796790828,1.2669666337359966,0.134614896651874,1.3279526548184384,0.20997929930010661,0.9212088189534426,1.2090104077149133,1.1622805308296997,0.10233410222547623,28.068698102624733,1.0,0.058823529411764705,3.0,3.06257777777774,2.793103448275862,1.0013351134846584,0.7952915943888913,0.5092274308041462,-10.138444715003109,2.2222222222222223,0.22199145399483233,1.0,19.640444444444203,38.94669408979038,0.9352788329124451
ID112_DCHA,39.0,1.9493545470500007,0.5151017543859586,0.4993333333333272,0.13485869116734014,0.08202865345722453,5.9028916910787625,6.538715074644967,2.9411307235357573,0.22805909270052957,-1.4788156461715272,-0.3118854129110751,1.0,0.5,0.7978053725942256,0.82308451205204,1.0923087054671619,0.19169422679065345,-1.3304010342365908,-0.3037112953144335,0.9446899450743462,0.6270061326363366,1.0141931834557576,0.2163878108615324,25.626312987085864,0.0,0.0,0.0,0.0,1.5333333333333334,2.002670226969317,0.8249203308160904,0.5013197577052014,-6.602233886291243,2.0256410256410255,0.11293181983176417,1.0,20.006622222221978,62.89237337281473,0.9345555901527405
ID112_IZDA,41.0,2.045917258448721,0.4835211111111052,0.43275555555555023,0.324014612776889,0.9926599994187414,8.528995211529518,9.967840447285944,4.689565778871476,0.1974805744771476,-0.7374175431882866,-0.17371505924629582,1.2,0.5454545454545454,1.128935506296558,1.1885873000875984,1.5993896842653432,0.1843363105008346,-0.44016111715179407,-0.11388282908559211,1.145296098305327,0.9165584365568376,1.2865524048682102,0.15761689857165206,37.522697875906275,1.0,0.025,0.0,0.0,2.4615384615384617,2.503337783711646,0.5056500894131839,0.6820703359596099,-6.592592190561774,2.341463414634146,0.19633900671787735,1.0,20.039911111110865,72.95661169779487,0.9235003590583801
ID113_IZDA,11.0,0.6294106427617853,1.667773333333313,1.531288888888871,0.3719704269935646,-0.9314703925482392,1.334683156224229,1.3140470615122952,0.4546102211360017,0.28838820173155894,-2.1063422769116755,-0.1765316524995001,1.190476190476185,0.5434782608695641,0.25942449132866,0.28689470438795384,0.4141970798180139,0.36382132179080867,-3.6711740775241557,-0.16281653525079431,0.2788728859897079,0.8408205524304977,0.29171347018315413,0.03228897885449413,3.1956370482256413,0.0,0.0,0.0,0.0,1.6956521739130426,0.5006675567423292,0.5508124438515074,0.5621049828850676,-8.34210813262539,7.363636363636363,0.09692162267207528,0.978688524590164,17.476666666666453,16.05174774967833,0.9791466593742371
ID114_DCHA,33.0,1.680206376864088,0.6012805555555482,0.5991999999999926,0.05861963441556199,-0.4586550852875183,6.795597550215537,8.761097181714534,3.526173219773627,0.1506316958695337,-0.32105778444630007,-0.06135676564885684,1.5714285714285714,0.6111111111111112,1.0827978784407273,1.0750639460171738,1.4058252675155605,0.140530737418918,-0.2489699721075517,-0.04461246424385101,1.0843522371348022,1.0002216999285105,1.2419293757293444,0.15913149728861695,25.182504961484995,0.0,0.0,0.0,0.0,1.1111111111111112,1.7523364485981523,0.9029951974380294,0.40306244370591243,-6.4464798617893715,2.3636363636363638,0.19540656678467838,1.0,19.640444444444203,47.23809534819154,0.978283166885376
ID114_IZDA,34.0,1.7399690217280064,0.581042424242424,0.5659111111111113,0.09365349971709169,-0.298713235294116,3.8092646132867762,4.035485662133322,1.7498475595596137,0.17297191001946427,-0.28122497844747163,-0.08985306979942753,0.8888888888888865,0.470588235294117,0.5240343791065176,0.5276890903261571,0.6855045337531059,0.13784299859571766,-0.23491832033587556,-0.07308518240957118,0.4851627346013851,1.0510512381642225,0.6688853935613075,0.14485101445478987,14.264366876092865,0.0,0.0,0.0,0.0,1.235294117647059,1.752336448598132,0.915180696460157,0.3957992898379846,-7.582497611127991,2.1176470588235294,0.1711949020809696,1.0,19.540577777777766,19.168370159706384,0.9837630987167358
ID115_DCHA,16.0,0.8121644181743816,1.2334962962963771,1.2312777777778585,0.17607537051108516,-0.8960688591983577,10.04854192832808,13.022777721345458,2.4824434525301466,0.12828415306787228,-1.8847719512082568,-0.19880412871055353,1.0697940503432495,0.5168269230769231,1.457401765898367,1.4658473314110176,1.7690769611105526,0.10939557785786318,-1.8045355389974678,-0.20698724285055825,1.6138857744836372,0.7930127571494417,1.6998687659225393,0.24246700002417237,42.14874425548431,0.0,0.0,0.0,0.0,1.2972972972972974,0.751252086811303,0.8692575855120802,0.43419161915507704,-12.97393969757469,2.375,0.23708484713808267,1.0,19.700444444445736,58.82344714061145,0.9707010388374329
ID115_IZDA,17.0,0.8582872401296958,1.1713527777777788,1.165111111111111,0.273920744310109,1.0322850276878035,9.274130294930846,13.420498034990581,2.5868720008906365,0.05655110085413781,-0.11497341685006746,-0.002084366469340959,2.6666666666666625,0.727272727272727,1.4492145672206744,1.4331164912092538,1.5735044860002056,0.04990149542143048,-0.17250273913353656,-0.025649914953186692,1.507942553201029,0.9743500850468133,1.6573678693572456,0.20815330213657104,40.86378910808968,0.0,0.0,4.0,2.230355555555558,1.6000000000000019,0.7510013351134839,0.778538341885823,0.48417721131772584,-12.1673775763811,1.9411764705882353,0.16779265644141467,1.0,19.80688888888891,85.89588516885176,0.9639171957969666
ID116_DCHA,65.0,3.248924245083334,0.30532152777777405,0.2995999999999963,0.0915346005588392,-0.28979538349214545,9.515363198736345,10.481967027895664,5.865347136597314,0.15432378180045983,-0.6421577749344695,-0.23686330878162165,1.0,0.5,1.026640410902092,0.9926836089268322,1.6502776762492037,0.19219989510736812,-0.8449108643622208,-0.2982823525860422,1.4432932801607985,0.5083168507549592,1.1522509768489573,0.12561056594686532,30.436996426114927,0.0,0.0,0.0,0.0,1.3333333333333333,3.25433911882514,0.8120921545261963,0.5077803959025111,-5.0913084754176126,2.046153846153846,0.2094486830620588,1.0,20.006622222221978,75.20637964488255,0.9144394397735596
ID116_IZDA,68.0,3.3764026967086003,0.2966189054726332,0.2995999999999963,0.1560038720519266,-0.07972124436800845,14.7182236514227,15.758909832629188,9.07142018044915,0.1271522507608937,-0.5017613617763668,-0.22010909255123712,1.0,0.5,1.5279971277640327,1.553227544603275,2.077550752502249,0.17261569401448643,-0.5925216050966672,-0.2553726172893602,1.6375122217686002,0.6999640923290531,1.694463995976075,0.16646686821204268,43.781505022413796,0.0,0.0,0.0,0.0,1.8888888888888888,3.5046728971963046,0.7684476319231403,0.5528758000525522,-5.659898893365875,2.0441176470588234,0.18812345879307102,1.0,20.13977777777753,88.68467841668439,0.9474025964736938
ID117_DCHA,40.0,1.976319302930247,0.5087225071225009,0.4993333333333272,0.166302170380723,0.31261038502296,7.894981336176405,11.48541560752897,4.577100462043836,0.2399430043960335,-1.835347062987606,-0.4172499458442378,1.6,0.6153846153846154,1.2074512154011996,1.2838797727504945,1.6831689048749336,0.24661093734681389,-1.861642602175813,-0.4210909781548746,1.4601399525374625,0.49509720413654207,1.3757737264779937,0.16832251107679402,31.77095526122567,0.0,0.0,1.0,0.5326222222222157,2.0,2.002670226969317,0.8929788060955819,0.4327587289081693,-6.573117815611537,2.075,0.20101299433339764,1.0,20.239644444444195,41.43651659889069,0.9300624132156372
ID117_IZDA,44.0,2.241023174216888,0.44731524547804163,0.3993333333333382,0.4628730988179884,0.6864243023412553,7.511966566529474,8.828718130527868,4.225939662734053,0.20721847492482476,-0.9897589834025792,-0.24707861422211164,1.4,0.5833333333333334,0.9660328227142969,0.9774769136817967,1.4128609423220542,0.2308681640068233,-1.065620856412779,-0.26075007392999205,1.3207448419491228,0.7135025889178074,1.0842794259582254,0.11824660324392862,30.850149938842943,1.0,0.023255813953488372,0.0,0.0,4.333333333333329,2.504173622704477,0.6882474733089353,0.6169228989978048,-6.492944591245987,2.159090909090909,0.42325364369416,1.0,19.63388888888913,65.29507203743698,0.963611364364624
ID118_DCHA,17.0,0.8597321681433937,1.1526277777777636,1.1318222222222083,0.10456858020187898,1.3166277341261414,11.045367864929153,14.15311727816527,3.49808565733827,0.09269401479237639,-0.8436003874156179,-0.06299311103122862,1.6666666666666667,0.625,1.822798880217519,1.8225663063797581,1.9794580169108513,0.05505883537645583,0.13117551636542044,0.02545397337311539,1.758137263494214,1.0254539733731154,1.8890397059495314,0.06624082573201255,58.49891220443213,0.0,0.0,0.0,0.0,1.2058823529411764,0.7510013351134939,0.8805778700763467,0.4187633668714798,-9.018136025401247,3.823529411764706,0.29922930984503116,1.0,19.773599999999757,107.18635055743376,0.9432410001754761
ID118_IZDA,15.0,0.752255093602822,1.3244222222222237,1.3482000000000012,0.11525137411636636,-0.1381024720342498,12.211053374713503,11.020325486629693,2.9244496967139257,0.08576907834084073,-0.26959859503483624,-0.020609227591605772,1.0952380952380913,0.5227272727272718,1.9038310985037679,1.91186637256279,2.035600248308971,0.031256973502849485,-0.47796694203121937,-0.05028427056397289,1.9501531281497477,0.9497157294360271,1.9608950937733465,0.057063995269578595,61.56120182526226,0.0,0.0,1.0,0.5326222222222228,1.1851851851851853,0.7510013351134839,0.9209073430582277,0.3781864193766788,-9.95107200407223,2.466666666666667,0.21343934941765824,1.0,19.940044444444464,123.66697736929356,0.8767222166061401
ID119_DCHA,8.0,0.4639390487187607,2.1732888888888624,2.163777777777751,0.0857589406663694,-2.8446389496717552,4.221758578859626,4.917241470071772,1.3053011988574788,0.1465397978529896,3.1199031448309777,0.2116028744892937,0.7273561811505508,0.42102564102564105,1.384339066108304,1.4027456166653844,1.4616295822006506,0.052870273239965064,-1.6838245814375115,-0.10366753779004434,1.426096438388667,0.9582871574005851,1.6275266154103492,0.24318754930204503,41.60168683010039,0.0,0.0,5.0,3.0958666666666286,1.1384615384615384,0.5006675567423292,0.9536554082375588,0.18501921584524705,-8.639224387421928,5.875,0.13354234221515668,1.0,17.243644444444232,68.17575986127946,0.9660542607307434
ID119_IZDA,9.0,0.45286512670160434,2.2345166666666394,2.280288888888861,0.1190496253886375,-0.7626141704353986,5.014769922923627,3.4001431943990417,1.2521513748578252,0.27776875575174914,5.505710258560835,0.5147927472548872,0.7567567567567568,0.4307692307692308,0.8347530237738388,0.7960524005049262,1.0061023267448044,0.09935580645286984,1.3306309032065662,0.10812080688268355,0.8097194653529243,1.0751186474608274,1.3898712893418057,0.555118265567967,23.655251464738367,0.0,0.0,0.0,0.0,1.167883211678832,0.5006675567423292,0.8125649563071152,0.38343637328984215,-10.470459906478567,14.222222222222221,0.39785677350745957,1.0,19.873466666666424,41.85186343628827,0.9584274291992188
ID11_DCHA,23.0,1.1770378676394846,0.8594585858586211,0.8655111111111466,0.054321297959653216,0.017496282040068013,13.618064884930455,16.753646700928154,4.3077758696322315,0.11240827944611984,-1.3982616244820611,-0.1999852026702158,2.090909090909091,0.6764705882352942,1.815208795004458,1.7849931489522401,2.403055235572521,0.11761774227329375,-1.5030623329982866,-0.20649122202959524,2.1162361244558645,0.7621761463622422,1.8691801808258757,0.0539713858214175,49.47473129510444,0.0,0.0,0.0,0.0,1.1538461538461537,1.2516688918557564,0.9001672914186962,0.3893283540883945,-11.149072900091795,2.0434782608695654,0.2827964818553451,1.0,19.54057777777858,90.03570267558892,0.9675076007843018
ID11_IZDA,24.0,1.2345227426523186,0.7960386473429854,0.7656444444444368,0.06630757283203782,0.03719008264462569,11.137068723758519,13.979281634974525,4.104661773720087,0.07216812093797932,-0.7100452261836957,-0.10453353854511682,1.57738095238095,0.6120071684587811,1.6572157473267668,1.6649902330852122,1.757607344369772,0.03637484434751093,0.0457297902193429,0.014439346648946083,1.6645978995213433,0.9862771587918884,1.744633566652477,0.08741781932571013,43.099174243472454,0.0,0.0,0.0,0.0,1.1739130434782559,1.251668891855823,0.9383671924497298,0.3592067404801838,-8.762880647294683,2.0,0.19752607825776297,1.0,19.440711111110872,61.25304613843722,0.9789982438087463
ID120_DCHA,22.0,1.28326441728131,0.7941777777777681,0.7989333333333235,0.17126167240808457,-0.3429504627109368,12.137629008615637,13.37171217333338,4.520379044146978,0.18479780372464719,0.5195809523501084,0.11588609138988915,1.1818181818181819,0.5416666666666666,1.6739975498669522,1.6802872676609915,1.9773844051904501,0.11867944404928635,0.1947920315429784,0.05669241768966371,1.7006190567377224,1.002840273063148,1.7946926004007457,0.12069505053379331,56.52512320348629,0.0,0.0,0.0,0.0,1.25,1.251668891855823,0.898648552149007,0.4111996644033932,-9.976661141429085,2.6363636363636362,0.4721366067072548,1.0,17.14377777777757,108.92951444340314,0.9557739496231079
ID120_IZDA,24.0,1.2116996331242926,0.8220908212560285,0.7989333333333235,0.2600871170791461,0.6001920614596661,10.883358084720166,11.681350958712216,3.449358840125214,0.1823217773554122,-1.2914042015232712,-0.17182687758956983,1.261111111111111,0.557608695652174,1.368742348630109,1.3858958551756912,1.6922019475063144,0.13629548193101337,-1.1930831075330564,-0.1546920896583287,1.5687649361324483,0.7882080723724172,1.3926294381114943,0.02388708948138556,40.29579889999139,0.0,0.0,0.0,0.0,1.8333333333333333,1.251668891855823,0.8421763158393005,0.49350890400236297,-10.707772886609439,2.2083333333333335,0.29738529752713366,1.0,19.806888888888647,94.61868916734609,0.9406289458274841
ID121_DCHA,22.0,1.1277835749144618,0.8861185185185076,0.8987999999999889,0.04983323176094485,-0.1707594730850513,13.587555874540383,18.26141766592016,5.221279445895068,0.10475171221495232,-1.3727415605533473,-0.18555699260409064,1.1538461538461537,0.5357142857142857,2.3540117846714055,2.3374510778199413,2.532684729034411,0.0455513201862258,-0.4320132495517926,-0.06493907730449211,2.493538291937638,0.9240460583830802,2.4768482765686195,0.12283649189721389,55.48326761787255,0.0,0.0,0.0,0.0,1.037037037037037,1.251668891855823,0.9093631972788635,0.36368433099801806,-9.454556309028696,2.0454545454545454,0.16490123297386772,1.0,19.50728888888865,66.18283393025567,0.98003089427948
ID121_IZDA,22.0,1.1359138082370823,0.885822751322762,0.8985000000000092,0.07903657257379065,-0.7269474711335185,10.488365866621368,14.34646054967926,4.32099188722771,0.05349591483391544,0.12331973783815516,-0.006341639354871309,1.1742424242424296,0.5400641025641036,1.9390310880645665,1.9451785042117342,2.108661339034499,0.0531228931227239,0.6662617634824675,0.10994850240971155,1.8074360548662434,1.1111500990454581,1.9852583880196202,0.046227299955054035,56.35985571954439,0.0,0.0,0.0,0.0,1.1111111111111134,1.2520868113522385,0.8788458679133568,0.4007445043771314,-7.725840385647807,2.090909090909091,0.12343262772893498,1.0,19.367666666666903,97.24709462196473,0.9072972536087036
ID122_DCHA,20.0,1.0080554833738038,0.9934105263157904,1.0319555555555562,0.18839083165046386,-0.4526748971193452,7.687838488228268,8.636475528382878,2.2227057781965134,0.07888337016174478,-0.386215346365601,-0.04680663261782825,1.3214285714285692,0.5691287878787875,1.0397434601533746,1.0387023356007483,1.146482906217637,0.05928900190382895,-0.48326740046831207,-0.08017913162935297,1.1063075347396716,0.9201450157021233,1.0863439026473867,0.046600442494012004,31.625770320513748,0.0,0.0,0.0,0.0,1.290322580645162,1.001335113484645,0.8746751961497241,0.4453363525687975,-10.70384809276978,2.75,0.16286518596976338,1.0,19.8401777777778,71.73379439434608,0.9459241628646851
ID122_IZDA,21.0,1.1009443656114046,0.8987999999999889,0.8488666666666562,0.20319802554585487,0.9022556390977419,10.323399345463734,10.41478657917541,2.7710102973916064,0.10527831626045125,-0.3140333457669789,-0.03638473005662901,0.8,0.4444444444444444,1.221882056155668,1.2222777650121242,1.3558932343957488,0.060985580535851895,-0.5508039011824422,-0.07337319736056158,1.2912700354153577,0.8851069062544166,1.2717660585178845,0.04988400236221659,39.14389185996034,0.0,0.0,0.0,0.0,1.7254901960784315,1.0013351134846584,0.7251270446134479,0.5586093331005241,-12.488414842074636,2.4761904761904763,0.1475324404573438,1.0,19.0745333333331,86.81870130098767,0.9531322121620178
ID123_DCHA,11.0,0.552576233193875,1.750995555555534,1.731022222222201,0.18298417362001446,3.9405461458693387,7.870510500633054,7.542184287308823,1.2887981069824739,0.16662085100334784,-1.915644360288968,-0.14715754480730014,0.6774193548387096,0.40384615384615385,1.120176061586661,1.1094841091501655,1.2557496157207315,0.06479718175988282,-1.2461946392185996,-0.0744670379850465,1.1740038780320399,0.9219719684962833,1.23643280087446,0.11625673928779932,30.12088536990259,0.0,0.0,11.0,8.122488888888789,1.3653846153846143,0.5006675567423292,0.8107025357188795,0.41108020750697993,-14.805175030105145,2.0,0.09120941718055482,1.0,19.90675555555531,84.5546095696727,0.9169554710388184
ID123_IZDA,12.0,0.634649015588902,1.6039191919190865,1.4979999999999016,0.233444344576929,4.452830188679247,7.593320280689791,8.40622980563697,1.6363083942163519,0.1330161139777835,-0.58452006508288,-0.038231284832642376,1.1977272727272728,0.542789598108747,1.2369044489158652,1.279018968761157,1.380292870509148,0.09923360118841648,-2.298184102199384,-0.15213632277882316,1.3358904835636847,0.8463936705966343,1.3128790508589347,0.0759746019430693,35.17749811983278,0.0,0.0,10.0,7.956044444443922,1.4444444444444444,0.751001335113534,0.815926703262664,0.4591706613544962,-12.721340212394448,2.1666666666666665,0.11551681700724532,1.0,18.908088888887647,82.76987034268522,0.8866521120071411
ID124_DCHA,12.0,0.6380188333707558,1.606945454545435,1.53128888888887,0.16337574684968978,2.8248587570621537,4.373012873666443,3.739819997209821,0.9785620728503122,0.2460552935604176,2.104276215785509,0.12267367475083324,0.8928571428571421,0.46999999999999975,0.7477337218510174,0.7470945681348601,0.9084822013565566,0.11161666135497976,0.2671339791009609,0.025588058024202054,0.7461174186673062,1.0452659193805396,0.8307670138194491,0.08303329196843161,20.416669451021182,0.0,0.0,4.0,2.4633777777777475,1.4782608695652173,0.7510013351134939,0.914462471666782,0.3735266791960418,-10.881847428653519,3.0833333333333335,0.21248429509053787,1.0,18.808222222221993,43.53130218823622,0.9489073157310486
ID124_IZDA,13.0,0.6839241580718247,1.4231000000000005,1.398133333333333,0.16898459972865376,0.4989162883899698,5.900186092749669,5.691742211208743,1.2544959211285502,0.1352424135531121,-2.72408156235719,-0.20336768654329695,1.0000000000000013,0.5000000000000003,0.8864216349511984,0.8559545750316684,1.167093158483208,0.15614480590611754,-1.7023382139135146,-0.12655602478773575,0.9743735598015334,0.8603937948810664,0.9957060533146281,0.10928441836342968,21.96218562090297,0.0,0.0,3.0,1.6644444444444448,1.2619047619047632,0.7510013351134845,0.8942966882731466,0.40694920997353085,-12.896608487816014,2.6923076923076925,0.3675822467341042,1.0,19.00795555555556,39.141788809578024,0.9740157723426819
ID125_DCHA,41.0,2.0391426979902816,0.4901788888888829,0.4993333333333272,0.05878875956937448,0.061795838018456485,3.827757967912614,4.780033237663577,1.8759847469477098,0.12444496900374641,-0.1594511479241195,-0.06520495163598305,1.2,0.5454545454545454,0.473466915801758,0.48787635485606473,0.5861681960779682,0.12406038127456662,-0.12997295273669407,-0.05080354872328352,0.514744515788307,0.9711693546612903,0.5902956486811319,0.11682873287937393,12.179027709727308,0.0,0.0,0.0,0.0,1.0666666666666667,2.002670226969317,0.7857618969032208,0.5136856928345684,-8.907848192784783,2.097560975609756,0.22696042468428773,1.0,20.10648888888864,34.90448624741423,0.9335617423057556
ID125_IZDA,41.0,2.063052243862864,0.48268888888888295,0.4660444444444387,0.06168463386206317,-0.15915119363395175,4.8050947634403816,5.473276759138601,2.2103154071677245,0.13748487813417268,-0.7896390442969349,-0.21630430529577815,1.8,0.6428571428571429,0.5473572343384633,0.5499102829156138,0.686649270795841,0.15699674607170094,-0.944931312161901,-0.2580989833638514,0.6255047675139125,0.776012664833003,0.595439317212002,0.048082082873538844,15.547438556983174,0.0,0.0,0.0,0.0,1.1428571428571428,2.002670226969317,0.7657816722320843,0.5378318033195182,-8.118683976566972,2.097560975609756,0.06214280118972266,1.0,19.873466666666424,35.76698391550523,0.9701027274131775
ID126_DCHA,30.0,1.5458003467173942,0.6554467432949761,0.49933333333330054,0.5442500763447995,0.9982486865148841,3.6209274916446232,4.331701596544734,1.6093180564663685,0.5354157013993885,-2.9523295442051674,-0.3996453103094886,1.3333333333333335,0.5704545454545455,0.43554073670950305,0.4063397897392827,1.2098138652233008,0.5924879760083032,-3.3659441955817204,-0.4348677982444218,0.7954976878237543,0.32683413600546213,0.5917739122762957,0.15623317556679253,13.27036865756259,3.0,0.10344827586206896,0.0,0.0,4.2,2.002670226969424,0.528174765279379,0.7479988755511721,-9.666292425245315,3.7666666666666666,0.14349979980179786,1.0,19.407422222220948,30.316294921591886,0.943117082118988
ID126_IZDA,14.0,0.7467503027005967,1.3243153846153357,1.1321999999999584,0.31191017014005795,4.034263608731693,4.082570964997719,3.399609063761766,1.2685452368975019,0.40358669081134235,-8.744147516250862,-0.5988476196554232,0.7297979797979786,0.4214527027027023,0.7759099592006754,0.8560004558615333,1.0169137511726447,0.2623238010601505,-5.651686250807273,-0.45140320997601924,0.956596213341698,0.5468463231450905,0.9221194877387706,0.14620952853809502,21.896089318178035,1.0,0.07692307692307693,1.0,0.732599999999973,2.0588235294117645,1.0010010010010377,0.8331773179586127,0.411275520636728,-7.1441379157389715,3.357142857142857,0.24003474172828487,1.0,18.74789999999931,37.47660148217626,0.9871922731399536
ID127_DCHA,14.0,0.7080147267063148,1.4672717948717966,1.4314222222222241,0.17696369500605047,-1.844926452256295,12.18377122123157,12.820850214539416,2.768936473875494,0.09887452123350368,-1.507702584674768,-0.14950828099652658,0.8663043478260865,0.46310193871169464,1.8609179513100556,1.7644681555919632,2.271089798422322,0.12602991363471114,-1.9007857520200082,-0.1840747730850386,2.1021059669259583,0.8307515616651804,2.046326192006225,0.18540824069616924,60.26330833009631,0.0,0.0,5.0,3.495333333333337,1.395348837209302,0.7510013351134839,0.9102269910710452,0.4067465826180752,-13.152372478416051,2.0,0.23056473941758712,1.0,19.77360000000002,115.71843057265842,0.9415021538734436
ID127_IZDA,14.0,0.7417297136923398,1.3597230769230604,1.3315555555555392,0.2023058230055863,2.5154694646220106,9.56034765779472,8.34965042615443,2.9800461463808126,0.12804488370217515,0.504008590305915,0.06627697992584491,1.4841269841269842,0.5963894261766602,1.7190492984934207,1.767702266326884,2.030766911636226,0.13756222465224038,1.4221276999370074,0.18905934626044685,1.613678415242165,1.204903306365681,1.8339598674014514,0.11491056890803046,54.518971619795416,0.0,0.0,2.0,1.1318222222222083,1.35,0.7510013351134939,0.8572776487664773,0.46391378394483557,-8.925431535114887,4.785714285714286,0.2314106789277192,1.0,18.874799999999766,95.18394113851552,0.9178690314292908
ID22_DCHA,26.0,1.233872651687257,0.817575111111101,0.7989333333333235,0.1653234858690491,-0.5449761964419971,8.039241041422882,11.010779401845527,3.1559965046557754,0.18383343278897657,-1.982223568772443,-0.33045378748531684,1.8888888888888888,0.6538461538461539,1.247194454821627,1.3087141636148576,1.4906826625735186,0.15371873648643086,-1.5135939088519175,-0.26856886364353827,1.3647507684252698,0.7611677047061997,1.3290497192593376,0.08185526443771016,28.67570182133443,0.0,0.0,0.0,0.0,1.625,1.251668891855823,0.8732383386058659,0.4478778071270017,-9.161889138581241,2.3076923076923075,0.3760705749613284,1.0,21.07186666666641,92.2911772663231,0.8861745595932007
ID22_IZDA,29.0,1.5124332443257715,0.6633999999999984,0.665777777777776,0.059868434008925046,-0.02746535931556051,15.372984371765375,19.14451780361841,6.096993757997601,0.09880993428950437,0.861783067241333,0.1742358388408185,2.333333333333369,0.7000000000000032,2.0823910113158965,2.0428789042462396,2.511873173844308,0.10056513603692575,0.9747691654020854,0.18511259491357723,1.8584768717999176,1.222895592950857,2.112153738625241,0.029762727309343956,71.00016377752374,0.0,0.0,0.0,0.0,1.1000000000000028,1.5020026702269726,0.9126529154521426,0.39451005376268733,-8.057950342158803,2.0344827586206895,0.15786736376782204,1.0,19.174399999999952,131.3913627480295,0.8936125636100769
ID23_DCHA,19.0,0.891814085447274,1.1262740740740602,1.0985333333333198,0.2638573742037848,-4.389269319342979,5.758532515638829,7.792960388183277,2.0630239176615084,0.1269099946877135,0.5628771979241436,0.11585044962472124,1.8333333333333253,0.6470588235294108,1.097934040908929,1.127500756074608,1.3650216393932215,0.08924546002454686,-0.7026564547017355,-0.07418963474773888,1.1193604970829076,0.9376407933679537,1.3068104202060395,0.20887637929711045,31.575457831601582,0.0,0.0,1.0,0.6324888888888811,1.4848484848484849,0.7510013351134939,0.7277124368121772,0.5168326218272016,-10.034188830708533,2.8421052631578947,0.3323912772855381,1.0,21.304888888888627,65.55298494575862,0.967326819896698
ID23_IZDA,26.0,1.351282679096872,0.7443395555555861,0.7323555555555856,0.13849897567689384,1.1352690243566783,12.385997665742915,12.160890647448184,4.393911351538405,0.19288740317919098,-2.060415275041198,-0.3354273557773694,1.275,0.5603864734299517,1.644289115829752,1.677391433809221,2.063517373459715,0.1398242410773295,-1.3868500146843943,-0.21040820739028332,1.73138965190671,0.7613632953248007,1.7449260413864986,0.10063692555674636,43.955243202002784,0.0,0.0,0.0,0.0,1.3636363636363635,1.2516688918557564,0.8245614225286734,0.49463584465446153,-7.887967382841021,2.5,0.2909923952658794,1.0,19.240977777778568,88.74888248430555,0.9731225967407227
ID25_DCHA,60.0,2.975255789351854,0.3361619585687423,0.33277777777778184,0.34615033316574906,0.04165702383707402,5.347843131646655,5.355536718346944,2.8700634800538682,0.4507290470415763,-1.8642566783829284,-0.49622867983902397,0.8000000000000043,0.44444444444444575,0.48642323996841014,0.428220859692811,1.099651792908775,0.49970244649310547,-2.0648480737686454,-0.5141664495742949,0.9773607891447075,0.28002703269354867,0.6954967521531568,0.20907351218474662,14.682318313100932,1.0,0.01694915254237288,0.0,0.0,2.4,2.7545909849749246,0.32633709052947873,0.8249148835172684,-7.571589297863504,2.816666666666667,0.3107378033569762,1.0,20.16633333333358,21.19773708822349,0.9625219106674194
ID25_IZDA,40.0,2.0970368868788376,0.4737264957264962,0.3661777777777786,1.101854469728943,3.8406827880512107,3.0379649918179,3.3085208472392518,1.6535876762631756,0.4176335018057702,-2.2646856252804017,-0.5225485438334616,1.0384615384615445,0.5092592592592607,0.31385791078197356,0.29850211017565015,0.6327605683904577,0.40274979260689237,-1.772749100216641,-0.4280651719162111,0.43664793703692456,0.35081759521682143,0.5127336219407387,0.19887571115876523,9.257779485524692,3.0,0.07692307692307693,1.0,0.5659111111111117,9.545454545454533,2.5033377837116126,0.3259744709793175,0.8510339213459344,-6.3750597073785595,3.15,0.15235438386476938,1.0,19.074533333333356,8.872034324378966,0.974260687828064
ID26_DCHA,31.0,1.5918660778474056,0.6280503703703626,0.6324888888888811,0.3297976611072085,1.1532248238128713,9.239770857190104,12.677707608463258,4.401386009485264,0.12426992193598338,-0.7016059730559105,-0.14954045273326522,2.5,0.7142857142857143,1.32780649297161,1.2735796113992583,1.6356839462011468,0.13741975120790356,-0.18420570669096675,-0.04669550589168514,1.2739594577277038,1.018126119359999,1.571714203218808,0.2439077102471979,40.65437823782789,1.0,0.03333333333333333,0.0,0.0,2.4210526315789473,1.5020026702269877,0.7549170347394397,0.5646826149652743,-8.397890230268587,2.225806451612903,0.1777991589151805,1.0,19.473999999999762,80.74213016643716,0.9220383167266846
ID26_IZDA,28.0,1.4112776767233255,0.7113958847736633,0.699066666666667,0.10513518813243068,0.1942598129773192,9.28831199124904,14.059113770166755,4.383747107010863,0.1289728580282751,-1.2700448259513852,-0.2117951912657493,2.3333333333333335,0.7,1.6096942578306621,1.5557939864166932,2.0747367731660593,0.11051634944178135,-1.1419223471393463,-0.18995563858623288,1.908053159878019,0.7896872119430122,1.8328065719985531,0.22311231416789087,48.97589211829547,0.0,0.0,0.0,0.0,1.2857142857142858,1.5020026702269678,0.8589726170520843,0.43927250951246277,-7.721471820336856,2.0,0.15489704326110373,1.0,19.840177777777797,91.67982278099521,0.9572288990020752
ID27_DCHA,24.0,1.2219682740829079,0.8293275362319181,0.8322222222222564,0.09161888131522991,-0.6425511661113762,10.898799627627044,14.055226025233026,4.170387091519678,0.07487982056102965,0.3624318474729762,0.05540191178877096,1.4444444444444444,0.5909090909090909,1.7497421090461351,1.7235341011480407,1.9886862870666822,0.06088212908405674,-0.3779177429455561,-0.05109040096930151,1.861809848878941,0.8996474732997412,1.8560366462626874,0.1062945372165524,53.84706495642928,0.0,0.0,0.0,0.0,1.2,1.2516688918557564,0.8656253459182109,0.41655457202499774,-9.638798628989719,2.2083333333333335,0.0988141283914214,1.0,19.64044444444525,104.05836964403397,0.9402678608894348
ID27_IZDA,24.0,1.1956240161010687,0.8380115942028994,0.8322222222222244,0.09705714209483338,0.09420631182289065,9.58344992420049,12.803256475605773,3.350026298954454,0.059155398694257205,-0.431727150100248,-0.07377459788296559,3.500000000000016,0.777667984189724,1.4195526629903243,1.3912246032627247,1.6936453437810353,0.0704985777988479,-0.6348113072769445,-0.10700904162461311,1.5366957776234376,0.8833521714739115,1.4865940312677182,0.06704136827739349,44.02608571077241,0.0,0.0,0.0,0.0,1.2399999999999987,1.2516688918558063,0.7954896241560425,0.5008749795349885,-10.897290978636239,2.2083333333333335,0.18862323713376455,1.0,20.07320000000002,91.84066693995983,0.8383994102478027
ID29_DCHA,33.0,1.6945671151278834,0.5877569444444373,0.5825555555555493,0.07303968241402935,-0.5678249811849546,10.282995150455827,14.012643558903681,4.7929756971148185,0.1383907165920076,-1.320350151850034,-0.26775523890815656,2.4,0.7058823529411765,1.44824186987489,1.4627960572905112,1.78196830233213,0.1355043418429318,-1.3495538898889246,-0.26412524236856383,1.6926987140424878,0.6993048464194226,1.5220240415306807,0.07378217165579093,41.081606925657084,0.0,0.0,0.0,0.0,1.142857142857141,1.7523364485981523,0.8737886532121104,0.44234421545927916,-6.348857754796988,2.0303030303030303,0.1330716748902062,1.0,19.473999999999762,84.9054533362237,0.9308633804321289
ID29_IZDA,32.0,1.5758716540086428,0.6389318996415693,0.6324888888888811,0.05362371809594575,-0.016806722689076913,11.489840649688395,13.930738233763012,4.693304628184082,0.0699919351916234,-0.4308808424657718,-0.07271073941200057,1.6696428571428505,0.6253132832080192,1.5572226748039548,1.5628510491031975,1.7225232488897766,0.048832641020769806,-0.2114258214936515,-0.029920010097515548,1.5677773751755844,0.9131503584082366,1.6928835906131847,0.13566091580922993,49.680128243837345,0.0,0.0,0.0,0.0,1.1578947368421053,1.5020026702269877,0.9171378014622287,0.3774672810966878,-8.502628085145577,1.96875,0.1647686857378271,1.0,20.306222222221972,98.43965392358697,0.9822211265563965
ID30_DCHA,29.0,1.4375603114383708,0.6907444444444361,0.6990666666666581,0.10028679608920621,-0.14639840148772285,9.94285828692076,17.65445528965469,5.2646689268363716,0.08841470501300736,-0.7246904462286768,-0.13245911227992468,2.9999999999999574,0.7499999999999973,1.9074443958455722,1.917279989901349,2.177032860969597,0.05202286217312612,-0.22570872769110523,-0.04596950883786144,1.9633841797434006,0.9671047837739809,2.1012535528844567,0.19380915703888432,58.04630896058579,0.0,0.0,0.0,0.0,1.2380952380952381,1.5020026702269877,0.8557352177787074,0.4603271170972653,-9.010525894988763,2.3793103448275863,0.19420992048170468,1.0,20.173066666666422,100.14919266791213,0.9404311776161194
ID30_IZDA,28.0,1.3861653002119594,0.7160884773663021,0.6988333333333792,0.10068479037665863,-0.35179966333150287,8.5475822737861,11.187189275871063,3.6949077929986855,0.1881265525585346,-2.0694974025287216,-0.3187220905599629,1.15,0.5346320346320346,1.3702985149245637,1.3040544501097213,1.8081291253967022,0.14583465795039566,-1.48792660240529,-0.23619332723974706,1.6584907673685538,0.7268196471855717,1.4417320731297376,0.07143355820517416,38.8509582987091,0.0,0.0,0.0,0.0,1.2857142857142858,1.502504173622606,0.9015342687812297,0.3972794331315853,-7.631625044091626,2.0357142857142856,0.3224275998894601,1.0,20.199611111112436,83.68866369528209,0.9708351492881775
ID32_DCHA,20.0,1.0252577953767834,0.9776421052631459,0.9320888888888774,0.15474575731127543,-0.02389486260454293,12.51042714863273,15.462135496690362,3.618096476963971,0.06074979314134389,-0.3389066810729773,-0.05153836473998874,1.5050505050505016,0.6006441223832523,1.725000982106998,1.7295456302775638,1.9269302008647742,0.06433929096621285,0.7380756813044356,0.11446729866929894,1.6417831222146169,1.1166109774569337,1.7915423473167107,0.06654136520971266,54.64378665083674,0.0,0.0,0.0,0.0,1.3214285714285734,1.0013351134846584,0.8288574682371037,0.46943700170249886,-10.934877816023093,2.1,0.15243351867195576,1.0,19.50728888888865,118.91903462011635,0.8683109879493713
ID32_IZDA,21.0,1.0802073998207788,0.9254311111110999,0.9154444444444341,0.08011171745079164,-0.14604857467409496,10.395494563372306,12.206765588776957,3.2998132303185796,0.1057677463188644,-1.1489411474573137,-0.1173589962202205,1.9000000000000052,0.6551724137931041,1.54006698296302,1.5515439934699233,1.6881239575975406,0.047650070075176756,-0.3267169196119731,-0.026827870701915613,1.5902744529580604,0.9295244049773094,1.6216735007512955,0.08160651778827524,48.15041496240949,0.0,0.0,0.0,0.0,1.1999999999999988,1.0013351134846584,0.8300387052034887,0.4518732924094405,-10.342664353803972,2.0,0.15488757155188512,1.0,19.440711111110872,109.12993241916762,0.7748629450798035
ID36_DCHA,26.0,1.3104721283859624,0.7643128888888795,0.765644444444435,0.05150433971809917,0.14071294559099412,10.117523017980751,11.737366528904532,4.006984080136277,0.1424313423263617,-1.5568949423084544,-0.25565977083257996,1.2403846153846154,0.553639846743295,1.5098358826849105,1.4738442694991674,1.744468723490197,0.08382723305785597,-1.0493659077782018,-0.17028271621082192,1.685674773438317,0.7973851307471786,1.561684016426661,0.05184813374175089,49.71452108086291,0.0,0.0,0.0,0.0,1.0869565217391304,1.251668891855823,0.9311729163843855,0.3675201019922713,-8.003319164604342,2.0,0.2642606505707162,1.0,19.840177777777534,109.59285601085466,0.9013133645057678
ID36_IZDA,30.0,1.467755052339037,0.6829961685823851,0.6990666666666758,0.09284858700459268,-0.15846338535414392,7.044692025640976,9.810756296483815,3.468083713617631,0.0920132680779189,-0.7556305924788743,-0.13504828372344801,1.7321428571428603,0.6339712918660292,1.2217611006571854,1.219153863518558,1.3838065446066388,0.056064933088024856,-0.13385256893064112,-0.01938923154935135,1.246616412089544,0.9833424908562326,1.3896528403236597,0.16789173966647394,36.61144289857277,0.0,0.0,0.0,0.0,1.190476190476192,1.5020026702269478,0.9278386725970272,0.3814600256504849,-7.288431525493216,2.033333333333333,0.19395695769450658,1.0,20.43937777777807,100.59502903872172,0.9459976553916931
ID40_DCHA,27.0,1.3473113653198894,0.7477196581196489,0.7489999999999899,0.07634759181372561,0.47184170471841647,4.143829452884332,7.312775900896971,2.274281996181831,0.1531873752872668,-0.2414736662944976,-0.028051420838659746,1.818181818181827,0.6451612903225817,0.8412416339599107,0.8462456816180915,1.0270479185727988,0.09884887413250182,0.6296407555589437,0.11599765220540625,0.8217398944315308,1.1484639532373677,1.0199501276666199,0.1787084937067089,22.655477950707954,0.0,0.0,0.0,0.0,1.155555555555557,1.251668891855823,0.9060916047877257,0.39470323214231035,-7.944891844457354,2.111111111111111,0.2764570047506909,1.0,20.039911111110865,48.02131203217097,0.9763737916946411
ID40_IZDA,26.0,1.3305645460273143,0.7536604444444351,0.7323555555555465,0.10810642078288582,0.7644740418592004,3.5640906651257587,5.207941076125564,1.834143261585807,0.2944739206268212,-2.7117983909460657,-0.37596325168528777,1.4,0.5833333333333334,0.7016793709800726,0.7325482637971161,0.9466578465482585,0.22062097480259588,-2.0521162620392714,-0.2991324983454914,0.8768257210552995,0.7033538542559555,0.9059312244655587,0.20425185348548622,18.715090665503435,0.0,0.0,0.0,0.0,1.2272727272727273,1.251668891855823,0.8833410352588742,0.42589939167241136,-8.17207886979179,2.3076923076923075,0.3320260682718883,1.0,19.54057777777754,37.3213478048838,0.9684573411941528
ID43_DCHA,27.0,1.420457866764558,0.6952256410256419,0.5992000000000002,0.41665013245177346,-0.7055453243298558,9.262474088199992,9.1448595348661,3.285824788506142,0.22695800744975173,-2.4495471723346407,-0.3619740826214417,1.800000000000002,0.6428571428571431,1.0935146090297658,0.931654596456678,1.8050287558119607,0.33132711282506055,-3.4978454885448738,-0.45283170584901333,1.6903479824022623,0.4955883342263215,1.2486703645250714,0.1551557554953054,29.352580933099198,1.0,0.038461538461538464,1.0,0.5659111111111117,2.888888888888891,1.2516688918558063,0.6261083963331487,0.6615119874493559,-9.0306483554178,2.5925925925925926,0.34672892732690136,1.0,19.007955555555576,49.72440381308253,0.9583460092544556
ID43_IZDA,20.0,1.0614859860261396,0.9128163742689948,0.8987999999999889,0.23013427696463512,-0.7101727447216876,7.395691896753023,8.318763146775582,2.228369462892517,0.23236294809202457,-3.1394146678639183,-0.33635807891602254,0.8046218487394958,0.4458064516129032,0.9775642245728434,0.9453307845220349,1.3390171191160687,0.24718110404883087,-3.3251086809180403,-0.36513608518730845,1.2313625508310708,0.6466167743289758,1.0024880200333444,0.024923795460500657,28.74328860329026,0.0,0.0,0.0,0.0,1.5555555555555556,1.0013351134846584,0.8129983304669121,0.5181148833668128,-9.875024330744452,2.65,0.6688937330983957,1.0,18.841511111110883,35.85981717344254,0.9482671022415161
ID44_DCHA,27.0,1.3747143083432714,0.7272341880342179,0.6824222222222502,0.15993049224191216,-1.6400625978090757,15.09200645268128,16.579022960739614,5.3763335089570505,0.12758341029022893,1.1042987551472752,0.18839701620252947,1.5454545454545454,0.6071428571428571,1.9449443002707634,2.0039110542162493,2.084913274962103,0.07568617557538306,0.5858720338824737,0.09774813139189731,1.7090850842788938,1.1817819800439222,2.0385732284385867,0.09362892816782349,63.46492401931803,0.0,0.0,0.0,0.0,1.3658536585365855,1.2516688918557564,0.7613345253407706,0.5186451161615173,-7.079700657302343,2.0,0.1222800575082289,1.0,19.64044444444525,115.22007743544022,0.9431154727935791
ID44_IZDA,27.0,1.3747143083433284,0.7285145299145299,0.7323555555555554,0.1024319657005113,-0.29213044327279497,6.988030489733847,9.593988664467654,3.3040018543140186,0.1472819816749469,-0.4413714236953229,-0.055662921859949255,2.0,0.6666666666666666,1.235449494296931,1.2282636633443986,1.464075019045359,0.08144023243679599,-0.3985264285577489,-0.039622839096983165,1.319001515910733,0.9024271722682117,1.3541432504889959,0.11869375619206508,39.881893550245515,0.0,0.0,0.0,0.0,1.1818181818181814,1.251668891855808,0.8125997509421321,0.48276949116550444,-8.700344144273586,2.5925925925925926,0.2580901098282736,1.0,19.640444444444437,90.28002392159755,0.8257128000259399
ID50_DCHA,33.0,1.6171643757745493,0.6220861111111118,0.5992000000000011,0.2858113438859833,0.41389185849214294,6.754800325982354,9.217138095858559,3.1396054463617173,0.26469642701255164,-2.312121365182664,-0.4128558564071877,2.4,0.7058823529411765,0.9678552161613082,0.9588853974833724,1.4169602296155617,0.24793165409321083,-1.9565953897510495,-0.362379080201397,1.2228238227553456,0.649113444986195,1.1270259714476305,0.1591707552863224,31.47662757063376,1.0,0.03125,0.0,0.0,2.333333333333333,1.752336448598129,0.8063531499351433,0.5328224652587045,-8.092719497768233,2.090909090909091,0.2266415826030563,1.0,20.40608888888891,88.32535876721913,0.9064158797264099
ID50_IZDA,32.0,1.573817792337918,0.6397921146953824,0.6322777777778192,0.20624620799153348,0.7466442953020117,6.9722331634692996,9.711516488962053,3.523370160577424,0.1516383698985735,-1.2141542882458842,-0.24091024419538765,1.6904761904761905,0.6282894736842105,1.1333404749837186,1.1612378108942092,1.3693554573835895,0.10540206885479088,-0.7829502134310502,-0.15080634251984082,1.2388072831735983,0.8167550200897443,1.2323074568830579,0.0989669818993394,34.30121958478635,0.0,0.0,0.0,0.0,1.9473684210526316,1.502504173622606,0.8820061854609482,0.42840181004615896,-7.777458726375189,2.1875,0.4207150728848192,1.0,20.332722222223556,66.84388651343819,0.9611631035804749
ID981_DCHA,53.0,2.6491228459910263,0.37770085470085013,0.3661777777777733,0.2754119945349098,0.5801463533926534,9.356010735968335,10.682393917694311,5.630880374330691,0.18911992074020897,-1.1079362313687038,-0.32984563874803874,1.1666666666666667,0.5384615384615384,1.145192134492985,1.1245918953013556,1.549605762862714,0.18989556200953878,-1.0088751412454515,-0.29954167294224243,1.528930233834654,0.5911053684890017,1.2911163919048017,0.14592425741181642,36.12159715703627,1.0,0.019230769230769232,0.0,0.0,2.909090909090909,3.0040053404539755,0.6225528242703857,0.5481099976583,-5.243064230330618,2.0377358490566038,0.19088699162392098,1.0,20.006622222221978,88.67779111872275,0.8986095190048218
ID981_IZDA,48.0,2.4356800057734773,0.4122156028368771,0.3661777777777768,0.3001123615075639,1.2401015986851935,6.8722277866979065,8.642060540157068,4.274739462458097,0.1591943327598429,-0.8000447987036446,-0.23149943201611112,1.309523809523807,0.5669642857142851,0.9270857751780176,0.9729554266252542,1.1351942866260922,0.15815920862771327,-0.14324111347015228,-0.0748790974015131,0.9763282550352976,1.1270954848185097,1.065759786653131,0.13867401147511346,28.98855508696759,1.0,0.02127659574468085,0.0,0.0,2.7272727272727204,2.7536715620827925,0.6807966851639274,0.6117407522662761,-6.096330066055194,2.1041666666666665,0.12230456273872604,1.0,19.70702222222211,53.26038684641956,0.9744464755058289
ID982_DCHA,59.0,2.9737636759527213,0.336906513409962,0.33288888888888923,0.08014060297334938,0.2142769217676469,9.527908769853353,12.886386593858756,6.426902997892413,0.15152132094546153,-0.5520455028049632,-0.1751566269262934,1.5,0.6,1.2270545509760828,1.2016200122211376,1.59967772540911,0.13993453777565176,-0.4423244044505271,-0.12811006325674268,1.4221855450147167,0.7196082596114073,1.442876489112375,0.21582193813629225,37.033206260933255,0.0,0.0,0.0,0.0,1.2,3.0040053404539355,0.8469947039367408,0.5037447668104791,-6.665175501240907,1.9830508474576272,0.13494359013143759,1.0,19.8401777777778,75.38337432216353,0.9067121744155884
ID982_IZDA,69.0,3.501290008299304,0.28589281045752046,0.2996000000000034,0.08290218107472787,0.02177913292382467,14.517335903442802,16.83501231990067,9.23190553034551,0.10015977594904868,-0.24855259396228352,-0.11638870032846405,1.25,0.5555555555555556,1.5259825519575767,1.5578279066408456,1.9627150423080182,0.12329742086595447,-0.3158977563772836,-0.14568648410125618,1.6531437053515083,0.828587479653047,1.6127333268335207,0.08675077487594383,48.87866249269945,0.0,0.0,0.0,0.0,1.1111111111111203,3.5046728971962113,0.8723499793195963,0.46955416631220437,-5.870851756196525,2.0,0.1901940855926816,1.0,19.707022222222506,110.81520787944045,0.8495449423789978
ID983_DCHA,32.0,1.6292910321106304,0.6163813620071609,0.6324888888888811,0.16905239680429554,0.6729094076655042,5.253790374260245,5.762715104897741,2.003267251097113,0.17784025781979595,-1.4196380646459712,-0.2656010562993918,1.5,0.6,0.6171854892428076,0.5996439805276392,0.9046533809794773,0.1463524714008626,-0.8447417568517056,-0.17442142807709016,0.7603275818196462,0.759889341206829,0.7165318812056006,0.09934639196279307,2.9854606666637045,0.0,0.0,0.0,0.0,1.368421052631579,1.5020026702269877,0.819683043201348,0.49264060332626425,-8.663037577108089,2.59375,0.2544965083068472,1.0,19.640444444444206,46.668425080649186,0.9713481068611145
ID983_IZDA,31.0,1.546913049070966,0.636927407407407,0.6324888888888882,0.06711275360368699,0.2930084918201778,8.699969828504774,9.886799477601874,3.2640244184021223,0.067795510351578,0.14452692034050485,0.047718734931468276,1.0769230769230782,0.5185185185185188,0.9969883143899592,1.0031076912576853,1.1349365573706525,0.07394978485043564,0.18164266656335948,0.06307225365492553,0.9930897818860702,1.0048165785703553,1.090656173208441,0.09366785881848184,17.97098052821562,0.0,0.0,0.0,0.0,1.1578947368421035,1.5020026702269704,0.7314211166219601,0.557411446450304,-10.139878580467894,2.5806451612903225,0.23491349166291176,1.0,20.0399111111111,64.51216784459221,0.9805212020874023
ID984_DCHA,25.0,1.2664440727040198,0.8003203703703713,0.6990666666666672,0.4627837364669518,2.609599879436362,3.700174348982279,6.259133759216773,2.026045603768435,0.24854411897377943,-1.9171529062143333,-0.2795945372779185,1.6249999999999982,0.6190476190476188,0.7145549126550628,0.6676380559943252,1.3033356843054698,0.33597915793728517,-2.4103422639095413,-0.34816424269445556,0.979209456362249,0.4924221455002259,0.8817631638179221,0.1672082511628592,18.66482292949449,3.0,0.125,0.0,0.0,2.8571428571428554,1.5020026702269678,0.7742217242525786,0.5619571049651672,-7.757375572304641,3.52,0.13744994528619958,1.0,19.740311111111133,34.96848959084383,0.9653105735778809
ID984_IZDA,31.0,1.6252035873310995,0.6169540740740747,0.5992000000000002,0.30514115194889896,0.14404494202190826,5.514415870067335,7.046329136758025,2.5156227976259222,0.24813300394960233,-1.7463171711899803,-0.26321071392054374,1.6,0.6153846153846154,0.7644936171097546,0.7620243937271358,1.0664409628871898,0.19765519276023646,-1.2894419410416702,-0.19734247574501318,0.9623433181910533,0.6583045283256705,0.8259161709077707,0.06142255379801591,4.1808863406645616,1.0,0.03333333333333333,0.0,0.0,2.5000000000000013,1.752336448598129,0.8305443600030876,0.5031782593640738,-9.163655025003218,2.774193548387097,0.12886474588654642,1.0,19.074533333333353,43.89645690920943,0.9936597347259521
ID985_DCHA,29.0,1.4740466137591421,0.6740999999999918,0.6824222222222129,0.17737805346154029,0.014866170677155541,9.606069566230858,10.641670837398795,3.6323253527659274,0.12426456731842477,-1.0288096827815505,-0.19603738980319152,1.625,0.6190476190476191,1.255086664129784,1.2946723288187554,1.6269152785875467,0.15691884058899366,-1.4697697232135019,-0.2781100120827247,1.4809515032533134,0.6942651547176782,1.567823296912593,0.312736632782809,42.05778888581294,0.0,0.0,0.0,0.0,1.317073170731709,1.5020026702269877,0.7758994670056568,0.5254158288052988,-8.560948161837503,2.4482758620689653,0.415308410019629,1.0,19.67373333333309,70.43815391852277,0.914988100528717
ID985_IZDA,30.0,1.5894208150549924,0.6267494252873569,0.6324888888888895,0.11251445094071559,0.2171637885923574,9.52792261128665,9.866329951911883,3.908892782839469,0.08788330241403768,-0.19719796460085307,-0.032268908787009054,1.354166666666655,0.5751879699248099,1.2906696012721588,1.302693144340668,1.49494481369432,0.06579916560959273,-0.2947272891544573,-0.04458213529401034,1.3822932862376418,0.9347453469811583,1.3838711177211638,0.0932015164490053,38.78465415846166,0.0,0.0,0.0,0.0,1.263157894736842,1.5020026702269678,0.8213398409507847,0.4699917888709624,-8.627161759487002,2.1333333333333333,0.178910391299026,1.0,18.87480000000002,74.6313466217572,0.9811352491378784
ID986_DCHA,20.0,1.0131552581632295,0.9741380116958946,0.9320888888888774,0.07506703868600449,0.17985611510791302,9.121326284272353,11.03686912173678,3.124364272266923,0.15924424462282577,-2.3279375167795786,-0.2796128596788393,1.75,0.6362433862433863,1.5770511595362042,1.5873865162920904,1.8464637869159743,0.07921810356109983,-1.0990167044721182,-0.15205997870585108,1.7183714032530335,0.8513337252987105,1.6894898199083639,0.11243866037215958,46.694697596117635,0.0,0.0,0.0,0.0,1.2142857142857142,1.0013351134846584,0.8520223466580907,0.4251016683486082,-8.573693189532458,2.05,0.312754332629486,1.0,19.74031111111087,81.38193755275442,0.936329185962677
ID986_IZDA,20.0,1.030533564478187,0.9758900584795397,0.9986666666666757,0.12765808857903915,0.191502094554162,8.208578279616669,9.012454216164182,2.7413145836986894,0.12877534055041884,-1.7312575247229571,-0.19971856516325603,1.477272727272728,0.5962962962962963,1.2806163079850605,1.265656686145558,1.504822489729976,0.07122727776084133,-0.6649625428632314,-0.06954245419439486,1.3484873277582863,0.9288178575261865,1.3732878611861712,0.09267155320111067,38.7263633384944,0.0,0.0,0.0,0.0,1.2333333333333318,1.0013351134846384,0.7990045208941877,0.45940497466532965,-9.857028766619083,3.4,0.15582504547342818,1.0,19.407422222222372,60.84761831424778,0.9498199820518494
ID987_DCHA,14.0,0.7092086807142797,1.441664957264901,1.4314222222221664,0.05611214564451632,0.4821111393047464,14.204724411638844,16.401103769746705,2.6723477285838335,0.040326377840868545,0.043019451323114376,0.018997340208811497,4.299999999999988,0.8112535612535609,1.652842936092831,1.6472065365604078,1.7625552346224511,0.04116435619215096,0.23560355679090447,0.04128055443934797,1.646244844475072,1.0333915700028626,1.7807318904745095,0.1278889543816786,51.00708478295709,0.0,0.0,3.0,1.631155555555492,1.1162790697674418,0.751001335113514,0.874647456138465,0.4125410052250495,-16.744609852823192,2.0714285714285716,0.1967995293265878,1.0,19.74031111111034,114.86840337786562,0.9375932216644287
ID987_IZDA,13.0,0.66755674232307,1.5312888888889518,1.5812222222222871,0.11400096175762517,0.015202189115236275,11.442002115244264,13.296727744736378,2.4210100427545065,0.12264154018059735,-0.963603045070412,-0.10885611163117148,0.6111111111111112,0.3793103448275862,1.6797831373941972,1.6839916297853514,1.7606112671120528,0.030769195625885832,0.12994695213687207,0.02332353955245492,1.6600747786060481,1.0191590237329573,1.789777885659249,0.10999474826505205,53.88553579871381,0.0,0.0,7.0,3.89480000000016,1.0947368421052632,0.7510013351134539,0.8950333460229545,0.38591339132375724,-14.482172192084434,2.076923076923077,0.2511195072520333,1.0,19.4740000000008,105.8382574609573,0.9072262048721313
ID988_DCHA,15.0,0.756041612530363,1.343444444444428,1.3149111111110958,0.35324258995103297,-5.081007488087135,10.371155989964924,12.47198889878366,3.7609343981223997,0.4723796699266859,6.731786233333647,0.7260195478861373,1.0000000000000355,0.5000000000000089,1.588486688226874,1.5712861712370993,2.5288534646051555,0.2077993451158461,2.5714911579313515,0.19984096413843289,1.4376033489355566,1.1998409641384329,2.0326937342563824,0.44420704602950806,80.18892913253322,0.0,0.0,6.0,3.761644444444398,1.873417721518986,0.5006675567423292,0.7794720676866679,0.4487204323400487,-13.807726532039435,3.8,0.45955653959016146,1.0,19.840177777777534,67.15948839246317,0.9637585878372192
ID988_IZDA,13.0,0.6497848490166582,1.5562555555555575,1.581222222222224,0.13865984653899754,-0.9199356792939597,3.1289726297355283,4.200756017420922,0.9428791573650778,0.2575727663919917,-3.8495962061938283,-0.3313985058553768,1.0370370370370365,0.5090909090909089,0.6906629544518066,0.716288367603214,0.8035061221869946,0.1257829272355917,0.31277348866491933,0.030060713552381824,0.7033614672396732,0.9736028773666572,0.724443525294171,0.033780570842364466,17.47320214021331,0.0,0.0,1.0,0.5326222222222228,1.2421052631578948,0.7510013351134839,0.9268693146018484,0.35901718259335297,-10.472032906461148,3.6923076923076925,0.22043678285636403,1.0,20.006622222222244,39.15954226714179,0.9755002856254578
ID989_DCHA,12.0,0.5899846822495454,1.6765494949494966,1.7643111111111125,0.30435375558573985,1.8953068592057785,4.819924740860076,3.7270914919079257,1.0155871347905725,0.20038049551190582,-2.4220361875968006,-0.1588678767245585,0.27908343125734447,0.21803160919540238,0.7769202784304419,0.752693444511654,1.0979750017884573,0.18721260055428288,-1.0731091234947991,-0.02748336893282488,0.8233290816234204,0.8959291169341237,0.9514156823345902,0.17449540390414853,19.95134187223211,0.0,0.0,6.0,4.9933333333333385,1.3962264150943402,0.5006675567423226,0.5782088068158927,0.5203966457071065,-9.837453411076908,3.9166666666666665,0.19056521897382753,1.0,20.339511111111133,49.25075752720002,0.8611370921134949
ID989_IZDA,15.0,0.7715767141576941,1.274488888888882,1.2483333333333269,0.25447104644220103,-0.022962112514348675,6.835544844592203,6.696990961778714,1.619032452159646,0.17182143877366923,-3.1006584925373786,-0.27156162684094265,1.499999999999998,0.5999999999999996,1.011450484339894,1.0136775049283309,1.3210908876835634,0.2011572556249808,-4.26359021686052,-0.3518660843379112,1.254367830939811,0.6481339156620888,1.0838219502507584,0.07237146591086437,23.349057510825027,0.0,0.0,10.0,6.1584444444444095,1.5999999999999985,0.7510013351134888,0.7925136695815597,0.46744279649679416,-9.957427464747314,2.533333333333333,0.1910746179927413,1.0,19.440711111111,60.36632844677019,0.969459593296051
ID990_DCHA,26.0,1.3215590330254376,0.7589866666666574,0.7323555555555465,0.19575362810895933,1.5114709851551942,9.037485816738524,8.654893955181663,3.109771412746823,0.22864426121007614,-2.4653400486297508,-0.3222271740102598,1.0940170940170941,0.5224171539961013,1.161067615220168,1.144795075775096,1.4849187319412107,0.12049756426193112,-1.2029078906275106,-0.1718270581795267,1.336192796335712,0.7688670007828737,1.2902653202397747,0.12919770501960648,34.55799945258679,0.0,0.0,0.0,0.0,1.5909090909090884,1.251668891855823,0.7488786088262316,0.5283615702152938,-9.290942128960786,2.1923076923076925,0.18694733358506363,1.0,19.67373333333309,77.13917311036656,0.8934934139251709
ID990_IZDA,25.0,1.324517345879178,0.765644444444435,0.7489999999999908,0.36935202717027993,2.880907372400756,5.94506372492604,7.462302874233343,2.3832644994721504,0.23341791357498098,-2.4195822649513095,-0.3603410262882326,2.0,0.6666666666666666,0.8143025067036906,0.7561800269778666,1.0759347335382095,0.18924902993536366,-1.4605637159903544,-0.22590023501687284,0.8382171348232095,0.7965978497307639,0.9157122434383959,0.10140973673470541,22.804000370909517,1.0,0.041666666666666664,1.0,0.5659111111111041,2.0444444444444443,1.251668891855823,0.5165215684981307,0.6934435079169259,-9.768074071559294,2.64,0.08934676062603084,1.0,18.87479999999977,57.15068187536176,0.9225272536277771
ID991_DCHA,24.0,1.2016021361815743,0.8278801932367159,0.7989333333333342,0.17758314086755914,-1.5416401780038167,9.951412313508596,11.869197757091426,3.047204273895493,0.07148170865571665,0.0013878555267361576,0.024097948309563355,2.383333333333333,0.7023460410557183,1.2541279016963873,1.2578069156421436,1.5357097871891385,0.06835877340098155,-0.4323798746437049,-0.057989085103502314,1.3567364801247015,0.9179138239859792,1.356428170290594,0.10230026859420678,35.603401969151825,0.0,0.0,0.0,0.0,1.458333333333334,1.2516688918558063,0.8505951099560226,0.4875331626997052,-9.27034731835523,2.0833333333333335,0.3157461968822601,1.0,19.973333333333354,71.0252951130762,0.9328122735023499
ID991_IZDA,27.0,1.3495531479576208,0.7400376068376372,0.7323555555555856,0.09023117515851417,-0.06459054209919149,6.935875549827926,12.784756985795598,3.710052958445429,0.17780576910814347,-1.7312894951896447,-0.26839756417621785,2.6666666666666665,0.7272727272727273,1.4193184129998315,1.44067884274357,1.9694338481646492,0.1303159347332264,-1.146625361445332,-0.17676157206705612,1.6950080228840807,0.7580298541008582,1.6740391002845554,0.25472068728472375,37.417231707962074,0.0,0.0,0.0,0.0,1.2272727272727273,1.2516688918557564,0.8121506479725187,0.4975200387696857,-9.51789061761951,2.259259259259259,0.23765796596741168,1.0,20.006622222223044,64.81858214012203,0.982475757598877
ID992_DCHA,35.0,1.7640970959041802,0.5678692810457446,0.5659111111111041,0.09636681801711806,-0.6574115539632803,12.358266880345528,15.929413771282524,5.489377005285268,0.07428800214150395,-0.33142208627215625,-0.06477362174861512,2.2,0.6875,1.6518415567529137,1.659513444024592,1.9133368941467401,0.06980870620061505,0.13724295523796073,0.03178900828620357,1.7148608156009295,1.055801473322124,1.6878373726877232,0.03599581593480946,51.521676581835415,0.0,0.0,0.0,0.0,1.3529411764705883,1.7523364485981523,0.8812465706428232,0.45540334783241787,-6.838499860328564,2.085714285714286,0.20434178848553397,1.0,19.840177777777534,103.87189173361313,0.9031201004981995
ID992_IZDA,33.0,1.6916753623716816,0.5929583333333299,0.565911111111109,0.14343111183136606,0.47332407264495896,20.534115744530308,22.838153154951165,8.046165619586318,0.07282503653363842,-0.3826782319431373,-0.0953522455130591,1.7142857142857295,0.6315789473684231,2.430114130099435,2.4450382710772014,2.6475719802776294,0.06502381778380763,-0.33650506893875953,-0.0865942300373409,2.5195666377202555,0.9410591929963489,2.5419021643837234,0.11178803428428828,67.64236347945726,0.0,0.0,0.0,0.0,1.5294117647058754,1.7523364485981405,0.8170484065362287,0.5078991440400652,-9.680103769091643,2.212121212121212,0.14874073295244447,1.0,19.507288888888777,93.95840586246483,0.991555392742157
ID993_DCHA,29.0,1.644612476370516,0.5988095238095218,0.5999999999999979,0.08078031671534808,0.5438632572381811,7.756117118176409,8.537137367428905,3.204262541446694,0.10786060551478772,-0.9762398654036316,-0.1971367085655399,1.5714285714285714,0.6111111111111112,1.0160230414019857,0.998215545360816,1.1615624838075274,0.06539931555430716,-0.6231127668498607,-0.12497200345396187,1.1110091333423475,0.875248283783113,1.270584287136237,0.2545612457342509,33.70217915815746,0.0,0.0,0.0,0.0,1.2222222222222223,1.7500000000000062,0.8961228105387127,0.43199447339784414,-7.006269131714301,2.0,0.18325586057972612,1.0,17.633333333333272,72.05660210408021,0.8339059948921204
ID993_IZDA,28.0,1.9090909090909158,0.5209876543209858,0.4999999999999982,0.12694877000927843,0.5429404718504253,7.836336060372846,8.747029885914005,3.885285833855256,0.2031282195136742,-1.733572627567347,-0.30376633981872503,1.225,0.5505050505050505,1.0714876150671442,1.092996003325624,1.3877556974189567,0.17993018730712276,-1.5865295443528282,-0.2784265759150568,1.2362700899572876,0.7347702866962785,1.2499943412498087,0.17850672618266472,33.42747408488532,0.0,0.0,0.0,0.0,1.4,2.000000000000007,0.7663204315448867,0.5621539643706321,-6.717799639406888,2.0714285714285716,0.2289141987577159,1.0,14.666666666666615,82.8804765867769,0.8569492697715759
ID994_DCHA,31.0,1.602825568916902,0.6213925925925933,0.6324888888888891,0.12852181582461855,-0.17877006197362383,12.806558635021185,14.882491850448172,4.989892384594718,0.11393189027638173,-1.1504875398421357,-0.2189769056081028,2.600000000000004,0.7222222222222225,1.6239822797016927,1.6414267441864574,1.9362660479677687,0.09662955900682191,-1.0182046934458686,-0.19557817207470252,1.8446961165036977,0.7836540902448633,1.6741633361105226,0.05018105640882952,49.71681001014152,0.0,0.0,0.0,0.0,1.263157894736843,1.5020026702269678,0.8540413655085465,0.42324595062318615,-7.474933000261117,2.064516129032258,0.19884963420389126,1.0,19.340844444444464,90.06499041493605,0.963765025138855
ID994_IZDA,33.0,1.671706175969309,0.5991999999999996,0.5991999999999997,0.15214515486254626,-0.3360215053763413,14.88616049545296,17.988298362917114,6.379373130218623,0.06543858086803979,0.14065170088232457,0.036209950689183756,1.9999999999999822,0.6666666666666647,1.959561616267405,2.0251288712193003,2.232177533807216,0.10991275122660477,0.32734732796957344,0.11092201006454183,1.9771820963469484,0.952480248858896,2.1921508666811906,0.23258925041378511,58.49018791833273,0.0,0.0,0.0,0.0,1.4444444444444435,1.5020026702269704,0.8699655256414487,0.4101164024065353,-7.03546479300889,2.393939393939394,0.133578668982196,1.0,19.7403111111111,113.1462246478306,0.9755467772483826
ID995_DCHA,17.0,0.8469003447382684,1.17759444444443,1.1484666666666534,0.09261726093343559,-0.9062564955310739,17.21586247221432,19.83146270557845,5.626229110754214,0.15017158386000667,0.8651202198514383,0.09850121361766484,0.9999999999999903,0.49999999999999756,3.1470938907068238,3.1901433903570284,3.521579286747514,0.07971357032829897,1.1189880364695999,0.16022380421080817,2.8327504408145545,1.1602238042108082,3.301314356155439,0.1542204654486152,118.29997320613634,0.0,0.0,0.0,0.0,1.1884057971014483,0.7510013351134939,0.9278504902000158,0.36304319152524195,-8.125456224934771,3.235294117647059,0.39501481683916356,0.9983579638752053,20.073199999999755,123.81143674930183,0.9290618300437927
ID995_IZDA,19.0,1.015588994103657,0.9820222222222103,0.9820222222222101,0.06612824808316187,0.35332598695142425,12.945879779508461,12.881376129234805,4.337531315667893,0.21932022080953895,-3.0578534923828014,-0.3828759591728078,1.3846153846153846,0.5806451612903226,2.053262118203136,2.0776551595505373,2.2648230889008345,0.0702765029911723,-0.9053590672454097,-0.12211808768845267,2.1351648770257365,0.872680818131738,2.1649218670673585,0.11165974886422277,118.34802923048699,0.0,0.0,0.0,0.0,1.152542372881356,1.0013351134846584,0.9175444955705487,0.39021815704135543,-8.391669572263464,3.0,0.1513292563330231,0.9817275747508306,18.70835555555533,105.52839849940135,0.9965600371360779
ID996_DCHA,28.0,1.4089137275160837,0.7052312757201654,0.6990666666666678,0.0704091977818259,0.3832705755782667,7.200107632956423,10.115049405533298,3.2784436702683557,0.11423685928274188,-0.8457306162695557,-0.16056285148195903,1.5625000000000036,0.60952380952381,1.182460748962751,1.1837371364553912,1.4421013603693291,0.10827761459634476,-0.6659825073619333,-0.14550568013611487,1.2349499825781471,0.946091884029029,1.4761256925821347,0.2936649436193835,37.453223187237384,0.0,0.0,0.0,0.0,1.1428571428571421,1.5020026702269678,0.9446957597224165,0.3535155591191707,-7.700039280374492,2.0,0.14796926347415992,1.0,19.873466666666687,57.59758701223121,0.9729462265968323
ID996_IZDA,27.0,1.3495531479576928,0.7361965811965722,0.7323555555555465,0.08535924307344725,-0.0015458937198066845,9.07362112245847,11.146712723108228,3.682247167302371,0.0989553680039053,-0.8503948458212985,-0.13679326531092062,1.1428571428571428,0.5333333333333333,1.3956864490098495,1.4113780217294853,1.6106572049377936,0.07876647168923517,-0.4629695823587038,-0.07566307511653636,1.511544278528032,0.9121461909686377,1.6964221997558449,0.300735750745995,43.536834200722474,0.0,0.0,0.0,0.0,1.1818181818181819,1.251668891855823,0.9327529208273888,0.34349807677479743,-8.345076912729361,2.074074074074074,0.1455565157390594,1.0,20.006622222221978,82.41630414127589,0.9747341275215149
ID997_DCHA,28.0,1.4378145219266891,0.7015325102880573,0.6990666666666581,0.06575847779919054,-0.4750960814229691,8.191699482984049,13.71198418627757,4.014136822692522,0.09542976449925138,-0.920401875117154,-0.1664674360844176,2.7999999999999847,0.7368421052631569,1.4003783682686688,1.403585695273204,1.573970586017919,0.07427481949078443,-0.7002244587508112,-0.1247871918306015,1.4538315301835967,0.8767065284661336,1.522773237495066,0.1223948692263972,39.009791843202585,0.0,0.0,0.0,0.0,1.1428571428571428,1.5020026702269877,0.8962335592726728,0.40544770607723885,-7.561260086928806,2.0357142857142856,0.1708824578754105,1.0,19.473999999999762,81.42914061326978,0.9609687924385071
ID997_IZDA,29.0,1.5020026702269076,0.6657777777778051,0.6657777777778051,0.13429711197830832,0.04652435686918605,11.375981191388401,17.129999058030197,5.526804039355602,0.11932925741240112,-0.4401689880057262,-0.05445582745520461,2.75,0.7333333333333333,1.8007525406490024,1.7961637189091035,2.127620815672078,0.07938736773001594,-0.020480097515751968,0.009606585049715344,1.8339039025266701,0.9300636597874123,1.8836811734123977,0.08292863276339534,59.85120526594357,0.0,0.0,0.0,0.0,1.25,1.5020026702269078,0.8075210526809601,0.5128213314922219,-8.952319824340137,3.2758620689655173,0.2214279970032386,1.0,19.30755555555635,103.67723724690337,0.9246045351028442
ID998_DCHA,36.0,1.7613060628068913,0.564008888888882,0.5659111111111041,0.061406885180550076,-0.12730218562973117,6.842790469701771,11.413468337994129,3.981328857601129,0.1300032924517572,-0.8373903531351258,-0.19979570314776451,2.2,0.6875,1.1958355919060861,1.1922572992449258,1.4522627060658617,0.1004779884087736,-0.64958774169001,-0.15996317514830527,1.33843808624531,0.8447483598763518,1.2931854479125093,0.09734985600642337,36.745361066559646,0.0,0.0,0.0,0.0,1.1764705882352942,1.7523364485981523,0.8621578864393751,0.4553241136613413,-8.311757037383202,2.0277777777777777,0.13651120700817138,1.0,20.439377777777526,72.0295362803782,0.952549159526825
ID998_IZDA,35.0,1.767061964972927,0.5668901960784245,0.5659111111111041,0.07733545138942337,0.17316017316017548,5.7668275320610185,8.597417672523656,3.3380980443330137,0.15311430674845058,-0.7803447776434702,-0.15198897217912288,1.5,0.6,1.00351731959566,0.9782272344394473,1.192438390916431,0.11331896460208779,-0.6942910410444664,-0.14499384266746596,1.172025949023192,0.7844202698658511,1.126445082457602,0.12292776286194247,31.078220304627102,0.0,0.0,0.0,0.0,1.2352941176470589,1.7523364485981523,0.9253906582557994,0.38607589504734857,-6.969271397890262,2.142857142857143,0.15033121069666427,1.0,19.806888888888643,40.73723643654885,0.9743433594703674
ID9992_DCHA,28.0,1.3730066885040557,0.728152263374462,0.7330888888888651,0.17334600238027925,0.1843918793071334,9.278490021176122,10.18551217911869,3.6208343880261675,0.11294337604251634,-0.5748656803486079,-0.11429683540414659,1.3,0.5652173913043478,1.326165956470645,1.3453911542227055,1.7128115187147657,0.14480171122812496,-0.8760655969127101,-0.14650342024463459,1.5072162840170953,0.8169678740988588,1.4184342243653323,0.09226826789468734,34.346659708777246,0.0,0.0,0.0,0.0,1.3181818181818181,1.2504168056019078,0.8619611432195143,0.4635644342872034,-9.556594677905025,2.5,0.21822813494717502,1.0,20.39319999999934,87.08099044246539,0.9190322756767273
ID9992_IZDA,37.0,1.8232678544737178,0.5507422839505994,0.5331555555555383,0.16476589542920958,0.5988124979721648,7.422987793424958,7.827946862737292,3.3128812885481516,0.19951011789680925,-1.4001049556226253,-0.2810749504911362,1.2222222222222223,0.55,0.9127954120481363,0.8811783736252244,1.3368097760508362,0.1879073660124229,-1.0306792328993553,-0.2160436277570753,1.1831438735672413,0.6686787520581132,0.9887865579750131,0.07599114592687722,26.306478693585042,0.0,0.0,0.0,0.0,1.375,1.7505835278426707,0.7142865131520788,0.6248466259966834,-8.304988168192006,2.3783783783783785,0.13501811159578606,1.0,20.293233333332676,63.2390808524181,0.9181729555130005
ID9993_DCHA,20.0,1.070714761587509,0.9475555555555594,0.9457777777777814,0.1496710744853968,-0.8505315822388956,9.424428171364044,9.385482907738766,2.7774732990952105,0.19244217982834363,-2.5041496489000314,-0.30654395766664866,0.7539682539682548,0.42967741935483905,1.2248258889620747,1.2590535201717983,1.4338443123294584,0.1245321695981425,-1.8639351813254375,-0.2309176290097925,1.3790012028762746,0.7662102740757567,1.3497796093379908,0.12495372037591604,38.56081941363871,0.0,0.0,0.0,0.0,1.25,1.0035682426404957,0.7775664741252082,0.5426205656827539,-11.05004218914404,2.4,0.2234351263841383,1.0,18.679111111111183,84.55042523907198,0.8427994847297668
ID9993_IZDA,19.0,0.8971291866028673,1.1259259259259304,1.1146666666666714,0.20248456731316614,-0.23529411764705604,9.066911236005618,7.521237809268332,2.22209547585573,0.277331849628387,-4.513691137809309,-0.4599027711094249,0.4999999999999976,0.33333333333333226,1.1432353798403523,1.1645157558102766,1.4650845769730343,0.19381208311570844,-3.194629118775031,-0.3611063123275319,1.413356903077301,0.6020292560030185,1.2239829029356253,0.08074752309527285,30.710390659535452,0.0,0.0,0.0,0.0,1.6363636363636374,1.0035682426404957,0.8267201254793659,0.46864699793874603,-11.117588196218808,2.8421052631578947,0.2724544648732759,1.0,21.17866666666675,69.51214969314725,0.9472180604934692
ID9994_DCHA,39.0,1.991857784759052,0.5016500000000004,0.5003333333333337,0.08157153021978303,0.030921290763810273,7.31610669570859,10.452552311142139,3.7975131895053935,0.13865375221297496,-0.8795768183757754,-0.20676171724815873,2.1000000000000223,0.677419354838712,0.982597871107314,0.9805664752296198,1.1680405194723875,0.12373106311294141,-0.9064871920138102,-0.21161701792269327,1.119936517803078,0.7161610009606119,1.0583287716934424,0.07573090058612877,28.455882736663117,0.0,0.0,0.0,0.0,1.2,2.007030180716341,0.9189912301883975,0.39580337325169807,-8.034767562679729,2.0256410256410255,0.1205321125025997,0.9991645781119465,19.579711111111124,81.02093619729418,0.9240131974220276
ID9994_IZDA,38.0,2.0074722578486575,0.49988258258258295,0.5003333333333337,0.08860680610667797,0.4785408064796796,7.499802302089215,12.218147253855314,4.218213686075001,0.07121339591542653,-0.002850131091041204,-0.018458372772570453,2.3333333333333335,0.7,1.069788773777303,1.0631433672782205,1.2040813364361402,0.07726271376376453,0.07934933256742772,0.016432566441260565,0.9709767970692422,1.0605478668534158,1.136154539974678,0.06636576619737533,33.901326649827155,0.0,0.0,0.0,0.0,1.1666666666666667,2.007030180716341,0.8686202528029251,0.48462465458129744,-8.396603263590944,2.0526315789473686,0.10510458582115499,1.0,18.92927777777779,89.7727876396952,0.937906801700592
ID9995_DCHA,36.0,1.723062392408187,0.5874231746032182,0.5664777777778198,0.06077255513534092,-0.2891918517812294,6.876718165605457,10.573534937389663,3.6702522730146834,0.12471174215086121,-0.9200998663623405,-0.2014444923791655,1.8,0.6428571428571429,1.0668518272171645,1.0524046357618424,1.4481876336722315,0.14900728466753096,-1.1577393387857138,-0.23845633079367856,1.3147707789986176,0.6585935720495435,1.1085495702533015,0.04169774303613692,28.89673547974191,0.0,0.0,0.0,0.0,1.2352941176470589,1.7505835278424842,0.875581502057515,0.43760789317621546,-8.144697282942497,2.0,0.16660519484753858,1.0,20.893033333334884,71.94821607562011,0.8569883108139038
ID9995_IZDA,38.0,1.807258520933151,0.5511675675676084,0.5664777777778198,0.09280700536707796,0.005733287467034754,6.977721906260523,10.093014550083351,3.430796806437277,0.10576863422834104,-0.40852304608291734,-0.07830004232365373,3.0,0.75,0.9734275322515225,0.971957339709028,1.2170312915854509,0.09794189556570852,-0.4014854168219108,-0.07301260527241527,1.1326115756205808,0.7806264556930902,0.9784710997487212,0.005043567497198713,26.944033948178696,0.0,0.0,0.0,0.0,1.1764705882352942,1.7505835278424842,0.8396885578364481,0.48824301305852374,-9.545774838588438,2.0526315789473686,0.15557581500851303,1.0,21.026322222223783,63.781918163694684,0.9011399149894714
ID9996_DCHA,78.0,3.7853379088109467,0.26371717171718256,0.2330222222222318,0.26506731713321624,0.4549678104466719,8.020759924332827,8.213324019349058,4.79160685215855,0.22722606500797002,-0.8797306037359668,-0.39076076492163625,1.0,0.5,0.72668499465811,0.7500368241361435,0.9978234397691648,0.210012895334237,-0.6709375463700955,-0.3130967167306967,0.8497235780019372,0.6526140757962474,0.8168943855097335,0.09020939085162359,19.88946192159882,3.0,0.03896103896103896,0.0,0.0,2.2857142857142856,4.2556742323095715,0.6442331832032694,0.658636565251703,-6.199302186353252,2.1025641025641026,0.05178888414338316,1.0,20.60582222222307,54.86521795000479,0.9292564392089844
ID9996_IZDA,67.0,3.2254544520898336,0.3096875420875548,0.2330222222222318,0.5117532343354191,1.235017595560159,6.37958849243871,6.240403109795567,3.6873470753099458,0.2775628156436292,-1.249494345995222,-0.4408767904330132,1.0,0.5,0.5813989845410513,0.5358993244514589,1.0996113008167803,0.3231713021684828,-1.109522085137832,-0.37472798567530063,0.9695136078623229,0.5603254248354003,0.7686385140312512,0.18723952949019995,13.849640213860777,8.0,0.12121212121212122,0.0,0.0,3.7142857142857144,4.506008010680723,0.36972448072457803,0.7968972623468598,-6.637819303668406,2.4477611940298507,0.17213136634674617,1.0,20.77226666666752,40.86167564076548,0.982262372970581
ID9997_DCHA,66.0,3.1935483870967856,0.31230769230769123,0.29999999999999716,0.3579638752052543,0.053179579041647704,2.851485733493965,3.332487372063741,1.7656817942144174,0.22570942915405046,-0.38460196046895684,-0.13461066883469675,1.25,0.5555555555555556,0.3010722276936224,0.29115057218768825,0.4660179001974456,0.27423424789073736,-0.3738891296858135,-0.12024342347220063,0.36775714227186224,0.7001980704290256,0.4650305794858672,0.16395835179224483,8.260912263733161,3.0,0.046153846153846156,0.0,0.0,2.6666666666666825,3.5000000000000124,0.5952279561306114,0.7023261002799017,-6.82856307965522,2.257575757575758,0.19107705313255802,1.0,20.666666666666593,18.66039511405032,0.8881157040596008
ID9997_IZDA,41.0,2.0398009950248825,0.4949999999999982,0.4999999999999991,0.42470980614492343,1.7687822565871343,2.429870669114038,2.957810478093849,1.2640699757029643,0.25561023409093775,0.6041085368934211,0.21331409960420844,1.25,0.5555555555555556,0.29974367783769496,0.26905650711417406,0.5260799144397909,0.3707147588819791,1.7990015239267096,0.6672084233075835,0.21914792153241153,1.674862121705796,0.5358348294558084,0.23609115161811353,8.631911510021139,0.0,0.0,0.0,0.0,1.9999999999999964,1.5000000000000053,0.6504543747000473,0.6560858379062937,-7.962705846044207,2.5609756097560976,0.27544678786467097,1.0,20.09999999999993,24.57861487731827,0.9612284302711487
ID9998_DCHA,30.0,1.4615261364178143,0.685978160919518,0.6331222222222017,0.25466145925995326,1.155778894472361,4.298039047156246,6.006961684085841,2.1794061993697604,0.2712668915929141,-2.760923699088332,-0.41088261336916454,1.5634920634920635,0.6099033816425121,0.7353298326290918,0.7692524979592603,1.060399752722526,0.22211285790894497,-2.0520542410556977,-0.30006518266411353,0.9260014361402706,0.5642519457601161,0.9920697258971795,0.2567398932680876,20.89633265969014,1.0,0.034482758620689655,0.0,0.0,2.0526315789473686,1.7505835278426707,0.6362940465209166,0.5863862062090308,-7.211445049048182,2.1666666666666665,0.09902732246111444,1.0,20.526488888888224,42.99883846773905,0.9298858046531677
ID9998_IZDA,23.0,1.0990924788093202,0.9118171717171422,0.8663777777777497,0.2601776500317682,0.6066734074823057,7.04280240434285,6.526793087214031,2.583788109406051,0.17516729856750274,-1.1101384230932552,-0.12390376716837981,1.5833333333333333,0.6129032258064516,1.166347230588218,1.1467419414116322,1.4497207197138664,0.10930320020960596,-0.629350513334137,-0.08088982557149027,1.1195716422505173,0.9406775328781746,1.510652201977087,0.3443049713888688,33.407132362062825,1.0,0.045454545454545456,1.0,0.6664444444444229,2.1538461538461537,1.2504168056019078,0.8097228481566076,0.45983126283450554,-8.307650357150814,2.347826086956522,0.22313436250408386,1.0,20.926355555554878,55.39533864757327,0.9837784171104431
ID9999_DCHA,79.0,2.6958776958776514,0.36843461538462147,0.29970000000000496,0.5386785101893019,1.0315014641987086,6.211828912120384,6.224174243889633,3.32745724581656,0.3391295954818793,-1.0687291548214717,-0.44541593572907645,1.0,0.5,0.5994958576008173,0.5790550974259756,1.2212134661524727,0.3401332317238739,-0.9897426110973143,-0.4184399805154,0.9852646689574096,0.4348126220961267,0.9804146815893537,0.38091882398853666,21.87922216575314,4.0,0.05128205128205128,0.0,0.0,5.333333333333333,3.5035035035034454,0.6537140276100181,0.6443069473258496,-6.766637761561952,2.518987341772152,0.2929386236020904,1.0,29.304000000000485,29.15981977186362,0.953341007232666
ID9999_IZDA,51.0,1.981282705732867,0.5028300000000083,0.49950000000000827,0.18554868511419734,0.13642543109959174,3.584409967128332,3.8174032153609576,1.850849705790413,0.18646976526485465,-0.46752313880684127,-0.16798792535316798,1.0,0.5,0.4753367513646676,0.46786271512425914,0.6954630221793702,0.18483093630102698,-0.20576722469552433,-0.06943284102190395,0.4349129444865164,0.8879663162055653,0.6499891907571554,0.17465243939248773,13.056999497817358,0.0,0.0,0.0,0.0,1.4,2.002002002001969,0.5968784617142001,0.6905540215423865,-7.147835723186362,2.7058823529411766,0.2260799580051845,1.0,25.740900000000426,33.86625990202162,0.9881814122200012
ID999_DCHA,23.0,1.2057962099553479,0.8261696969696868,0.7989333333333235,0.15204774784261746,1.4287989443268982,10.790035666347144,12.001475940739219,3.8964072863850325,0.1700179454818026,0.102966486596451,0.018742503717448233,1.2,0.5454545454545454,1.5049235214941858,1.4661066038407573,1.8347260438643214,0.1271477966793043,1.1481272262992739,0.21386041207946338,1.300943749953285,1.2064413155088043,1.6802653226254172,0.1753418011312318,48.54687156768205,0.0,0.0,0.0,0.0,1.5,1.251668891855823,0.8307060366425858,0.5052933943244721,-8.956457639036339,3.3043478260869565,0.14588755026049147,1.0,19.0745333333331,89.4013963060375,0.9493045806884766
ID999_IZDA,25.0,1.275044711567884,0.7892240740740748,0.8155777777777775,0.24366789783229875,1.3515702605639142,8.143861786125262,11.924993366460912,3.534431808447548,0.12362108447512071,-1.1947835259739807,-0.1728091740353881,1.9999999999999882,0.6666666666666653,1.3245054512619,1.3767504573099503,1.6224556895575233,0.14800878144664914,-0.46668680828794523,-0.05325593993361655,1.3394162727004,0.9521494929657311,1.4422116942282048,0.11770624296630515,41.552337741196546,0.0,0.0,0.0,0.0,1.3061224489795935,1.2516688918558063,0.8324760006102718,0.5014008261115938,-9.469726051192572,2.84,0.1908383285452054,1.0,19.60715555555558,89.89816581993487,0.9636225700378418
