ID,n_taps,tap_rate_hz,iti_mean_s,iti_median_s,iti_cv,iti_slope_pct,open_speed_mean,close_speed_mean,speed_mean,speed_cv,speed_slope_pct,speed_decrement,open_close_ratio,duty_cycle,amp_mean,amp_median,amp_max,amp_cv,amp_slope_pct,amp_decrement,amp_first5,amp_last5_ratio,peak_aperture_mean,min_aperture_mean,angle_amp_mean,n_hesitations,hesitation_rate,n_halts,halt_time_s,iti_max_over_median,dom_freq_hz,spectral_peak_ratio,spectral_entropy,sparc,vel_peaks_per_tap,wrist_rms_pl,coverage,active_duration_s,amp_mean_mm,mean_kp_score
CONTROL01_DCHA,33.0,1.6605054645724606,0.6044013888889137,0.5992000000000246,0.3122062668698019,-0.6268896280555796,11.375536961980082,15.627396188037885,5.615377155441669,0.13829067139737808,-0.30011716206468925,-0.1071697044264398,1.5714285714285714,0.6111111111111112,1.6295200300738675,1.6625813356107646,1.913594530175735,0.09257367704820586,-0.17074812022419794,-0.018502278719404908,1.6498261751369145,0.9754800632553648,1.7642639952137111,0.13474396513984352,64.39210008963529,1.0,0.03125,0.0,0.0,2.2222222222222223,1.752336448598059,0.671886160401846,0.6005985324918962,-8.108702292559716,2.515151515151515,0.21615676522724495,1.0,19.873466666667483,,0.25973567366600037
CONTROL01_IZDA,25.0,1.2433796938965131,0.8128037037036937,0.8987999999999889,0.24853822546945398,-1.4138596230894824,9.848423146873584,13.555012470113308,4.0169653479958995,0.14702495386848785,-0.8831712569148951,-0.14075781596546544,1.5833333333333333,0.6129032258064516,1.5151028138083151,1.554259611882632,1.9035543545805205,0.1551717250575598,-1.5810086761637494,-0.24194138607680904,1.7702134312035163,0.6723439486034979,1.565598570027043,0.05049575621872781,47.13677730236788,0.0,0.0,0.0,0.0,1.1851851851851851,1.251668891855823,0.8224396705779778,0.4859605973911252,-10.730010064325466,2.48,0.29571162532994777,1.0,20.10648888888864,,0.3097689747810364
CONTROL02_DCHA,33.0,1.6802063768639983,0.6002402777778024,0.5992000000000246,0.13967341912276457,1.0398613518197597,8.03834977772238,11.445307664456516,3.9693608132884743,0.09770710356473088,0.19081161894034585,0.06635933809143135,2.0,0.6666666666666666,1.208073683343427,1.209719465661711,1.3330841093229129,0.05553655616932724,0.0339541083572314,0.016640507876831467,1.2318481465828406,0.9990047957264562,1.2351179232427478,0.02704423989932069,37.53176967594115,0.0,0.0,0.0,0.0,1.3333333333333333,1.5020026702269078,0.7119586851871873,0.5310495290568401,-8.382508278738616,2.0606060606060606,0.1662420949380353,1.0,19.64044444444525,,0.2917349338531494
CONTROL02_IZDA,33.0,1.6304634249174539,0.6148041666666592,0.6324888888888811,0.23832653991045183,0.26497164207988194,8.615532833668656,11.780658587807949,4.110153861291156,0.09751970052022468,-0.534231717385498,-0.10779834262541077,2.1666666666666754,0.6842105263157904,1.185100908020169,1.1961705365107014,1.4274852511215685,0.08539227560157314,0.03338247473423916,0.004591153118445934,1.205190122859175,1.0140433192603424,1.2223754229893902,0.03727451496922079,38.630829212198975,0.0,0.0,0.0,0.0,1.3157894736842106,1.5020026702269877,0.82806687382619,0.5064814845215779,-9.285669927194185,2.484848484848485,0.144258602981003,1.0,20.239644444444195,,0.3584810793399811
CONTROL03_DCHA,44.0,2.2710693295528337,0.44514211886304367,0.39946666666666175,0.5984832751412678,-0.12422360248447283,9.934072598823368,10.353473466316713,4.608377081692841,0.31230991545334297,-1.4524978467664882,-0.31589390913909443,1.0,0.5,0.924793936047834,0.8434865736996002,1.6560354807108653,0.3645638491792479,-1.8484079947060383,-0.3766782008930215,1.4113416740475984,0.5534832849492208,0.9594804761736797,0.03468654012584585,25.606955482006423,1.0,0.023255813953488372,0.0,0.0,4.583333333333333,1.5020026702269877,0.3210771876221095,0.8433843600496778,-10.295398916509743,3.0,0.18163149877025764,1.0,19.374133333333095,,0.2344871312379837
CONTROL03_IZDA,33.0,1.6439830221389917,0.6116833333333258,0.699066666666659,0.33540933430261377,-2.649270852035826,8.714514386965423,9.850782042407795,3.7597096384783786,0.1624974365167192,-0.11581547753485803,-0.05226766389513582,1.4444444444444444,0.5909090909090909,1.073401884275246,1.0695354796861143,1.6387938989211281,0.22079841950192944,-1.9903191671833,-0.3652079954965668,1.3445656671265818,0.550104654748837,1.1754752819778065,0.10207339770256037,35.18805832556553,0.0,0.0,0.0,0.0,1.285714285714284,1.5020026702269877,0.7645436652465593,0.5465516529808164,-8.64626226577342,2.515151515151515,0.200225711703913,1.0,20.07319999999975,,0.33940190076828003
CONTROL04_DCHA,21.0,1.0765206851456224,0.9354177777777662,0.9487333333333217,0.10246391493870427,0.1873009926952595,11.54854139961892,15.676987685094074,3.7249048656852257,0.05906351203569893,-0.4660908612011169,-0.0541323491088036,2.111111111111111,0.6785714285714286,1.701755561515281,1.7095888847994367,1.8772050085221175,0.05167033847350416,-0.0033692931549572777,0.009533954410180234,1.7134673387529324,0.9745787603357389,1.7248275634195296,0.023072001904248286,53.836458161981085,0.0,0.0,0.0,0.0,1.1578947368421053,1.0013351134846584,0.838134429623568,0.4363877032551576,-11.43921429681255,2.238095238095238,0.11958295496723666,1.0,19.507288888888652,,0.3112272322177887
CONTROL04_IZDA,31.0,1.5598687697499705,0.650242962962955,0.6657777777777696,0.5210342239355158,0.05922393861970275,15.789019824411097,16.438809734727496,6.758905293618703,0.17443789197997603,-0.8743633772237577,-0.1637985043460164,1.7,0.6296296296296297,1.6729636306528322,1.6778947093837222,2.2631326778929797,0.15949162747246562,-0.1620584468183558,-0.04772485262813553,1.476483516806328,1.0935000987713257,1.678351958907742,0.005388328254909934,51.17559896983415,1.0,0.03333333333333333,0.0,0.0,2.6,1.0013351134846584,0.5386635218718863,0.7458788650426003,-8.616947557893265,3.3225806451612905,0.10110783387987227,1.0,19.873466666666424,,0.2899530231952667
CONTROL05_DCHA,21.0,1.0461710140883933,0.9370822222222607,0.9653777777778174,0.2381100505597027,0.5315241923636793,12.924962288390489,13.420879343531526,3.4485715500839285,0.10715033977039887,0.6837226877393827,0.11421179037715823,1.2142857142857142,0.5483870967741935,1.6353042739887993,1.6598036398536709,1.7877012149032456,0.06878686045178192,0.5565119743012517,0.08646871089723707,1.515538475343918,1.0972551300766817,1.668173042290929,0.032868768302129384,56.49940391123466,0.0,0.0,1.0,0.5659111111111343,1.4137931034482758,1.0013351134846051,0.6924807031687711,0.5313351151079359,-10.133652939611185,2.4285714285714284,0.1005272793964458,1.0,20.073200000000824,,0.40157899260520935
CONTROL05_IZDA,33.0,1.675089112484662,0.6093993055555955,0.5657222222222593,0.47653411746782004,-0.358311731206148,13.616687312013708,15.243506919849583,6.2905600833151,0.16143766948266788,-0.44103394618712444,-0.11266353673354645,1.0,0.5,1.542200075560373,1.6209284921694975,2.336286284348765,0.2487224288240151,-0.18012405741335824,-0.07338763817483174,1.759304110721665,1.0146081657068518,1.73868161530655,0.196481539746177,55.652131107001324,3.0,0.09375,0.0,0.0,2.1176470588235294,1.0016694490817373,0.36975041917626894,0.7743811877598831,-10.424861245415443,3.090909090909091,0.15820672211691167,1.0,19.700444444445736,,0.28778335452079773
CONTROL06_DCHA,48.0,2.3754902197987335,0.42071489361703857,0.4327555555555733,0.2246449910730118,0.04025764895330004,16.18348383627141,15.638365771255733,7.62694062070787,0.17290116468849248,-0.610550480315676,-0.1852482461955669,1.126984126984127,0.5298245614035088,1.5760779671061353,1.6684331481917425,2.1228015082039615,0.19592916373961525,-0.1930662616530972,-0.0719254663020008,1.6199324009550338,0.8957797830744543,1.5831456893164215,0.007067722210286096,57.849156643017785,0.0,0.0,0.0,0.0,1.3076923076923077,2.2530040053403617,0.582303494785744,0.7558588432160349,-8.245277369784372,2.9166666666666665,0.13795203930746233,1.0,20.206355555556385,,0.33440297842025757
CONTROL06_IZDA,33.0,1.6412611959433971,0.6096027777777703,0.615844444444436,0.13196324183741442,0.4003483030236329,15.846163503460495,18.16010786603171,6.512709489544063,0.20616922363808854,-1.6491953478286743,-0.3021955577865221,1.0,0.5,1.956340396263243,1.8685048241554443,2.5593572640406865,0.11798971104776348,-0.7643613729631219,-0.14855715516527568,2.1811253071573744,0.8422537731016962,2.016585610346187,0.06024521408294419,59.04326641035858,0.0,0.0,0.0,0.0,1.243243243243245,1.7523364485981523,0.8231847976875613,0.49195236849428703,-8.748022038483404,2.757575757575758,0.20841784558477283,1.0,20.10648888888864,,0.3283596336841583
CONTROL07_DCHA,32.0,1.6155995108324763,0.6185290322580239,0.6657777777777341,0.23668486253082294,-0.2343750000000016,13.864453487911959,17.126156069413128,6.160386619113385,0.12671099880289963,-0.09593828347519721,-0.024519291709039104,1.7410714285714286,0.6345238095238095,1.7191571927642657,1.8016404132574708,1.9709852706493978,0.12409247220961311,-0.15178069663371832,-0.028943414279380186,1.8162246366051675,0.9947913221222281,1.7389371101707713,0.01977991740650571,62.73451025595597,0.0,0.0,0.0,0.0,1.25,1.502002670227068,0.7653214053901479,0.5772198766607375,-8.869759621864116,3.34375,0.12629263435011506,1.0,19.80688888888759,,0.36101335287094116
CONTROL07_IZDA,29.0,1.4471122071953595,0.6895555555555839,0.6990666666666954,0.161075458125885,0.19817677368212627,12.883165521391643,16.200946418718488,5.031973699055339,0.13808241527615903,-0.8482370143428188,-0.13898511587861884,2.5,0.7142857142857143,1.643237774543669,1.6405420747793267,1.761671979510483,0.046612275271459995,0.012975328921741152,0.0004358390178123006,1.6142974991071015,0.985955716159652,1.7102007186874948,0.06696294414382518,52.8202979271082,0.0,0.0,0.0,0.0,1.1428571428571428,1.5020026702269078,0.881951459767026,0.40809417663696707,-8.340468053604427,2.3793103448275863,0.10014334232420949,1.0,20.039911111111934,,0.3602500557899475
CONTROL08_DCHA,40.0,1.9730741152408118,0.5087225071224737,0.46604444444441384,0.4569614777763261,-0.14305898975627027,12.581729437791896,15.953471323929913,6.7176787821573125,0.16914726129067176,-0.20274431838521711,-0.061162123087495024,1.5357142857142856,0.6055555555555556,1.4618513359279093,1.4848092019556587,1.9158136330081432,0.1937260388189652,0.14750501350982367,0.012116683824674679,1.1264181459113458,1.3204369778498202,1.4967860807411095,0.034934744813200413,54.66504420767683,0.0,0.0,0.0,0.0,2.0,1.25166889185589,0.386051872281118,0.8296963402977137,-9.255803037656968,3.075,0.10445063886052426,1.0,20.272933333332002,,0.3951704502105713
CONTROL08_IZDA,31.0,1.6000715730939994,0.6358177777777868,0.6657777777777873,0.17539918197908866,1.0704156450739304,8.327481915201016,12.492450920956097,4.459965637432783,0.16411871346604653,-1.0202173345299264,-0.2059075239119763,2.399999999999987,0.7058823529411754,1.382512889435036,1.3666995277876866,1.7510238809692331,0.15274248895841175,0.45862367435348106,0.09188750462717143,1.3546169273143112,1.17368099714192,1.4845800356977954,0.10206714626275953,47.35320891292528,0.0,0.0,0.0,0.0,1.3499999999999988,1.5020026702269478,0.778861278723195,0.5494883627467639,-7.955442597029552,2.2580645161290325,0.0707554141651594,1.0,19.37413333333361,,0.3839093744754791
CONTROL09_DCHA,32.0,1.6404124726028533,0.617455197132609,0.6657777777777696,0.38558525962303497,2.5000000000000004,8.220963092426349,9.681545698155833,3.7628642607186613,0.20365492217134187,-1.0013236392831122,-0.18296966693826022,1.0000000000000049,0.5000000000000012,1.002798578025458,0.9654373885231622,1.585606885015332,0.2608816160538376,0.7046041831861446,0.21770473610734187,0.9836513094320178,1.0194202338649392,1.175905441407088,0.17310686338163003,33.95541743706002,0.0,0.0,0.0,0.0,1.5,1.251668891855823,0.6769128535004652,0.6448523036677364,-9.115741430986178,3.59375,0.23868230743365162,1.0,19.507288888888652,,0.3466332256793976
CONTROL09_IZDA,34.0,1.7165744802593916,0.5790249158249164,0.6324888888888895,0.3945060307729598,1.2009376921500323,11.40657133507707,13.806075996423395,5.8592614282593365,0.20641917359390544,-1.081209369208789,-0.2726135000683414,1.5750000000000048,0.6098484848484856,1.6285076485543444,1.6588101688408994,2.1316321509392995,0.14639661669755472,-0.17924672312140613,-0.06646249132589943,1.6796347389067823,0.9855409014511872,1.7656880428438186,0.13718039428947448,48.39836277855651,0.0,0.0,0.0,0.0,1.5263157894736834,1.2516688918558063,0.704461879712337,0.6253894714219393,-8.292965991980708,2.5,0.12138195455681933,1.0,19.80688888888891,,0.43183478713035583
CONTROL1000_DCHA,26.0,1.3104721283859624,0.7643128888888795,0.7323555555555465,0.37150929691304013,0.36518359689091406,11.548644001477689,13.56077034596341,4.883165066417857,0.17241569622981298,-0.4163855021246865,-0.021855435570409032,1.4722222222222223,0.5954545454545455,1.5629272607170677,1.5723526406896435,2.092635361652559,0.16055298573500665,-0.0026608833718849995,0.06744185707584749,1.5641619154924837,1.033724772632448,1.6350214149545308,0.0720941542374632,47.25707755221647,1.0,0.04,0.0,0.0,2.1363636363636362,1.251668891855823,0.6776818045124922,0.6174929274145797,-9.8220809114018,3.1538461538461537,0.226584937537609,1.0,19.840177777777534,,0.2721456289291382
CONTROL1000_IZDA,24.0,1.2282134271021363,0.8206434782608596,0.832222222222212,0.1993023363176954,-0.06814173480840162,10.898505879196984,10.378872467456484,3.3651125091490233,0.13365618733617288,-0.1530532814185038,-0.004191066940483323,0.9230769230769231,0.48,1.358486492299396,1.3632141878012591,1.4976827703651483,0.05815242996302787,0.009759221502351876,0.0007770251995227184,1.3769846740057785,0.9959720465257382,1.4366202335350742,0.07813374123567819,44.362118714179736,0.0,0.0,0.0,0.0,1.4,1.251668891855823,0.8543467491286605,0.46382433956813984,-9.749997563437724,2.7916666666666665,0.22974094110614052,1.0,19.54057777777754,,0.2829958200454712
CONTROL1001_DCHA,34.0,1.716574480259323,0.5810424242424481,0.5992000000000246,0.0957540432856783,0.17616421568627574,9.99169007347807,10.958605188993424,4.474258109754591,0.11720886766093895,-0.8593374762460289,-0.1930787011266858,1.125,0.5294117647058824,1.3561441599742705,1.3627562607003094,1.5357906975818458,0.07800089436706727,-0.37256190394599553,-0.10634190069418725,1.428544547732917,0.9292339228029283,1.424201346285626,0.06805718631135538,42.48685170810023,0.0,0.0,0.0,0.0,1.1111111111111112,1.752336448598059,0.9195986667870185,0.4097565570162774,-7.087765228218646,2.1470588235294117,0.14681465645688593,1.0,19.806888888889702,,0.33221951127052307
CONTROL1001_IZDA,40.0,2.0000055555709633,0.5076994301994363,0.43261111111111816,0.6635995637781391,-0.4842989827509954,8.096185884576425,8.514158939735054,3.479459243817034,0.7101040532631475,-2.589208347250612,-0.5235969327216677,0.7596153846153846,0.43167701863354035,0.773472515031922,0.4366656658959698,2.173371682766789,0.8086905050391614,-3.246087930133283,-0.6037238139050494,1.4770932563484496,0.37937957431073194,0.8055090121177905,0.03203649708586844,17.227280879632726,3.0,0.07692307692307693,0.0,0.0,3.923076923076907,1.7529215358931338,0.3898720219694254,0.8680131088785776,-11.152032691610597,3.625,0.24836390537431838,1.0,19.999944444444687,,0.36414679884910583
CONTROL1002_DCHA,38.0,1.8962159956353999,0.5290234234234169,0.4993333333333272,0.1539843665906826,-0.534073278434178,6.999762731535401,8.402096900935689,3.1770586100741465,0.12093155285968178,-0.855398585857918,-0.21049589076064867,1.3875,0.5811403508771931,0.8490918443956539,0.8512467357468507,1.0408035348321687,0.14088701197781348,-1.065831429120749,-0.23959559588734236,1.0207417408851114,0.7228208732261029,0.9400663580514038,0.09097451365574981,29.05157870108667,0.0,0.0,0.0,0.0,1.6666666666666632,2.002670226969317,0.6940075929588992,0.5854557950003196,-8.261791958501108,2.3684210526315788,0.17299911756167213,1.0,20.039911111110865,,0.4209595024585724
CONTROL1002_IZDA,47.0,2.33369009919565,0.4320318840579657,0.39946666666666175,0.2423259409996851,0.9489528018342308,8.836312033998297,10.426624318414731,4.941699913240804,0.19005190958751544,-1.2071399567917886,-0.3278548792917889,1.4,0.5833333333333334,1.0950285227723897,1.0613608511323305,1.4267806682702557,0.17149165760156834,-0.8011415270792513,-0.23254379398382485,1.285262419396021,0.7902152933189074,1.1537627690427292,0.058734246270339775,32.22222896904107,1.0,0.021739130434782608,0.0,0.0,2.25,2.503337783711646,0.6039198070696479,0.6700151853388623,-6.184799410221266,2.0425531914893615,0.13934159920968597,1.0,20.13977777777753,,0.5621241331100464
CONTROL101_DCHA,51.0,2.4893673102142144,0.4024020000000002,0.38371666666666737,0.21712046744291094,-0.36113948066788926,11.388970976595765,12.971970257618546,6.080882307709537,0.0813941784014262,-0.181782255394224,-0.06956818249833419,1.4000000000000021,0.5833333333333337,1.3049286829262294,1.3295608783583628,1.6616331668754905,0.12473942711757348,-0.43648782440130607,-0.13449424469870952,1.4814117461305076,0.78026028466067,1.385511244375622,0.0805825614493924,42.06882718769762,1.0,0.02,0.0,0.0,2.173913043478259,2.5184899134478957,0.7860904974729422,0.5356955631042583,-8.477704172165474,2.176470588235294,0.23998470597011415,1.0,20.487133333333343,,0.3510124981403351
CONTROL101_IZDA,48.0,2.3936130425315065,0.41033900709219945,0.4004000000000012,0.09623483726763593,0.08274409508048677,12.934936233727546,15.300517680951558,7.046628286507868,0.13339704394015092,-0.5698329003621977,-0.1558915749521882,1.3999999999999986,0.5833333333333331,1.584844031968976,1.651755715147615,1.9491208716075796,0.15475724793211615,-0.7613695797875711,-0.19886961378333168,1.85428361793943,0.6364687650963815,1.6401799057981465,0.055335873829170386,52.728628787064906,0.0,0.0,0.0,0.0,1.2500000000000022,2.5184899134478913,0.7993019857764366,0.49764568873458676,-6.143907234219702,2.0208333333333335,0.26014527436228835,1.0,20.05336666666671,,0.3612613379955292
CONTROL102_DCHA,30.0,1.5110939480687333,0.6673333333333353,0.6673333333333353,0.11141720290623135,-0.029556650246305504,14.134516903503489,14.356213783158896,4.942446134187516,0.0703915381584839,-0.43591030448535023,-0.09116977571604268,0.7261904761904762,0.42000000000000004,1.6658908475939314,1.623487942236527,2.106073349450602,0.09473912209446182,-0.5807243749927002,-0.10588947982964936,1.9325571172541447,0.8509568018734138,1.7421870983204755,0.07629625072654421,59.76965988689764,0.0,0.0,0.0,0.0,1.2,1.5110939480687333,0.9029070248707984,0.4032751941761145,-9.769181069531008,2.066666666666667,0.39373014778010407,1.0,19.853166666666727,,0.39175325632095337
CONTROL102_IZDA,37.0,1.8858692328080027,0.5357203703703719,0.5505500000000012,0.44381125166242286,-0.9651173665014485,16.644658098562502,16.611595829531915,7.375496502670258,0.14323932175948093,0.34330288982826673,0.06542517588380381,1.125,0.5294117647058824,1.6638339777494742,1.7863190523822288,2.133228595470365,0.1960265833238042,0.2676109810262531,0.03921849164160607,1.497011613870453,1.1671228345210276,1.7362252469889876,0.07239126923951351,57.9817604836819,0.0,0.0,0.0,0.0,1.8787878787878802,1.0073959653791555,0.5351492530631049,0.7144395958145041,-10.044036394355945,2.5675675675675675,0.20361012908442927,1.0,19.61960000000006,,0.3382370173931122
CONTROL103_DCHA,44.0,2.1639344262295155,0.462790697674417,0.43333333333333357,0.14916339605288564,-0.28062389871435145,16.7089052860722,20.356260307768547,8.867413158293433,0.10497193183720428,0.03306897962762224,-0.015869444519717724,1.3333333333333333,0.5714285714285714,2.1454630812730473,2.173655083106782,2.3266691515875833,0.05479596205375585,-0.05340945894083752,-0.02079012352889542,2.132397195175846,0.9831851366526956,2.162241258566139,0.016778177293092004,87.85733012095906,0.0,0.0,0.0,0.0,1.8461538461538385,2.250000000000008,0.8573934481791166,0.4826332642880289,-7.856638372610196,2.340909090909091,0.09583703096313201,1.0,20.333333333333265,,0.36400076746940613
CONTROL103_IZDA,43.0,2.26315789473685,0.44206349206349044,0.4499999999999984,0.16785155344535177,0.26212052859955,18.323614341879438,17.348941151011235,8.292450824337795,0.09937640899993953,-0.02522029823203659,0.011345586273396435,0.75,0.42857142857142855,1.9188953717346107,1.932471162414679,2.2976912611426212,0.10630337822286953,-0.21212382095787408,-0.0560213003824791,1.9672672721639928,0.9160089351159685,1.9502771056847998,0.031381733950189394,76.50385431428741,0.0,0.0,0.0,0.0,1.4074074074074114,2.250000000000008,0.8450553522626411,0.49461023210934946,-6.675085625028569,2.697674418604651,0.15919276908814325,1.0,18.999999999999932,,0.36332598328590393
CONTROL104_DCHA,25.0,1.1451617171928148,0.84879814814821,0.9621555555556256,0.6291537479517089,-1.1080583486758273,12.139914331680188,11.340106095500616,4.341821672851814,0.30116013337089226,0.5450210547225659,-0.0029107058648430995,1.1428571428571428,0.5333333333333333,1.3969603180529675,1.4726629748298863,1.69809267344749,0.2011422812555399,0.013968131995092134,-0.0117998542811234,1.2659468875727327,0.982997554780389,1.517765783677755,0.1208054656247875,45.98422220013319,0.0,0.0,1.0,0.5640222222222633,1.8275862068965518,0.7535164099128722,0.6465318281052865,0.6363467594004952,-11.124795444790898,2.84,0.2793078900163525,1.0,21.830977777779367,,0.2971888482570648
CONTROL104_IZDA,13.0,0.6158763446633229,1.692633333333415,1.6594444444445244,0.16676275584539968,1.1792129439188277,9.294691667011673,8.467957786959213,2.381085331736076,0.2632642907809068,-5.143426203320016,-0.34485605656696416,1.65,0.6226415094339622,1.6752362979224587,1.6232623037995875,2.0722784488462915,0.097560376876968,-2.1184152847529827,-0.1622371397461888,1.8502756325201832,0.8410024450333698,1.709618130079634,0.03438183215717524,55.75959168064331,0.0,0.0,4.0,2.2568444444445532,1.32,0.5021760964177863,0.9040072616080385,0.332473217392277,-12.134298914687198,3.769230769230769,0.12876697501988632,1.0,21.10813333333435,,0.3125469982624054
CONTROL105_DCHA,47.0,2.2912522912522535,0.44086304347826816,0.43290000000000717,0.0947413578768582,0.5147375653611892,12.271368319382967,15.949024110355028,6.856152368630481,0.10757508410807852,-0.47253886262356076,-0.13903759468095545,1.6,0.6153846153846154,1.61090437021605,1.5856422326017086,1.993515376385216,0.10532234917551163,-0.19533184727675684,-0.07660856355266155,1.435183281575005,1.010041768919867,1.657828214861561,0.04692384464551139,57.53211707637317,0.0,0.0,0.0,0.0,1.2307692307692308,2.252252252252215,0.8551059159133861,0.5001336292465339,-6.5775678002595175,2.0638297872340425,0.17358041288685336,1.0,20.51280000000034,,0.42851701378822327
CONTROL105_IZDA,42.0,2.060884413825556,0.48650487804878856,0.4662000000000077,0.08799121170687438,0.5318387789172427,9.288845099322646,13.581901210866466,5.42426616570758,0.19937799763596642,-1.5087634769480252,-0.33816575774339497,1.55,0.6076923076923078,1.3979959259427024,1.3652523179504976,1.930256009755242,0.15168142213408223,-0.9477481618912295,-0.22112676534580222,1.6728905439119448,0.7012629053957682,1.4942082512752746,0.09621232533257255,45.83300708445512,0.0,0.0,0.0,0.0,1.2142857142857142,2.002002002001969,0.8227857031548361,0.5055855724233098,-6.726449114026377,2.0714285714285716,0.4375049232530429,1.0,20.379600000000337,,0.462555468082428
CONTROL106_DCHA,42.0,2.075135268076735,0.48309485094850924,0.46604444444444404,0.2227001741328196,0.10684273709483663,10.43423061510725,13.311985093214659,5.605950050792181,0.14819667895067093,-0.5756361764665875,-0.1548734223500544,1.7999999999999945,0.6428571428571421,1.375525360834022,1.343373792778554,1.741782501053621,0.1371996162851853,-0.29054590546305975,-0.07280476704761452,1.4793833273731525,0.9633132336862841,1.4897706711233067,0.11424531028928439,51.62558072521614,1.0,0.024390243902439025,0.0,0.0,2.2857142857142865,2.2530040053404554,0.8137281634667131,0.5274064016106269,-7.596632349327475,2.619047619047619,0.18804030651720904,1.0,20.239644444444433,,0.3703352212905884
CONTROL106_IZDA,59.0,2.6853987134360984,0.3759348659003829,0.33288888888888923,0.5102732266209824,0.6567200768125502,12.983588891928308,14.476671891284958,6.8249919107989765,0.1542516461447741,-0.4219762003880025,-0.1557745382692114,1.5,0.6,1.2127594374633053,1.2604112510132042,1.766755856786728,0.24663032253022868,-0.2909283959904889,-0.07320732936879737,1.3157095218567416,0.7856841632604323,1.2898341775986144,0.07707474013530885,40.21258400630662,2.0,0.034482758620689655,0.0,0.0,3.899999999999996,2.2530040053404554,0.49828440952174863,0.7727749134301884,-8.671975935539267,2.7966101694915255,0.2095226804835748,1.0,21.970666666666652,,0.3939662575721741
CONTROL107_DCHA,46.0,2.1423914055950832,0.4445916049382661,0.43275555555555023,0.11289980335232827,-0.29890893306938904,12.53073489652658,15.102205471317328,6.719568125170149,0.11422674633854796,-0.2567608751890549,-0.0728297850870141,1.3333333333333333,0.5714285714285714,1.6451576576601317,1.6952179750337293,1.8897740513411245,0.11342243213737865,-0.1534378539625889,-0.033594583852330384,1.7218117199866991,0.9101032389895661,1.7582746965700022,0.11311703890987014,57.92506793098301,0.0,0.0,0.0,0.0,1.3076923076923077,2.2530040053404816,0.8288797872231477,0.5110567994044096,-5.856069705757508,2.217391304347826,0.09830732801964372,1.0,21.47133333333307,,0.3654954731464386
CONTROL107_IZDA,49.0,2.2438454524732157,0.4459324074074075,0.43275555555555556,0.29732995062841033,0.23297760916351473,12.955875293105024,16.18718440533437,7.394134876624446,0.14883951125986358,-0.08485005370133432,-0.051424971354050664,1.3999999999999808,0.58333333333333,1.7171304748887557,1.7180972633344478,2.2823560712063724,0.14781331802363396,0.007615175600650409,-0.016358178834922743,1.7288991514881893,1.0552210509329663,1.8316275566430196,0.11449708175426387,61.56891371690866,2.0,0.041666666666666664,0.0,0.0,2.384615384615384,2.2530040053404536,0.7577524748528183,0.5936524628617885,-6.860851992869951,2.5510204081632653,0.3209273910727519,1.0,21.837511111111116,,0.34854763746261597
CONTROL108_DCHA,31.0,1.5656565656565713,0.6533333333333311,0.549999999999998,0.6392295880156371,2.0135751742298686,7.343528831539856,7.460964611620256,3.0892271442335075,0.3884071279993356,-0.8010349396580836,-0.10956151753468202,0.9999999999999645,0.4999999999999911,0.655160080537194,0.6226520629681487,1.6744090568407288,0.38798394523010554,-0.8881777760146791,-0.13102384619999952,0.6891375070570911,0.926136047487343,0.6488850785126371,-0.006275002024556788,21.875951367380058,4.0,0.13333333333333333,0.0,0.0,3.6363636363636362,3.0000000000000107,0.21419080629919657,0.9293966433158968,-13.739738836192531,4.032258064516129,0.3900986224806855,1.0,19.79999999999993,,0.33978739380836487
CONTROL108_IZDA,28.0,1.379310344827591,0.7209876543209851,0.6999999999999975,0.20059841980284218,0.03387023934969017,7.846175549318731,9.02833463336094,3.3928054154143585,0.18358110256650895,-1.6939192630275863,-0.27469787724931316,1.55,0.6076923076923078,1.1798627414775953,1.1720722758301083,1.580100643192961,0.1311150176241205,-0.9822579817193795,-0.18387469562372627,1.4073999279198361,0.8319180025619863,1.270455431230319,0.09059268975272361,42.28999442618285,0.0,0.0,0.0,0.0,1.6666666666666667,1.5000000000000053,0.8067878105565197,0.525683419309076,-8.435572907519331,2.6785714285714284,0.39182936905974347,1.0,20.29999999999993,,0.31088972091674805
CONTROL109_DCHA,36.0,1.6240601503759455,0.5819047619047599,0.5666666666666647,0.0911842113072613,0.3834921857450031,7.342022695776617,10.024327755354243,3.216155541859054,0.1352570892167751,-0.947724407981817,-0.1995799667018977,2.5,0.7142857142857143,0.9677227190873925,0.9487213002400271,1.2140904438420956,0.16746872874461907,-0.48155345978536446,-0.12686486320285206,0.9909054526101411,0.8985521012510401,1.0777452571647492,0.11002253807735698,31.947305233849356,0.0,0.0,1.0,0.5333333333333314,1.2941176470588236,1.7500000000000062,0.8883223119453165,0.43956223615404094,-7.962468633259595,2.138888888888889,0.09863510828467155,1.0,22.16666666666659,,0.3921179175376892
CONTROL109_IZDA,34.0,1.7142857142857202,0.5747474747474728,0.5999999999999979,0.1570748890791164,0.18414659361108457,9.29559381114161,12.611609430015294,4.122218815388034,0.17546356583597902,0.7495542945178755,0.20236025629108156,2.2,0.6875,1.2585103319451558,1.3061945283788026,1.5072420501859853,0.16089092592768153,0.8413342734404748,0.22501279072352487,1.2678874454276354,1.1124729828215134,1.2816417696208073,0.023131437675651706,39.93235840153593,0.0,0.0,0.0,0.0,1.2222222222222223,1.7500000000000062,0.823221260065391,0.5117542606394629,-8.500910512440388,2.2941176470588234,0.17390061974555235,1.0,19.833333333333265,,0.33780673146247864
CONTROL10_DCHA,35.0,1.7790217752264557,0.5688483660130953,0.515977777777799,0.5584899572744084,1.023761092607909,10.449619961882133,10.447228853095096,4.376148384297551,0.25663783011679475,0.35072881719178894,0.15634297637342076,1.0,0.5,0.9896030060204217,0.9267229652842844,1.5740923479421696,0.28371465732700374,0.3651828781597486,0.15586418968533455,1.048079510636811,0.81641146953277,1.1012682309258224,0.11166522490540105,32.584902363843995,3.0,0.08823529411764706,0.0,0.0,2.903225806451613,1.0013351134846051,0.37944997530483826,0.8475564372174474,-10.229850023814333,3.8285714285714287,0.11229294315095384,1.0,19.67373333333414,,0.3828708827495575
CONTROL10_IZDA,20.0,1.0540369615627845,0.9408491228070186,0.9653777777777801,0.265479082118387,1.8870266914959646,7.5860202423735545,9.929620775760498,2.5929576908357097,0.16352651597651788,-0.7579771982250039,-0.060342199304387445,1.3791208791208796,0.5754901960784317,1.0253493767682031,1.0309410393283016,1.2826592968850647,0.1252294913976592,-1.1484280526831652,-0.13035935311288993,1.015408055541291,0.8647490509526184,1.1388703470634285,0.1135209702952255,30.303934991475632,0.0,0.0,0.0,0.0,1.4137931034482734,1.001335113484645,0.7808325032902191,0.5352357016380554,-10.574528731690064,2.95,0.2033035497650884,1.0,18.974666666666685,,0.2799402177333832
CONTROL110_DCHA,38.0,1.9198318631463125,0.49713153153152867,0.46651111111110843,0.3897159791738598,0.8168065090261909,11.179388454342313,11.296947719898892,4.98790348088775,0.16588349687965778,-0.5764612539119472,-0.13301331071632239,1.3333333333333384,0.5714285714285723,1.199546307686797,1.2129343113265891,1.6321973603543238,0.16859168273028433,-0.23832503149468612,-0.056124104923431006,1.311738527583752,0.9560595713754685,1.3118103402142418,0.11226403252744448,40.79231795924024,0.0,0.0,0.0,0.0,1.8571428571428534,1.2504168056018745,0.3588311369196656,0.7965361834726993,-9.60453488215207,2.736842105263158,0.25241202866616647,1.0,19.793399999999885,,0.3205079436302185
CONTROL110_IZDA,31.0,1.5505168389463244,0.6286792592592556,0.64978333333333,0.3984637557317441,-2.598882936281776,11.781077646384293,12.019819569876727,4.693886762413952,0.16388404879776713,-0.976349928413522,-0.1668132118050476,1.0714285714285714,0.5172413793103449,1.3022956963748125,1.3370603613872685,1.7936750050129058,0.18827611828875027,-1.8111225651113376,-0.3105933912613721,1.5885306288898686,0.6165790966177848,1.3598044249184762,0.057508728543663595,37.38052672140637,0.0,0.0,0.0,0.0,1.7948717948717936,1.0003334444814995,0.5760683424846876,0.7004675427689337,-10.373892146341998,2.903225806451613,0.15889949703076914,1.0,19.99333333333322,,0.3357049226760864
CONTROL11_DCHA,20.0,1.0412496847327333,0.9618736842105274,0.9320888888888899,0.1911787506506655,-0.24286581663630774,8.362412217679509,10.651645759562799,2.6215534592776852,0.10477351499920663,-1.2623921099681117,-0.15205320713710957,1.5227272727272716,0.6035714285714284,1.1348680313729855,1.1301599284702566,1.3596609946079319,0.08641785143604926,-0.9786008505557053,-0.1301820008868727,1.235098141383883,0.8724490560056085,1.17460828660356,0.039740255230574915,37.56766095722106,0.0,0.0,0.0,0.0,1.3571428571428572,1.001335113484645,0.8826209240403204,0.429136255270112,-10.765505831730074,2.85,0.12947586361927538,1.0,19.20768888888891,,0.3810965418815613
CONTROL11_IZDA,30.0,1.5452845641525457,0.6407379310344592,0.6992999999999743,0.4587253550043342,-0.7168458781362015,9.836971020100371,10.845185797422586,4.312009785347229,0.17363396134529052,-0.8989895217396001,-0.20064547465066884,0.9411764705882353,0.484375,1.1771818950373472,1.2338187301014187,1.5488040762331827,0.2191535334764967,-0.8482569552070603,-0.19213645149978464,1.3247582514692742,0.8307105682868601,1.30494138608812,0.12775949105077303,35.341396494442925,0.0,0.0,0.0,0.0,1.5714285714285714,1.2512512512512972,0.7524257211802662,0.5737118128757532,-10.105936354725657,3.2333333333333334,0.09807135503787016,1.0,19.413899999999284,,0.3933817446231842
CONTROL12_DCHA,39.0,1.9526034712950842,0.5133497076023329,0.5659111111111041,0.3182490916908915,-0.23273470372446595,11.683465990552829,13.63131580414894,5.91582704760289,0.1404702286273417,-0.3080311693213475,-0.11110057338036416,1.1428571428571428,0.5333333333333333,1.4276342639296116,1.5349321825718305,1.7918144325766932,0.18471070981986235,-0.41089578753826866,-0.12681225227513437,1.6677343923673125,0.9169873965676194,1.515277591619413,0.08764332768980143,47.78498275778084,0.0,0.0,0.0,0.0,1.3529411764705883,1.7523364485981523,0.6336958299705409,0.6755457987867557,-8.9064547028381,3.051282051282051,0.06748702315184067,1.0,19.973333333333088,,0.3588583171367645
CONTROL12_IZDA,40.0,2.054020745609556,0.48567635327634734,0.5326222222222157,0.291919820858466,-0.5300157247248166,12.218420617922508,14.98362400776087,6.788182963844347,0.171763881740544,-0.778235870509502,-0.17810629150933444,1.4642857142857144,0.5941176470588235,1.5752250708834574,1.7158693597201733,2.0326058892074483,0.22890889046729265,-1.2840536372117293,-0.2898668106170551,1.8870036713991112,0.6384378791275743,1.6898528548403668,0.11462778395690927,51.465099662923535,0.0,0.0,0.0,0.0,1.3124999999999967,1.7523364485981523,0.6736813874493773,0.6613838602648688,-7.25618691989826,3.125,0.16166054995984971,1.0,19.473999999999762,,0.41712385416030884
CONTROL13_DCHA,51.0,2.5879100061342686,0.38881422222222783,0.3661777777777835,0.4403848604295484,-0.03864559522439241,10.040736071489862,11.046684153192736,5.533244884707785,0.20187595663548433,-0.3521005963798273,-0.08949124928058683,1.0000000000000178,0.5000000000000044,0.94976699827271,0.9378008372894473,1.5359331056954475,0.2510848872500742,-0.2993315337534029,-0.06649915835221865,1.0246020278239416,0.878511065594377,1.0160483166956509,0.06628131842294074,28.574894793779205,2.0,0.04,0.0,0.0,2.636363636363631,3.2543391188250532,0.2950006169332808,0.8970465278194155,-7.432320235427555,3.235294117647059,0.15313094811104114,1.0,19.707022222222502,,0.3240952789783478
CONTROL13_IZDA,53.0,2.6713470309406158,0.37514017094016633,0.3661777777777733,0.18671780705242222,0.7166856696957882,10.020473961049694,11.574552564930089,6.161113641673735,0.13885234257240686,-0.6906271915242503,-0.21254156060806806,1.1666666666666667,0.5384615384615384,1.2286666782100428,1.2538683755576223,1.4832082308867565,0.13188520865412107,-0.40909340869571115,-0.13627704853962852,1.2938622664086563,0.8050760807452361,1.320153057649378,0.09148637943933531,39.037534861680456,0.0,0.0,0.0,0.0,1.8181818181818181,3.0040053404539755,0.567003815712735,0.6171204804106544,-5.135312222413261,2.169811320754717,0.19880758954199823,1.0,19.840177777777534,,0.3636740744113922
CONTROL14_DCHA,46.0,2.3030707610147148,0.4379338271604885,0.39946666666666175,0.3775101646278815,0.4737074030552315,16.640094743576164,16.362197276002206,7.674555327196094,0.2653627001169114,-0.3713277822735108,-0.12552910383591365,1.0555555555555733,0.5131578947368465,1.5456914659714542,1.431570550354619,2.555123705364749,0.2745892352704852,-0.07706827650907894,-0.051856563344187645,1.7813351882591388,0.882241026606174,1.5429258764558413,-0.0027655895156127814,42.563474096669985,0.0,0.0,0.0,0.0,2.0,1.7523364485981523,0.43448144373553177,0.8085468360391445,-9.532074399717795,2.847826086956522,0.2209584241086259,1.0,19.973333333333088,,0.29317063093185425
CONTROL14_IZDA,36.0,1.8581476332704754,0.5354755555555561,0.5659111111111117,0.43741400691216453,-2.307317243060634,19.404908465295897,19.40418567500021,7.455923430445773,0.39259441384003124,-2.116430708685727,-0.4053384522463479,1.5470085470085477,0.6073781291172597,1.6672416216839836,1.5982145486800419,3.1542060419620874,0.4097657145359543,-2.516600394208297,-0.42972598207397994,2.457835376485373,0.5290847653017454,1.6362831736505996,-0.03095844803338415,51.08050479349546,2.0,0.05714285714285714,0.0,0.0,2.1176470588235294,1.752336448598129,0.4243858243780332,0.835252459774377,-10.764804602459362,3.361111111111111,0.1254727811001851,1.0,19.374133333333354,,0.30576685070991516
CONTROL15_DCHA,34.0,1.6966143118843051,0.5951649831649759,0.5991999999999926,0.20365801527951144,0.05982053838484803,10.63373538490934,13.430787825604153,5.259484026425645,0.11390706691461158,-0.4594488493014449,-0.09137248962163336,1.633333333333342,0.6201923076923089,1.5529444586478198,1.5605280356416098,1.7805823663763884,0.061678748760135814,0.22420085138108856,0.050479715376549494,1.4905249780825975,1.0745019354380996,1.655145414024124,0.10220095537630418,47.094025008752524,0.0,0.0,0.0,0.0,1.5,1.7523364485981523,0.8019160904683564,0.5011337876255598,-7.121362325618746,2.1470588235294117,0.11973134198584436,1.0,20.039911111110865,,0.3706759810447693
CONTROL15_IZDA,51.0,2.5534045393858453,0.39480622222222267,0.39946666666666797,0.3793366953527491,0.5048899829746403,13.903393529207872,14.930188982878585,7.213888918667229,0.15758850790386375,-0.5378731258170977,-0.1675885563430477,1.0,0.5,1.4134290942153294,1.4481771546953572,1.943983369419112,0.19359702148965757,-0.3051075769522119,-0.07021122315862327,1.6150874819798715,0.8807041871097757,1.5297007621027328,0.11627166788740331,39.31521847745092,0.0,0.0,0.0,0.0,1.749999999999995,1.752336448598129,0.5175905409536353,0.768572208042585,-7.91411034868813,2.6470588235294117,0.11978801015381983,1.0,19.973333333333354,,0.34412142634391785
CONTROL16_DCHA,24.0,1.2345227426523022,0.8134067632850249,0.865511111111112,0.32243249800706625,-0.5944678097703034,10.056029971170634,9.51661025788714,3.2598090881021697,0.15196845823921024,0.09503998903185885,0.016529193126926023,1.005952380952379,0.5007407407407403,1.1736728409335624,1.1881457957680435,1.3514399033015307,0.10517553921408702,-0.5518999894356542,-0.08961545383802938,1.2562724659672555,0.9055675037364025,1.234931937243491,0.06125909630992877,40.39878816791485,0.0,0.0,0.0,0.0,1.4230769230769225,1.001335113484645,0.7966382248197017,0.5301918738731062,-9.177076240255138,3.25,0.10787355562485629,1.0,19.44071111111113,,0.3209538459777832
CONTROL16_IZDA,25.0,1.3015621059158817,0.7711925925926139,0.8488666666666904,0.3541293373881716,2.2521113543947444,8.633371884091815,8.997381688126989,3.3065571542719017,0.17196958888314814,-0.5959313581560691,-0.1312055989424632,0.8571428571428571,0.46153846153846156,1.1056602827508508,1.1347760534905513,1.2757708077785834,0.15085655689215097,0.8565049198366873,0.19628331707191915,1.1050422444092871,1.0973133331398506,1.244820075907874,0.13915979315702326,41.52268614862994,0.0,0.0,0.0,0.0,1.2549019607843135,1.0013351134846185,0.8317493981934436,0.48938166489229906,-10.490662314653648,2.88,0.09506135085614072,1.0,19.20768888888942,,0.3497624099254608
CONTROL17_DCHA,33.0,1.6688918558077641,0.5919180555555483,0.5991999999999926,0.23641064469875545,-0.409217178875319,14.972759983961696,17.94982604473417,6.853185668198403,0.16735498477548058,-1.2505798171149733,-0.2340346477241857,1.6249999999999933,0.6190476190476181,1.8531602500181068,1.820724164723243,2.3113559812545446,0.10017756655599175,-0.7875728026188283,-0.14771017007805642,2.0623609673129253,0.7869914285510393,1.9530012594260777,0.09984100940797118,61.45244173603124,0.0,0.0,0.0,0.0,1.5,1.7523364485981523,0.7023308624441899,0.6100778475435272,-8.551478862440806,3.0303030303030303,0.11134186237341728,1.0,19.773599999999757,,0.38831546902656555
CONTROL17_IZDA,33.0,1.6418091963426704,0.6177187500000074,0.6322777777777855,0.1535220621572793,0.9320971197804057,10.711463394245763,15.421253962907578,4.9723338236412005,0.1276070636009443,-0.9970008117593062,-0.20212788305263507,2.8,0.7368421052631579,1.5130102208130418,1.5071694671317413,1.6857312557997954,0.06564995226631616,-0.480587412711026,-0.10209055012287804,1.608313452899893,0.8625991043168065,1.6221301274749589,0.10911990666191707,50.92953961475828,0.0,0.0,0.0,0.0,1.263157894736842,1.502504173622686,0.8727813466010732,0.4489135990703637,-8.576275765166997,2.3333333333333335,0.1224847773381156,1.0,20.099777777778023,,0.43211832642555237
CONTROL18_DCHA,31.0,1.5703906501530056,0.6335985185185108,0.6657777777777696,0.18722679720751786,-0.05493552867654346,10.850320561935696,14.613660686865213,5.030844505965522,0.1481595881562135,-0.3838510771430277,-0.07666071846153566,2.1666666666666665,0.6842105263157895,1.531039440493971,1.5460515304815852,1.7274631889669687,0.07428871010473435,-0.3537606145932555,-0.07708043760490246,1.554507207132056,0.9082501387213139,1.6185750024295646,0.0875355619355936,49.78029420485326,0.0,0.0,0.0,0.0,1.25,1.5020026702269877,0.7988212897176129,0.5192349841746279,-8.952478457572077,2.7096774193548385,0.13123267645214062,1.0,19.74031111111087,,0.36270928382873535
CONTROL18_IZDA,40.0,1.999337996974333,0.5053082621082627,0.5326222222222228,0.28261503214005884,0.41740753911806583,8.931497292033233,11.339275555046559,4.7293512704520335,0.14224850109177078,-0.3601955461590222,-0.09473958671908544,1.4222222222222327,0.5871212121212139,1.1155820974049302,1.1500462529851228,1.39129454080838,0.14176162051068245,-0.07890579638328252,-0.02259690756070476,0.9885431089207115,0.9808643273031823,1.1889842876383176,0.07340219023338726,38.057934565432745,0.0,0.0,0.0,0.0,1.625,1.752336448598129,0.6651631887883998,0.678497536964012,-8.53479525841799,2.95,0.11433386437808894,1.0,20.006622222222244,,0.4161704182624817
CONTROL19_DCHA,47.0,2.3492221464447476,0.4262425120773122,0.4327555555555733,0.3105290541529952,0.5765271105010298,10.953186007614015,11.27825212856076,5.63795409627426,0.17547536802155844,-0.11070316253471862,-0.0049793833817581845,1.0,0.5,1.1601840163411563,1.1646278830156083,1.6972313850290144,0.2183025798462702,0.45250097632085207,0.22063947838998055,1.050680989845939,1.0593571888926658,1.2877789726359579,0.12759495629480117,35.734832497112535,0.0,0.0,0.0,0.0,1.6923076923076923,2.0026702269692103,0.47292043044514026,0.8082141820916876,-7.659071990887671,3.234042553191489,0.19637266101526227,1.0,20.006622222223044,,0.38418877124786377
CONTROL20_DCHA,50.0,2.549238542447465,0.39620204081631194,0.3995999999999853,0.4097295897919942,-0.24099485420240047,15.352603901391241,15.482395939503608,7.52495228268673,0.22011298752930236,-0.09593095310143011,-0.03708960215864765,1.0,0.5,1.4522044743868328,1.4202112755689709,2.5707907684776443,0.2199123099392898,0.007587494480392956,0.006385827028710933,1.5282409711748366,1.0032993276145201,1.512450598173797,0.06024612378696425,50.583521094531264,1.0,0.02040816326530612,0.0,0.0,2.75,2.252252252252335,0.4189958620231524,0.8590632711729277,-8.007500640882427,2.6,0.2018356408903241,1.0,19.613699999999277,,0.34808558225631714
CONTROL20_IZDA,42.0,2.1567217828900334,0.4692921409214034,0.39946666666666175,0.6646481496771196,-0.11616411270390366,12.038086420627536,12.399133874243494,5.934717966831361,0.33323187235739693,-0.2053650956767218,-0.15903376729052643,1.1714285714285713,0.5393939393939393,1.0850394320731158,1.0639168290500913,1.816535953705417,0.3236684773960888,0.439969500970666,0.00928814825946045,0.879582046580628,1.13451818497228,1.1280645525134165,0.04302512044030077,35.52696298750508,5.0,0.12195121951219512,0.0,0.0,4.166666666666667,2.002670226969317,0.3257196237337281,0.9033958782313426,-8.556926069441346,3.7142857142857144,0.18284475720435156,1.0,19.473999999999762,,0.3209756910800934
CONTROL21_DCHA,41.0,2.063052243862864,0.4793599999999941,0.4993333333333272,0.20114928274944777,0.46122576610381605,15.363779599343868,17.443235397875554,7.982497619189468,0.14455452971508667,-0.7723720609114799,-0.21154926694238851,1.5,0.6,1.9193853598847759,1.9261326863115116,2.241225152586678,0.06851875946615196,-0.18368471591230337,-0.048852518635356335,1.9707674815115717,0.9630492917687025,2.031623776259607,0.11223841637483073,62.744935434478954,0.0,0.0,0.0,0.0,1.2666666666666666,2.002670226969317,0.757337978536975,0.5786044687343618,-6.051323411333977,2.4878048780487805,0.27026949658285887,1.0,19.873466666666424,,0.4376659095287323
CONTROL21_IZDA,47.0,2.4052512947416838,0.4088743961352607,0.39946666666666175,0.22627887696154653,0.12100671562166629,13.618035448602042,14.565652991976664,7.245094440748138,0.13479823363954777,-0.3365302937427594,-0.12185415554423362,1.2,0.5454545454545454,1.5463729234705583,1.5722470442302177,1.8972112267866816,0.13804019142382593,-0.22273821242266353,-0.05786642234544248,1.8074057067335545,0.8441941729394298,1.6674180912720424,0.12104516780148349,53.253295659478084,0.0,0.0,0.0,0.0,1.6666666666666667,2.503337783711646,0.6288393610313886,0.6993867622946984,-7.384240246959347,2.723404255319149,0.15402157346715972,1.0,19.54057777777754,,0.39489176869392395
CONTROL22_DCHA,32.0,1.6155995108323904,0.626045878136193,0.6657777777777696,0.23056133927336614,-1.2821612349914255,11.76011879726363,12.091990492232366,5.218148385227394,0.09494763918697632,0.014780878145513272,0.03201001473620879,1.1611111111111139,0.5369047619047626,1.5975730694522212,1.6099171933567862,1.882283415194551,0.07645086924708247,-0.28030759784151393,-0.062136168703215144,1.5894072775992136,0.9734483836050795,1.7589573175563122,0.16138424810409108,53.91834665998563,0.0,0.0,0.0,0.0,1.2,1.5020026702269877,0.8883326643623553,0.42363965758148914,-8.222681164242257,2.53125,0.18252453944823877,1.0,19.806888888888643,,0.3898681104183197
CONTROL22_IZDA,32.0,1.6026711185308653,0.6258369175627316,0.6322777777777855,0.15890065973267187,0.16723842195540042,11.447063438534961,11.490981157349667,4.8100022859844245,0.14722535402420264,-0.8691534780072077,-0.1496045244540134,1.1736111111111112,0.5397058823529413,1.5154090820015373,1.5170808303620291,1.7310896611087507,0.0855685713259989,-0.6668032316414522,-0.12314554785374465,1.647553430540587,0.8621838664150281,1.7164290021136208,0.20101992011208347,56.73465880022138,0.0,0.0,0.0,0.0,1.2105263157894766,1.502504173622686,0.9115064674566675,0.40604950612178325,-6.343717918231965,2.15625,0.10330658586904554,1.0,19.96666666666691,,0.4180041551589966
CONTROL23_DCHA,28.0,1.413649571978324,0.7064641975308641,0.7323555555555554,0.17174051797755732,0.7968471319256666,9.849004081970348,10.98248458480224,4.124402206173307,0.1424515375255547,-1.2903262604559664,-0.23053627504913832,1.1805555555555567,0.5409356725146202,1.443654635622643,1.4325257218727327,1.638202765595356,0.07299427619559917,-0.4344588142918661,-0.0882539354889541,1.5320371343287038,0.8851922637576664,1.521977258250452,0.0783226226278091,49.433719153255915,0.0,0.0,0.0,0.0,1.409090909090909,1.2516688918558079,0.6875556793439304,0.5730035020669132,-7.740119834549158,2.2857142857142856,0.17436227650254785,1.0,19.80688888888889,,0.3246175944805145
CONTROL23_IZDA,30.0,1.5070260905287503,0.6692214559386891,0.6657777777777696,0.19566064125693577,0.7155109041901483,7.310976214488206,8.458173958890145,3.0185279576131943,0.1618124010263274,-1.2025267214852629,-0.23259223624863734,1.4097222222222294,0.5849282296650731,1.0154445088325168,1.0060060992112994,1.284131546451005,0.11052914248061275,-0.6992456300444609,-0.13792217472820112,1.1148382757745023,0.8544028624531794,1.11097707288217,0.09553256404965317,33.744600611145756,0.0,0.0,0.0,0.0,1.45,1.5020026702269877,0.8101737142562738,0.5308479119639201,-8.196795808464413,2.2,0.11532996917401317,1.0,19.90675555555531,,0.32541149854660034
CONTROL24_DCHA,32.0,1.6292910321105876,0.6110121863799371,0.5992000000000086,0.11288918701407187,0.5030755711775038,11.444088928219136,15.855143413076043,5.336821244824428,0.136062457161705,-1.2459589018415749,-0.23652746611452014,2.4000000000000066,0.7058823529411771,1.6261297037336253,1.6348848446245499,2.0283978651673684,0.1213927418756914,-1.0868306657456244,-0.23000843930804515,1.8352016054187086,0.7423181644996565,1.7676270069326914,0.1414973031990662,46.04144711146773,0.0,0.0,0.0,0.0,1.2222222222222252,1.7523364485981057,0.8446723185341016,0.46558403185440556,-7.686441552474356,2.375,0.07874181883499462,1.0,19.640444444444725,,0.30339229106903076
CONTROL24_IZDA,41.0,2.0324128541024162,0.49517222222224255,0.5326222222222441,0.38682854744483713,0.7258738392167376,16.077218802981204,19.869661089281056,8.18965440554802,0.14082050954466382,-0.4375482773541889,-0.1241355212968629,2.0,0.6666666666666666,1.8541759096478612,1.9131066898544287,2.6335870663739813,0.20670094953896861,-0.19479482527196798,-0.10056178319918718,1.5486682950759727,1.0860142929575298,2.005412187326134,0.15123627767827286,60.21018927672671,0.0,0.0,0.0,0.0,1.5625,1.5020026702269078,0.7230201140175998,0.6152255229477901,-9.179407842590436,2.731707317073171,0.1231459763903252,1.0,20.173066666667495,,0.34628766775131226
CONTROL25_DCHA,18.0,0.9133800021650601,1.067202614379072,1.0652444444444313,0.15595250907064764,-1.0244648318042797,10.166294570605418,13.069921913966743,3.3218186144369253,0.10089837553657816,0.2578991924577939,0.04435925848797728,1.7622377622377567,0.6369485294117639,1.7605808169372807,1.7346914626189072,1.9900537130634612,0.05067559217990876,-0.47906636772589356,-0.059583687580813116,1.840016458891574,0.9453852066978713,1.8842763405163845,0.12369552357910352,63.15219672959885,0.0,0.0,0.0,0.0,1.25,1.0013351134846584,0.8369565648554977,0.4523438034531576,-10.96112090258497,2.5555555555555554,0.08549856550137509,1.0,19.70702222222198,,0.40672826766967773
CONTROL25_IZDA,20.0,1.009749694270244,0.9951625730994031,0.9986666666666544,0.12790465695036013,0.3521126760563371,9.78547300180702,9.560554104008336,2.7924328295051732,0.15467903243964887,-1.4976701460079116,-0.17558074783499888,0.6666666666666666,0.4,1.3690909988082038,1.3460400912389794,1.71028132896026,0.10503099814317535,-0.7729422340912645,-0.10911866751263044,1.509667742310661,0.8825186943608049,1.4440765117042156,0.0749855128960118,40.691640235354996,0.0,0.0,2.0,1.2649777777777622,1.2333333333333334,1.0013351134846584,0.8533142374813247,0.46372804259488815,-10.508707726456876,2.5,0.15523460426315916,1.0,19.806888888888643,,0.32327377796173096
CONTROL995_DCHA,33.0,1.6632915475667986,0.6096027777777703,0.5991999999999926,0.32318854883713577,-1.0529160369521435,19.68631910912166,21.018533891211256,8.221683503056152,0.15191543003231725,-0.6709090923025427,-0.13204028121652767,1.4285714285714286,0.5882352941176471,2.268073296146987,2.335643236918171,2.5162639634329698,0.09511366564342605,0.5197004183408545,0.11105519197208746,1.9168292334002213,1.2520059928754455,2.32702226495749,0.05894896881050326,81.37665517650359,1.0,0.03125,0.0,0.0,2.611111111111111,1.7523364485981523,0.7806142119124703,0.5581073530509587,-8.924890492111885,2.787878787878788,0.21049537534466545,1.0,19.840177777777534,,0.3631615936756134
CONTROL995_IZDA,48.0,2.407216299529062,0.4178817966903023,0.39946666666666175,0.5278511450876047,-1.166175386882829,20.900407224891214,20.726947601435153,10.011198563602186,0.18213380288088407,0.14350620210656154,0.050514118034264976,1.2291666666666665,0.5504201680672269,1.9755692000904324,1.993657598862036,2.751910991517635,0.17510528767814784,-0.012129579263291718,-0.008689320345822704,2.0519455609724098,0.9455518450927489,1.954899387858202,-0.020669812232230345,71.78159831194112,1.0,0.02127659574468085,0.0,0.0,3.9166666666666665,2.002670226969317,0.34400846361142473,0.8544044804740331,-8.99806738773777,2.9166666666666665,0.16817140257414653,1.0,19.9400444444442,,0.33332380652427673
CONTROL996_DCHA,39.0,1.9565162861864696,0.5096754385964973,0.5324444444444509,0.34811522370114295,-0.6086975159140122,9.690769367231177,11.621033138604437,4.693755191369279,0.12992605827755546,-0.1640895564917834,-0.011345042723440946,1.7142857142857142,0.631578947368421,1.1387297612157952,1.1845537899743155,1.4823220366787138,0.18640714343769038,0.01992465010566876,-0.0052839563384061705,1.0706481024640564,0.9502773179102336,1.2452865847230943,0.1065568235072988,38.4689136695157,0.0,0.0,0.0,0.0,1.625,1.502504173622686,0.47019230647954413,0.776206054543506,-9.288049442512872,3.051282051282051,0.13113447863284478,1.0,19.93338888888913,,0.4227398931980133
CONTROL996_IZDA,39.0,2.0374992743948708,0.45903625730993597,0.4660444444444387,0.2848566130846608,0.6459189665296545,9.24352618957805,9.996261602624763,4.259286122821061,0.23740161559820805,-0.9503562605474584,-0.22291556438013205,1.3333333333333333,0.5714285714285714,0.9908247975256302,0.9559344231605,1.4709923888748502,0.22655860223665025,-0.2306306166340483,-0.01345905059157504,1.0588923462304822,0.8197030217503074,1.1425733751276956,0.15174857760206528,29.52335891886937,0.0,0.0,0.0,0.0,1.5,2.002670226969317,0.5686498985476696,0.759067910395308,-7.667843102026207,3.051282051282051,0.17732096969574426,1.0,19.141111111110874,,0.3747219145298004
CONTROL997_DCHA,28.0,1.4136495719783413,0.7089300411522546,0.7323555555555465,0.27314869199670083,0.03153368370759646,13.775688294305452,12.961629247152526,5.5147999931018195,0.26849384566442147,-2.54064244541907,-0.3522074353904824,1.0833333333333335,0.5192307692307692,1.689692449249508,1.7968700779525921,2.126060301934611,0.20454171655078823,-1.803204412915384,-0.2920596561478144,1.8992557159462418,0.635670003459372,1.768671222090139,0.07897877284063091,58.452697043263086,0.0,0.0,0.0,0.0,1.4090909090909116,1.251668891855823,0.8221198049947278,0.5093115276994038,-8.833356732394307,3.7142857142857144,0.1838432042033188,1.0,19.806888888888647,,0.4012921154499054
CONTROL997_IZDA,49.0,2.4249795993780032,0.417498148148143,0.416111111111106,0.3989893524819957,-0.7210009189227415,16.830247209259166,18.234980692250268,8.793821119101906,0.20487513058408116,0.17441117475682005,0.036638919606585274,1.25,0.5555555555555556,1.6315407026942526,1.68347154521553,2.397310624520233,0.22287743184589978,0.15241438381523648,0.0009712327226505391,1.194754320949007,1.3451331388003425,1.6587864069149505,0.02724570422069805,52.03635110350525,0.0,0.0,0.0,0.0,1.76,1.7523364485981523,0.3055790124652396,0.8598187101240045,-9.224323112201002,2.877551020408163,0.12240314242672505,1.0,20.20635555555531,,0.3551517128944397
CONTROL998_DCHA,36.0,1.829850968804452,0.5478399999999932,0.5659111111111041,0.22188287892461767,0.3233932461873637,8.401230176445118,10.592417277102639,3.9199862216472265,0.1452518650084805,-1.0514324136080706,-0.2342760989229099,1.899999999999985,0.6547619047619029,1.0929322334627207,1.094240742709658,1.352371699785274,0.1360045842464515,-0.48426747003453685,-0.09730803507881536,1.3032118739831378,0.8067579479905811,1.211704113487192,0.1187718800244715,38.845652862424274,0.0,0.0,0.0,0.0,1.3529411764705883,1.7523364485981523,0.8462859415663699,0.4854390308665273,-7.94652645452032,2.1666666666666665,0.2276955647380561,1.0,19.673733333333093,,0.3770540952682495
CONTROL998_IZDA,36.0,1.7964151537599484,0.5611555555555187,0.565911111111074,0.0942165566758461,0.15952143569292285,11.146792438158325,12.810598500570162,4.809858056213554,0.09760691921604653,-0.6720013499789551,-0.15850906014251132,1.6125,0.6172161172161172,1.3623171348672563,1.3622308964585275,1.5210827641821945,0.07502077014921463,-0.372750041455263,-0.08730699922614271,1.4278619052819286,0.9133203524289675,1.4239866355515787,0.061669500684322386,40.730510459823755,0.0,0.0,0.0,0.0,1.1764705882352942,1.7523364485982458,0.8990016516229923,0.42362774053746133,-8.468582604881867,2.388888888888889,0.2147355414905431,1.0,20.039911111109795,,0.3745777904987335
CONTROL999_DCHA,25.0,1.2948298881267135,0.7739666666666573,0.7989333333333235,0.11729797972726565,-0.007480130902289687,11.430113082809191,13.686054965044207,4.137930348982968,0.0944140925505673,-0.919689474830211,-0.1560982089806091,1.5555555555555556,0.6086956521739131,1.6070804531913658,1.6128223404465893,1.810239694023622,0.06146586072474055,-0.46694924246359637,-0.08178262652349233,1.6413662132590907,0.9544911598227864,1.654104331109862,0.04702387791849601,53.721738577941785,0.0,0.0,0.0,0.0,1.2083333333333333,1.251668891855823,0.8759236012259164,0.4197056126781619,-10.42780680494123,2.56,0.11594169570826614,1.0,19.307555555555318,,0.3748216927051544
CONTROL999_IZDA,40.0,2.0033388981634745,0.5025797720798051,0.46588888888891944,0.5148149207676312,2.0668394245375747,15.895721988351005,15.186832945393636,7.158384484763966,0.303658661547807,-1.226287403305482,-0.21664073953009633,0.7416666666666667,0.4258241758241758,1.4595842996656345,1.4654354583473481,2.4312122817453417,0.258013307140938,-0.4767745229151915,-0.07396071410009708,1.730731517928686,0.7189415502446969,1.526549408582873,0.06696510891723824,54.3244989594689,1.0,0.02564102564102564,0.0,0.0,2.2142857142857144,1.2520868113521715,0.490612291597867,0.7900900960347015,-9.21282399339727,3.325,0.1840905633640969,1.0,19.966666666667976,,0.4070827066898346
ID01_DCHA,43.0,2.1636889386854428,0.4628740740740684,0.4993333333333272,0.2156446779648105,-0.3170187802547014,13.435295945947479,14.939157418953592,6.6998297921034515,0.10071262368775658,-0.14838251484869416,-0.052577130092556046,1.3333333333333333,0.5714285714285714,1.6103476852468104,1.6277025707628965,1.987482621493632,0.14455592558434233,-0.5195420478799456,-0.1395844515269098,1.8155285693449135,0.8609426593736933,1.7512179905175655,0.14087030527075572,54.31298625440054,0.0,0.0,0.0,0.0,1.2,2.002670226969317,0.8598630643097687,0.4744282935748212,-6.869666360895997,2.3488372093023258,0.24148998143632838,1.0,19.873466666666424,,0.3386121392250061
ID01_IZDA,42.0,2.1028037383177827,0.47659945799457415,0.4660444444444387,0.06624266471967126,-0.16792406911657315,8.788956339254403,11.244327841593988,4.791701668085287,0.13463208215375258,-1.0197609084641972,-0.2507915748321865,1.5,0.6,1.216251958811788,1.2201162344198793,1.6000200997033078,0.14133122673484785,-1.0798375091911965,-0.25629050447199553,1.4782857507397675,0.6852491491783516,1.2910408464886014,0.07478888767681334,40.41446983595048,0.0,0.0,0.0,0.0,1.2142857142857142,2.002670226969317,0.9065515115945008,0.4015449540552505,-6.7110002391310335,2.0476190476190474,0.23470039571982523,1.0,19.973333333333088,,0.406884104013443
ID08_DCHA,26.0,1.3104721283859624,0.7576551111111018,0.7323555555555465,0.3872977364964564,-1.487089360551575,8.787843104919812,9.12769533527824,3.4246305416813057,0.22181657957933118,-2.2892146918992804,-0.36232055072064173,1.0857142857142859,0.5205254515599343,1.083498994986805,1.1884898644436834,1.4987627535262256,0.27431100813862885,-2.8240410346280775,-0.436656605173274,1.4191527451328114,0.43719914779370167,1.205673902996022,0.1221749080092168,33.677039269649725,0.0,0.0,0.0,0.0,1.7727272727272727,1.251668891855823,0.6201347661500902,0.6666874907663679,-9.135180921625974,3.6923076923076925,0.16574120729708547,1.0,19.840177777777534,,0.399190753698349
ID08_IZDA,28.0,1.3995365978820355,0.7249580246913576,0.6990666666666652,0.292645518361224,0.8213725050459777,10.468468506347493,12.284559355855452,3.9165959951543643,0.11331491971435266,-0.49604100409888124,-0.08301914776401664,1.4166666666666794,0.5857142857142879,1.3055208152732904,1.310597305285936,1.5106358930194788,0.09045025311359685,-0.34607553146457254,-0.07124673993431696,1.4016054055610094,0.9336162145455915,1.3736501816731415,0.06812936639985119,40.43235203029496,0.0,0.0,0.0,0.0,1.9047619047619058,1.5020026702269704,0.7009679616997285,0.6014753926253464,-10.24529240218056,2.75,0.23881732613827347,1.0,20.00662222222221,,0.3671628534793854
ID1000_DCHA,24.0,1.2737831832313675,0.7815652173912947,0.7989333333333235,0.07416660886852137,0.07575757575757405,5.920072739116371,6.434040852671938,2.71356608123502,0.1813166241485381,-0.4251078440626504,-0.10718040952390173,1.1611111111111112,0.536904761904762,1.0850387075087813,1.0896371443723818,1.3424506377595993,0.14857848485135886,-0.22070101904285916,-0.04548458710072967,1.0710015953647092,1.043227606411207,1.34120174517236,0.2561630376635787,39.6672895692023,0.0,0.0,0.0,0.0,1.125,1.251668891855823,0.9098951888608242,0.4018969557405486,-7.585990339874041,3.6666666666666665,0.1771031562580274,1.0,18.841511111110883,,0.42888620495796204
ID1000_IZDA,26.0,1.314884492454602,0.7616497777777685,0.765644444444435,0.44697159641345335,-3.0594405594405556,7.0104461874493476,8.27047193851644,3.1582123453177218,0.2819173238557889,1.352326593585714,0.24513825512778542,0.9583333333333333,0.4891304347826087,1.0252273013481097,0.9983446947039814,1.7562071300755018,0.3222816547257575,-1.9897070710151812,-0.33005442583481304,1.3608251544926624,0.7017615615330297,1.3541487474468628,0.3289214460987528,31.675925332990875,1.0,0.04,0.0,0.0,2.4347826086956523,1.251668891855823,0.7663613802768301,0.5698163709788011,-11.31057925034974,4.423076923076923,0.11174441436814125,1.0,19.77359999999976,,0.41963592171669006
ID1001_DCHA,38.0,1.8993710971256417,0.534421621621615,0.4993333333333272,0.49598485355623895,-0.8919605410833459,8.576479848581606,8.921601117049992,3.7259091802713935,0.3431542218033104,-2.187428451997876,-0.4536670270683745,1.1666666666666665,0.5357142857142857,0.784533657106815,0.682352884374346,1.5732701691519282,0.39961710799724937,-2.5374367716044666,-0.5208307884642289,0.9736320534760846,0.5578718874023388,0.8123172561107903,0.027783599003975167,23.282418645578453,1.0,0.02702702702702703,0.0,0.0,2.2666666666666666,1.0013351134846584,0.471502676592422,0.8192055378700991,-9.581781525114948,3.5789473684210527,0.1861969887832409,1.0,20.006622222221978,,0.24297912418842316
ID1001_IZDA,26.0,1.3559746328438085,0.7430079999999909,0.8655111111111005,0.4279966120595838,-1.9920044113592508,10.903857580564146,12.352609799705748,4.666957371807732,0.28240310045617145,2.439143134812762,0.5543571749467324,1.2896825396825398,0.562878787878788,1.337186108174064,1.3804953883970246,1.721307483993297,0.15435356929492386,0.16603725692542665,0.07149920945432076,1.3379113278039885,0.9463862863168951,1.4018977645285466,0.06471165635448285,43.41793356461538,0.0,0.0,0.0,0.0,1.4615384615384615,1.0013351134846584,0.7608902166380199,0.5711230921867723,-9.743649811366478,3.3076923076923075,0.1834148619593818,1.0,19.174399999999764,,0.27226027846336365
ID1002_DCHA,31.0,1.5837443121440815,0.6236118518518526,0.6990666666666672,0.38541105995508257,-0.31826584698696825,13.491393501380445,11.545655289891391,5.497606639239029,0.22440940898720782,-0.25630775289262114,-0.06654090442379523,0.9090909090909091,0.47619047619047616,1.5435141578344227,1.5300236942751093,2.0896368323320416,0.1979869641068141,-0.5836460661936756,-0.1590358233652578,1.501134044206955,1.0041362362416104,1.6348062035660447,0.0912920457316219,47.93888253798743,0.0,0.0,0.0,0.0,1.3333333333333337,1.2516688918558063,0.8135701908765252,0.5243808635040128,-7.871230812978702,3.6129032258064515,0.2538975585384555,1.0,19.57386666666669,,0.3405422270298004
ID1002_IZDA,36.0,1.8267600043301202,0.5421333333333267,0.43275555555555023,0.7483849441450308,0.30787753697970377,7.553671777034753,7.9080844299552115,3.451937301307858,0.4536855826587897,-3.0557094422085567,-0.5172855984397762,1.2666666666666666,0.5584415584415584,0.7100751450881984,0.5805928890206691,1.5913851452631533,0.5566218119244206,-3.913731176622686,-0.6032099852528192,1.3844578594231955,0.27532793771178876,0.7165540680705835,0.00647892298238518,16.11207628416276,4.0,0.11428571428571428,0.0,0.0,4.846153846153846,1.7523364485981523,0.37774111656568143,0.8678370183772023,-9.18346478661701,3.5555555555555554,0.1938329577388407,1.0,19.70702222222198,,0.2796286344528198
ID1003_DCHA,55.0,2.7309139458672504,0.3655613168724235,0.3661777777777733,0.1694499655056624,0.40159782945108474,6.946201598218978,8.0671054700396,3.7578945808051545,0.11129692984343084,-0.14607803020272228,-0.05704756943245026,1.5,0.6,0.7528898947325202,0.7592270963138319,0.9599729671611629,0.12007294236396038,-0.13489099816957012,-0.027498445026499896,0.7828282969723555,0.8808256970400037,0.8584567228781879,0.10556682814566762,20.420168644390834,1.0,0.018518518518518517,0.0,0.0,2.000000000000005,2.7536715620828107,0.7547796817519805,0.5904346308099907,-7.2085131159778335,2.0727272727272728,0.32471372724681236,1.0,20.13977777777753,,0.32279831171035767
ID1003_IZDA,53.0,2.6722389665101467,0.3743750000000045,0.36605555555556,0.07964784791262736,0.21286889211417462,13.180568530957101,15.374723573855805,6.823119101895239,0.12811872118744966,-0.5918672403768196,-0.19287767969515368,1.75,0.6363636363636364,1.4113659910565142,1.4259953635061502,1.7479322686982648,0.09203511397894239,-0.33336695040252556,-0.12181844763199279,1.5518089781748,0.8206205123500644,1.547267467062524,0.13590147600601,36.68766758314048,0.0,0.0,0.0,0.0,1.2727272727272727,2.7545909849749246,0.7897854852980686,0.5475862415091823,-7.556887960347273,2.1320754716981134,0.22699242237846728,1.0,19.833555555555797,,0.31774646043777466
ID1004_DCHA,42.0,2.134826130271861,0.4757875338753329,0.43275555555555023,0.49575655079237707,-0.29010238907849817,7.450628875163453,7.520121013349991,3.4904424923004225,0.2840441964306557,-0.5699772350336494,-0.13263713712371694,0.9375,0.48333333333333334,0.6480979407016306,0.6092331608399559,1.1577335780990874,0.2952467248269719,-0.9915038378814559,-0.22913448782459467,0.9154578068208815,0.6882763991217055,0.6851513424601711,0.03705340175854047,12.722897123205794,3.0,0.07317073170731707,0.0,0.0,2.8461538461538463,2.503337783711646,0.2130609378454177,0.9198336284755722,-10.886005674443537,3.4285714285714284,0.17683797671907217,1.0,19.67373333333309,,0.34983548521995544
ID1004_IZDA,27.0,1.358595380104795,0.7438786324786333,0.7656444444444455,0.3236395375033229,0.65633964429145,7.72260685824135,9.660918445692365,3.1733854190088433,0.1972593549545159,-1.7494603627439818,-0.2913285718957056,1.9999999999999947,0.6666666666666661,1.0148182458016706,0.9672260899367584,1.4004014528385262,0.1903928580976354,-1.9064078643649691,-0.277737190302205,1.2139812361475926,0.6547633823637626,1.0817087096036988,0.0668904638020284,28.081804092133385,0.0,0.0,0.0,0.0,1.4782608695652157,1.2516688918558063,0.6701927228685488,0.6032646209009261,-9.767277468371166,2.8518518518518516,0.16463363136222528,1.0,19.873466666666687,,0.31764575839042664
ID101_DCHA,29.0,1.4471122071953983,0.6836111111111209,0.6657777777777873,0.5026147133685183,1.9097118107612856,13.228748889252959,13.688110828964533,5.69427789097546,0.3174485443543394,-1.8280256059007844,-0.3532866767598928,1.0,0.5,1.4369645925543209,1.3871807657703676,2.338458297071136,0.2705087943340302,-1.4839406103271926,-0.30465813502954964,1.589855863103696,0.7592515273584352,1.641799798947877,0.20483520639355596,51.441169859067756,1.0,0.03571428571428571,0.0,0.0,2.05,1.0013351134846318,0.3764048449364979,0.8492576032774216,-10.34961685921671,4.655172413793103,0.235337451293329,1.0,20.039911111111397,,0.3076069951057434
ID101_IZDA,25.0,1.3060892784582343,0.7587092592592591,0.8322222222222222,0.34056199698325773,-0.6581352833638042,9.467997004637363,9.904419504660419,3.688774000593156,0.2167664452545051,0.873073142700002,0.18743543919550865,1.7000000000000008,0.6296296296296298,1.2851065671019324,1.3086338526950114,1.4580525472023067,0.07485120689744715,0.3279135759389882,0.049404714566172014,1.2316555217974514,1.0500048562977224,1.4136947556896318,0.1285881885876992,39.12809912006947,0.0,0.0,0.0,0.0,1.2800000000000014,1.0013351134846464,0.7795944895228463,0.5265823586748927,-7.449259210289041,2.72,0.09776097351626976,1.0,19.14111111111111,,0.3471624255180359
ID102_DCHA,34.0,1.7399690217279804,0.5709548821548903,0.5326222222222299,0.4370426243980222,0.7190552899605065,5.765811715069884,5.522869554643858,2.1942152267662514,0.38903005424285725,-1.0336535177285682,-0.15356570146765258,1.3333333333333333,0.5714285714285714,0.4988949035464401,0.45775562424105104,1.2695368987313929,0.38258335128705456,-0.39623174439466374,-0.054629733545525694,0.7063934181073229,0.8052014610601946,0.5208118539007323,0.021916950354292048,13.483240073705385,1.0,0.030303030303030304,0.0,0.0,2.062499999999995,1.2516688918557897,0.28982733791205706,0.8782381701558712,-12.094950963780928,3.676470588235294,0.09757310692611766,1.0,19.540577777778058,,0.37203481793403625
ID102_IZDA,27.0,1.3770482884933162,0.7195521367521369,0.699066666666667,0.09435639561254693,-0.218268090154214,6.661607575161639,8.92215586977383,3.017696578263533,0.12377892496222564,-0.8635245550031154,-0.14662609340489163,1.4444444444444366,0.5909090909090896,1.1232348192413621,1.1431477685057287,1.2827964836764087,0.09183909524292834,-0.5332582038292547,-0.08978266952931513,1.203764492139452,0.9364163022133333,1.250479328676492,0.12724450943512966,32.96731213814331,0.0,0.0,0.0,0.0,1.19047619047619,1.502002670226969,0.8797488162445891,0.42727923200842827,-7.700326813071239,2.3333333333333335,0.11525348583674666,1.0,19.60715555555556,,0.3470512926578522
ID103_DCHA,38.0,1.9413639955314808,0.5029321321321258,0.432755555555552,0.44754192860747033,-0.7846091077425214,9.850835171328258,9.852264030206523,4.2931380402972135,0.3339774454501405,-2.145876927205611,-0.47546661230433096,1.0,0.5,0.9488565673489107,0.8245252606642071,1.6878787261662314,0.39031330658260555,-2.731776534642684,-0.5483143276855449,1.2233445405910022,0.5197332608041534,0.9866939736270657,0.03783740627815496,32.14764430640531,2.0,0.05405405405405406,0.0,0.0,2.153846153846145,1.0013351134846584,0.3850429311337033,0.7974790806932832,-9.020372881796783,3.3947368421052633,0.12634840134138692,1.0,19.573866666666426,,0.3697112798690796
ID103_IZDA,25.0,1.2579586852822175,0.7947722222222232,0.7989333333333342,0.07286082284519385,0.25677213749145955,5.522668927614774,7.284813649707745,2.4703375955030618,0.13172853742617996,-0.9822288060660407,-0.14806573731710293,1.249999999999996,0.5555555555555548,1.0114286886417487,0.9934261002909187,1.315902494762969,0.08357386241843605,-0.852736099655067,-0.13482475654562587,1.1280903649297744,0.8410727189186809,1.2112143342169697,0.1997856455752209,29.363294745611128,0.0,0.0,0.0,0.0,1.0833333333333344,1.2516688918558063,0.9052737102515159,0.398336085621127,-8.532057899736422,2.52,0.16805278339297852,1.0,19.873466666666687,,0.38632476329803467
ID104_DCHA,55.0,2.744523151577552,0.3643283950617239,0.3328888888888848,0.21494330314456947,-0.08114861864502916,13.62099063038983,15.629047068223015,8.179860679927527,0.13273241802853553,-0.2972938839374694,-0.11465311394250055,1.2,0.5454545454545454,1.620209384073211,1.6506788022022958,2.093197567938246,0.16034272963711413,-0.3666664848368194,-0.1419988802675457,1.6971170391471524,0.8882844294545307,1.708449227027464,0.0882398429542526,51.44270558955015,1.0,0.018518518518518517,0.0,0.0,2.2,2.7536715620828107,0.8104823856787498,0.5277564992581881,-5.730622041383846,2.2,0.129914352778578,1.0,20.039911111110868,,0.32171109318733215
ID104_IZDA,62.0,3.098973895310219,0.3225202185792351,0.2996000000000001,0.1817199014664481,0.16756727252879214,11.847568126567092,13.184619852129474,7.135482051138177,0.1703859140297283,-0.8609682332637358,-0.31109292013782475,1.2000000000000006,0.5454545454545455,1.290059447319727,1.3000864108264867,1.7072169051086117,0.2048435930913479,-0.9200166394576125,-0.33397488019678945,1.583308624057421,0.5609317750415,1.3665885596996528,0.07652911237992598,41.15458098751034,0.0,0.0,0.0,0.0,1.8888888888888828,3.2543391188250994,0.8022181530626808,0.5386467957337756,-5.778811637885859,2.096774193548387,0.09732490373781988,1.0,20.006622222222227,,0.35577359795570374
ID105_DCHA,25.0,1.2558550754406252,0.7961592592592495,0.7989333333333235,0.05902813361009566,0.014543251022568685,7.4796385023510705,9.678151523181276,2.863670294163607,0.1682527837798331,-1.7152994810802653,-0.2773854252479294,1.0909090909090857,0.5217391304347814,1.1347925862763582,1.095637124468656,1.4971721236257027,0.13758581530010522,-1.1078929442999734,-0.18164646671502205,1.2647915506236067,0.8409006767236814,1.2644052686183331,0.1296126823419748,36.12567864587701,0.0,0.0,0.0,0.0,1.125,1.251668891855823,0.8755802743015666,0.4416708998843607,-10.227109413572174,2.52,0.11387616522620798,1.0,19.90675555555531,,0.3862304985523224
ID105_IZDA,23.0,1.1694617933442228,0.8591717171717277,0.7986666666666764,0.4143125988640276,1.9464613769573953,7.813897022698442,9.596711290526304,3.0029042963237296,0.10736692412915669,0.07660492564805339,-0.016706976418105035,1.6666666666666667,0.625,0.9865377609619471,1.0224850943628279,1.2165573383015797,0.18746018809056597,-1.7846492816000659,-0.26676431769240305,1.1283697614418151,0.6972340714571964,1.0295544699044734,0.043016708942526155,35.17162888739964,1.0,0.045454545454545456,0.0,0.0,2.1666666666666665,1.2520868113522385,0.6869689816886362,0.614168888216107,-8.7693926235738,3.6956521739130435,0.1328136196619206,1.0,19.667166666666905,,0.3728388249874115
ID106_DCHA,41.0,2.0357722141919097,0.49101111111111495,0.4826888888888933,0.18175941177565424,-0.07886284860241101,8.02153500119598,7.701503307649462,3.3958127855254396,0.22881876535542645,-1.5092451390860937,-0.3533603189945943,1.000000000000006,0.5000000000000014,0.8439424088744405,0.8604216338391943,1.1418966051121746,0.17885633774543097,-1.2282702651365027,-0.2965259870100506,1.0389423497802013,0.634820184510625,0.9513833873356329,0.10744097846119233,28.80494860737405,0.0,0.0,0.0,0.0,1.5172413793103419,2.002670226969277,0.7782435937852806,0.5839912939215817,-8.667061474724285,2.341463414634146,0.08546738675819235,1.0,20.139777777777933,,0.4392849802970886
ID106_IZDA,44.0,2.1992717966717956,0.4552062015503821,0.4660444444444387,0.0682394647882276,0.024295432458699195,7.592536000033248,9.062240203183647,3.7791500066134684,0.09942180967509667,-0.696061099339092,-0.1857576477580808,1.6,0.6153846153846154,0.9128908863706747,0.9223187455278685,1.0585195880273455,0.09576988684398689,-0.6481999196273843,-0.17428669226356874,1.0109118342644572,0.7489549968068626,0.9861283214281165,0.07323743505744207,25.286566506633786,0.0,0.0,0.0,0.0,1.1428571428571428,2.2530040053404816,0.9261555871827905,0.37629509896408175,-7.2651140356556425,2.022727272727273,0.11224398057790294,1.0,20.006622222221978,,0.4254400134086609
ID107_DCHA,18.0,0.9355033932209487,1.0711189542483672,1.0652444444444473,0.24243549658464728,0.7541133455210248,10.74340764004785,9.556847471112297,3.394549069898037,0.3231310909961567,-3.549170304156415,-0.3573286651998483,1.02403846153846,0.5047058823529408,1.3853972861638895,1.3261045769395936,1.6859866195745703,0.12361711735890799,-0.2287842038830243,-0.05667421356639424,1.419888902872287,0.9661673461851283,1.4208196635547001,0.03542237739081064,41.8150258534633,0.0,0.0,0.0,0.0,1.3749999999999982,0.7510013351134839,0.8455898931607575,0.48153447232182767,-12.797165933986037,2.8333333333333335,0.3389529072993649,1.0,19.2409777777778,,0.3011818528175354
ID107_IZDA,26.0,1.351282679096944,0.733687111111102,0.765644444444435,0.1888175216499448,0.4851319279631427,5.543770991799975,5.076336592942929,2.1387583184358445,0.1949153576038237,-1.3610624897005366,-0.26374261719582737,1.1055555555555556,0.525062656641604,0.8114104227054123,0.7893059850305115,1.309180630830141,0.1943250491519259,-1.4382781278638106,-0.22169379881064133,1.0419336729490487,0.7777330080375616,0.9131605414649402,0.10175011875952815,19.83619720533731,0.0,0.0,0.0,0.0,1.2173913043478262,1.251668891855823,0.86087653673579,0.45490669422102015,-7.907932685723457,2.4615384615384617,0.19330248277704032,1.0,19.24097777777754,,0.3095971941947937
ID108_DCHA,40.0,1.9861192333579738,0.5036011396011402,0.5326222222222228,0.2661718573161306,0.3438893844781443,10.868468150662737,11.510748833326158,5.039417192562394,0.17867703181423236,-0.8880543198281268,-0.21912341954658432,1.4374999999999998,0.5894736842105263,1.2206065136890125,1.245003380529788,1.543240389033219,0.1637950411149228,-0.38429144763052403,-0.09021800202372643,1.3493896550154858,0.7672429092303953,1.3736121219137387,0.15300560822472617,35.64929436600644,0.0,0.0,0.0,0.0,1.374999999999995,1.752336448598129,0.7482400968577453,0.6002965695078798,-8.381322354684787,2.7,0.23109543955450107,1.0,20.139777777777798,,0.27147313952445984
ID108_IZDA,34.0,1.6966143118842145,0.5901212121212364,0.5992000000000246,0.07513593496012276,0.10935143288084632,9.356756418607308,12.061607043993977,4.304317971120728,0.15410595888641707,-1.3023299139558315,-0.24622502500420262,1.675,0.6258741258741258,1.3153858393908204,1.3165120196396471,1.5288737867542237,0.08241684494133783,-0.7153466509943798,-0.14076769726502614,1.4727945367078927,0.7842474195885377,1.4146887689622092,0.0993029295713884,37.900698922148244,0.0,0.0,0.0,0.0,1.1666666666666667,1.752336448598059,0.876526293545707,0.44513259693036683,-8.13764146507131,2.2941176470588234,0.14169288823363174,1.0,20.039911111111934,,0.32746610045433044
ID109_DCHA,20.0,1.0063669482257873,1.0056748538011573,0.9986666666666544,0.07860985486187107,0.33101045296167164,5.833563717054591,7.50452932686639,2.3229612484140145,0.19855742734733026,0.7739820347723373,0.09970842258413515,1.4065934065934065,0.5844402277039848,1.081611723092978,1.0630405794138953,1.382273458208096,0.1308195600135894,0.8850865353235127,0.12301143334737552,1.0606646510499043,1.074027995267436,1.1092245403681744,0.027612817275195913,32.28606012267527,0.0,0.0,0.0,0.0,1.1666666666666667,1.0013351134846584,0.8470829835016432,0.4615162156049518,-9.094481671683411,3.2,0.14632235610051547,1.0,19.873466666666424,,0.367891401052475
ID109_IZDA,33.0,1.6439830221389917,0.610643055555548,0.5326222222222157,0.37413215199027994,-0.3786837990278083,3.0133698949024192,3.4939419115182817,1.4019890596050852,0.18212215153331315,-0.8148927427365972,-0.1998383210271194,1.5,0.6,0.3963292569542853,0.39894760213958136,0.5881799536023733,0.2265901675183739,-1.1460735165880451,-0.23614531583056753,0.4828273277318383,0.6169051521587857,0.5084234157652452,0.11209415881095997,10.29681031259678,1.0,0.03125,0.0,0.0,2.6875,2.002670226969317,0.41042903184877805,0.7826336883958176,-8.749691352174835,3.212121212121212,0.15246576135305048,1.0,20.07319999999975,,0.37342938780784607
ID110_DCHA,21.0,1.060237178983756,0.8954711111111001,0.8821555555555447,0.17392843963255886,0.832937361992342,3.4402670133039144,5.052043606147035,1.3874807004953917,0.15127231532856514,-1.688653289153562,-0.18229034480639994,2.125,0.68,0.5800040827525532,0.5666932640128695,0.7950905318014694,0.1261350086425104,-0.9991802934487987,-0.12648990993577947,0.6654642978171701,0.8335564413501384,0.6744279049352457,0.0944238221826925,19.474098858570958,0.0,0.0,0.0,0.0,1.3584905660377358,1.0013351134846584,0.8250550234951584,0.5063644313997154,-9.79815017769537,3.619047619047619,0.10228417947603002,1.0,19.806888888888647,,0.3869478702545166
ID110_IZDA,24.0,1.2345227426523022,0.8032753623188414,0.6990666666666687,0.30995180944500433,1.3800163800163794,2.6781301005824276,3.7436703195891106,1.1221158804865956,0.21722589220059024,0.19171952366326386,-0.04409021656463541,1.3333333333333295,0.5714285714285707,0.41610256480884855,0.3929055681693182,0.5702200719175726,0.1866688225326574,0.6804792525521958,0.06555471492758502,0.4234872658564739,1.038452437133844,0.4921628797952879,0.07606031498643928,6.8437353305244235,1.0,0.043478260869565216,0.0,0.0,2.6666666666666616,1.2516688918558063,0.7518525292155831,0.5658821539187682,-9.386430199840518,3.9583333333333335,0.13802073433546563,1.0,19.44071111111113,,0.29046598076820374
ID111_DCHA,27.0,1.3428500694081982,0.7515606837606945,0.7157111111111218,0.15740355596995284,0.6920310429680109,9.216662608807011,14.465951221172288,4.438103452762632,0.13331084933697518,-0.19199463963655802,-0.04437356409763038,2.199999999999983,0.6874999999999983,1.579187901545666,1.589995164800761,1.9186879462313862,0.14284703027252768,-0.14558444977859702,-0.05267272666664824,1.6598872336221415,1.0900940241367705,1.6304552053344725,0.05126730378880672,49.124407882667036,0.0,0.0,0.0,0.0,1.5348837209302328,1.2516688918557897,0.7999532165663817,0.5468683369236687,-8.435326541898895,2.4444444444444446,0.2688323505051225,1.0,20.106488888889178,,0.3398440480232239
ID111_IZDA,25.0,1.2600693542172716,0.7961592592592496,0.6491333333333253,0.8175540734659128,-4.642932888956216,7.550082873594026,7.834542479624704,3.1774331074185507,0.27114130541188125,0.5145502703099796,0.1663107938877737,1.375,0.5789473684210527,0.7967846608205434,0.7707058088833583,1.2855727522994025,0.2895844223961874,-1.999338002433768,-0.23031438839649365,1.019483505920823,0.6942188415773104,0.9505456667681415,0.1537610059475981,25.197563672833994,3.0,0.125,1.0,1.3315555555555392,5.230769230769231,1.251668891855823,0.36999172965327304,0.81178835597088,-11.632558740874295,3.68,0.20715857372408197,1.0,19.840177777777534,,0.34743189811706543
ID112_DCHA,41.0,2.0257272855035033,0.5001655555555494,0.4993333333333272,0.17194550273311648,-0.2191469502049427,5.838836576656133,6.591253014670913,2.966490366740013,0.21743077668985883,-0.5169732825994269,-0.13224667995486306,1.0000000000000355,0.5000000000000089,0.7514674516553637,0.7631140491300847,1.0640816474754389,0.21063988040538234,-1.2678503985159422,-0.3158624470822903,0.8790947990046017,0.6655923028554881,0.9343396843106497,0.18287223265528602,27.58909599350542,0.0,0.0,0.0,0.0,1.5333333333333334,2.002670226969317,0.7841259373139955,0.5615270322060614,-7.309705554430442,2.3902439024390243,0.11786398456405828,1.0,20.239644444444195,,0.4377628564834595
ID112_IZDA,43.0,2.1457181003242685,0.47159259259258673,0.416111111111106,0.36416332644058397,1.0472981024514183,8.281810242426163,9.484238418931099,4.4914097751083375,0.1939788147672197,-0.4849552257863966,-0.09202143818806663,1.2,0.5454545454545454,1.0292750821035845,1.0699345294538336,1.3902250133256795,0.20913319798944222,-0.45564364922655626,-0.11951511065080123,1.095319223605405,0.8258259263280733,1.162021810145435,0.1327467280418504,36.23758685709379,2.0,0.047619047619047616,0.0,0.0,2.240000000000004,2.503337783711646,0.482013907106183,0.7334424404580278,-7.142854705289856,2.6511627906976742,0.20018034323915251,1.0,20.039911111110865,,0.4228457510471344
ID113_IZDA,10.0,0.5461827891734501,1.8567802469135575,2.0639111111110857,0.7336629317607124,2.509960159362546,1.2395440761221614,1.043716666069442,0.333090646580277,0.49916274141350575,-2.8994839168421596,0.02343470114871793,0.836231884057971,0.4538793103448276,0.17481068951761214,0.12882080549469638,0.46969946071334717,0.7303077948224463,-7.945551239951259,-0.1997343958727389,0.18705731350417307,0.8690601959672885,0.2306801991098546,0.0558695095922425,1.5341086346603885,1.0,0.1111111111111111,1.0,1.4314222222222046,2.467741935483872,0.5006675567423292,0.6637616786547887,0.5589264812074336,-13.59127250739125,9.1,0.11689579242856074,1.0,18.308888888888664,,0.3581399917602539
ID114_DCHA,37.0,1.8371602908561502,0.5344716049382651,0.565911111111105,0.24824427486761858,-0.3254465538202536,8.29328431491524,7.927595605301687,3.6893675112351323,0.18311626102800108,-0.36898614055943335,-0.037939635830816276,1.0,0.5,0.9644258704306287,0.9873203384879785,1.4154292609143295,0.17837586568520006,-0.15755077524109698,-0.03256111963973296,0.969414547317381,1.043456510179121,1.0177949806560282,0.053369110225399474,32.126721843478364,0.0,0.0,0.0,0.0,1.1764705882352924,1.7523364485981523,0.7694103122155318,0.5617741485924949,-9.2912671269587,2.8378378378378377,0.14860055680667714,1.0,20.13977777777753,,0.32860463857650757
ID114_IZDA,34.0,1.731121721617525,0.581042424242424,0.5991999999999995,0.0925853585137041,-0.2929687499999986,4.310018442263361,4.498375846842135,2.01527166372384,0.14683200031714239,-0.6418829142690566,-0.15925783982205743,1.1339285714285776,0.5313725490196093,0.6013613717950654,0.5937233325000324,0.7864605991464408,0.12028395679835838,-0.6617319674869411,-0.16055024907476456,0.619003067088433,0.8774669789269379,0.6560286904004086,0.05466731860534298,15.30631356432516,0.0,0.0,0.0,0.0,1.2222222222222225,1.752336448598132,0.934157478356674,0.3730532213779971,-7.444270919874546,2.0294117647058822,0.17094945992525298,1.0,19.640444444444434,,0.2686300277709961
ID115_DCHA,18.0,0.8985074792427544,1.1529771241830822,1.1980000000000786,0.2656272771127477,1.223825693265423,10.391375344316632,15.331024609856335,3.6381274091044964,0.17657677899949256,-2.0955547918678046,-0.20731410100052516,3.076388888888889,0.7533613445378151,1.6771105465546845,1.678089706476242,2.0439299479558692,0.07848017432734601,-0.8240281878717196,-0.08724202631817535,1.754008903751632,0.9077923504324512,1.7256561967010224,0.04854565014633782,47.15409448875485,0.0,0.0,1.0,0.5324444444444794,1.4444444444444444,0.751252086811303,0.8251341552625854,0.48120994060888156,-12.993324383787373,2.5555555555555554,0.1921401579404703,1.0,20.033222222223536,,0.2885589599609375
ID115_IZDA,23.0,1.161212148410765,0.8700505050505059,0.8988000000000009,0.5042068768563033,2.7847691061301636,11.751876300085138,14.978882763620662,4.668687692482823,0.1810620388541214,-1.6620223244896104,-0.24076213240527256,0.857142857142859,0.46153846153846206,1.625137021012923,1.6344084087709088,2.088529675158961,0.18244505706590172,-1.499281064163817,-0.17423798166983295,1.8823648153493928,0.8098708051740826,1.6967480994334232,0.0716110784204999,45.63695989986559,0.0,0.0,0.0,0.0,1.7407407407407411,0.7510013351134839,0.7015441902239099,0.5825212160626987,-11.127587603567601,2.347826086956522,0.18892039924081316,1.0,19.80688888888891,,0.300157368183136
ID116_DCHA,65.0,3.265223196145625,0.30532152777777405,0.2995999999999963,0.08948242580353599,-0.29129303405282897,11.660935340516925,12.51268666829368,7.130507165470169,0.13881848481793072,-0.5841790205660651,-0.236234932376309,1.0,0.5,1.2399463560347064,1.2384065383488077,1.798616842056569,0.179811664455099,-0.7680125793329913,-0.29287503394674297,1.4963811054841625,0.6140199729058846,1.3555653147699294,0.11561895873522303,37.860458063686494,0.0,0.0,0.0,0.0,1.2222222222222223,3.25433911882514,0.8250256490691648,0.4982028799988263,-5.097524061601236,2.0,0.12347519597494562,1.0,19.906755555555314,,0.32824090123176575
ID116_IZDA,58.0,2.8798728883691003,0.34924132553605813,0.2995999999999963,0.4844248109422184,0.030891147832676463,11.60639302865959,11.672402938468943,5.920553411664032,0.2815431575716991,-0.04248078702245927,-0.003176763491774315,1.0,0.5,1.0044275169451584,0.9571135410678981,1.6921061013651566,0.24388360516172675,0.326377726731088,0.13510781858948717,0.7878575526326648,1.3362607964741162,1.1291949322054782,0.12476741526031979,30.156183716216262,5.0,0.08771929824561403,0.0,0.0,3.4444444444444446,3.5046728971963046,0.42006864534247546,0.8592928614478211,-8.514652066046061,2.6379310344827585,0.12427185230606118,1.0,20.13977777777753,,0.28170472383499146
ID117_DCHA,51.0,2.6323758137998756,0.37749599999999534,0.3328888888888848,0.5275137876884595,0.6279760581481265,6.3976400958110275,6.672891235640997,3.264324903337942,0.27315550164534186,0.6039554295439322,0.26395838135592786,1.1666666666666667,0.5384615384615384,0.5963200567740701,0.5704169490291048,1.1294038539607405,0.3609194395987964,0.9624348683825488,0.4390908981515833,0.7118409587413437,1.231429589867743,0.6245582727202622,0.028238215946192195,18.393158330002077,3.0,0.06,0.0,0.0,3.4,2.002670226969317,0.2811941679031618,0.8761360296275958,-9.185116697571134,2.980392156862745,0.1605134534364657,1.0,19.374133333333095,,0.4012640118598938
ID117_IZDA,44.0,2.244827967381942,0.4465413436692561,0.3993333333333382,0.45266162504596624,0.7168741137545278,8.269264411781695,9.500436088392474,4.57685958423142,0.19958326263364548,-0.9812785279837011,-0.25696661542247823,1.0,0.5,1.0437187164168737,1.0366354494643668,1.4020782541509251,0.21455160036440132,-1.066841093967767,-0.2791283692254187,1.288729050921304,0.7076294519722915,1.134234722122951,0.0905160057060772,30.867285243556907,1.0,0.023255813953488372,0.0,0.0,4.249999999999996,2.504173622704477,0.6876215681031249,0.6159565567949253,-6.084744093266147,2.159090909090909,0.4590518822620946,1.0,19.60061111111135,,0.4484860301017761
ID118_DCHA,36.0,1.767061964972927,0.5630577777777709,0.5326222222222157,0.577089923149783,0.563063063063063,15.840787923379544,16.74242672227226,6.901578467396832,0.21287805104376767,-0.1916643622691275,-0.03819096967506541,1.5625,0.6095238095238096,1.6435402336480713,1.6177594874784091,2.3004972579463794,0.21749672935579933,-0.13456188657783186,-0.02161837471249972,1.7691807422993093,0.9509014385254151,1.7273540767772515,0.08381384312918017,59.33015127402027,2.0,0.05714285714285714,0.0,0.0,2.5625,0.7510013351134939,0.5701343194029964,0.7392446908943638,-10.155287677237567,3.0277777777777777,0.27845054444961403,1.0,20.37279999999975,,0.3319970667362213
ID118_IZDA,32.0,1.6074944965639788,0.6077906810035849,0.5326222222222228,0.5257007685517613,-1.0755300353356894,14.69798247072383,16.60923240553697,6.6737646933142045,0.2759423490286173,-0.42165611305154993,-0.14324846538237723,1.0714285714285694,0.5166666666666662,1.592421192834459,1.6270981629343333,2.2717652384501523,0.24606499136193558,-1.2161816583706366,-0.23412875168761482,2.017030869244221,0.7166560095764744,1.6738855132491048,0.0814643204146458,52.314737820756164,3.0,0.0967741935483871,0.0,0.0,2.312500000000001,0.7510013351134839,0.4941052752193942,0.7824260681193287,-10.631639938286416,3.28125,0.1921930638486553,1.0,19.906755555555577,,0.3541313111782074
ID119_DCHA,19.0,0.9706819977657404,1.0744913580246782,1.048599999999987,0.5389682332640022,-0.7897134757517451,10.8726986854249,11.190990991179696,4.1126695415131955,0.371333859988944,2.612278175793246,0.46385448391419315,1.2777777777777777,0.5609756097560976,1.3991893136244067,1.383930709818306,1.6915853381081236,0.0735931714027462,0.49691583928900435,0.08015849233429395,1.3112531813046928,1.1152063536444536,1.4406512998339591,0.04146198620955242,44.07946453021422,0.0,0.0,3.0,1.9307555555555318,1.9365079365079347,0.7510013351134939,0.7105993048096868,0.6438522201328881,-12.334599258216272,3.3684210526315788,0.18018603879340733,1.0,19.573866666666426,,0.30084294080734253
ID119_IZDA,26.0,1.3104721283859624,0.7683075555555462,0.6657777777777696,0.642057664659709,-2.939608052259697,8.991062375134009,8.982595265930616,3.5006959211328077,0.23082183030471976,0.3760531909724621,0.04817097624854694,1.0,0.5,0.8867701593488325,0.9563594844518546,1.290697355601898,0.26968822280560256,-0.42337725637343915,-0.05083593263343156,0.942302777794854,0.873518025119992,0.9618223151684997,0.0750521558196674,26.219146540994327,2.0,0.08,0.0,0.0,3.15,0.7510013351134939,0.4995199466327936,0.8168780116778372,-9.631023866856399,4.653846153846154,0.28940500794140706,1.0,19.840177777777534,,0.32825928926467896
ID11_DCHA,25.0,1.2772131549548533,0.7878370370370694,0.8322222222222564,0.2477832688135096,-1.4145744029393785,12.275045168314673,15.065800066923178,4.517838826514026,0.1490705998587956,-0.7859343818922676,-0.08916815310819282,1.7,0.6296296296296297,1.6143766338677141,1.5569968739806583,2.2378880030340165,0.15163684371704747,-1.7236087742077841,-0.24376958395981918,1.9830264791398053,0.6883703121826972,1.6768490479359315,0.062472414068217214,52.77747610924218,0.0,0.0,0.0,0.0,1.2,1.2516688918557564,0.882260512003932,0.4140354279077501,-10.212941431432354,2.44,0.2673115827703076,1.0,19.57386666666747,,0.3124884366989136
ID11_IZDA,24.0,1.2473378576279484,0.7974859903381545,0.7656444444444368,0.08300977586954074,0.016498927569706945,11.37385898612026,13.39151015527331,4.015825225883911,0.10052110624400219,-1.232828223747465,-0.17278802848789687,1.1333333333333333,0.53125,1.6006325238137702,1.6074194075528117,1.7470641276104824,0.05556351139499307,-0.40677042786884604,-0.05162577948997804,1.6851279357987152,0.898536834467335,1.6284418435912678,0.027809319777497742,50.49857045030965,0.0,0.0,0.0,0.0,1.2608695652173885,1.251668891855823,0.9308098961587925,0.3698210647297835,-9.221541271786382,2.3333333333333335,0.2135696917453576,1.0,19.24097777777754,,0.40002498030662537
ID120_DCHA,21.0,1.210827488474731,0.8372155555555454,0.8155777777777677,0.2373311179497722,0.6248224936097699,15.14973239744387,13.233332004395725,4.9428405044448835,0.18442644597244465,-0.31003427816765017,0.03824012900649065,0.8235294117647058,0.45161290322580644,1.6065575168838502,1.622536668782692,1.9887333507269398,0.13509222432792004,-0.2949961071184585,0.011840255836872204,1.725574823687517,0.9252424036873071,1.6372319564143158,0.0306744395304655,64.52700941704272,0.0,0.0,0.0,0.0,1.836734693877551,1.251668891855823,0.7421742965482406,0.5873274426054287,-11.374993673603221,3.9047619047619047,0.4911629697868961,1.0,17.3435111111109,,0.3972555100917816
ID120_IZDA,24.0,1.2096665800485809,0.8191961352656904,0.765644444444435,0.266802002558483,0.5581432701574026,10.327065242098165,10.790535969836524,3.3762115246919855,0.19693920187345743,-1.6172722515359692,-0.2105735266407267,1.1742424242424243,0.5400641025641025,1.3285481979726608,1.342348521198306,1.6605644580277215,0.15687309682509507,-1.499369688027449,-0.1863576858453252,1.5588397181386116,0.7363460743164323,1.3378033128923412,0.009255114919680365,43.778481666501555,1.0,0.043478260869565216,1.0,0.5659111111111041,2.0434782608695654,1.251668891855823,0.8476279104946693,0.4885306989587904,-10.433274706774013,2.4166666666666665,0.28385090046377415,1.0,19.840177777777534,,0.345209002494812
ID121_DCHA,24.0,1.2199006458696346,0.8206434782608596,0.8655111111111005,0.21183118955373345,-0.18438351771684985,14.422622375206194,18.599362638269884,5.466322409341443,0.10048712881672209,-0.12878151965374915,-0.05100600160515223,1.6515151515151516,0.6228448275862069,2.112610109945721,2.1200361557738274,2.374649952638489,0.06964474175379268,-0.054916967500287524,-0.010799165093812735,2.0048692020427277,1.026782234468438,2.133814507897394,0.02120439795167317,65.1131444113198,0.0,0.0,0.0,0.0,1.1538461538461537,1.251668891855823,0.8670907580984776,0.41586505282206754,-10.493058925968118,2.4166666666666665,0.13532459831698854,1.0,19.673733333333093,,0.33944323658943176
ID121_IZDA,41.0,2.0500056944602374,0.4933430555555615,0.4159722222222273,0.5336701988521042,-1.9217322799768406,14.59284102643085,15.684544764901158,7.146750999149104,0.20377150939764596,0.4135117819801939,0.16366746042857527,1.1666666666666756,0.5384615384615403,1.5709302636519509,1.4766456311476719,2.4350353865554437,0.23369793024553817,0.2513613443514447,0.11189998315108074,1.6007371589039423,0.8526981413291759,1.6198310041296853,0.048900740477734114,53.22496151739448,6.0,0.15,0.0,0.0,2.64,1.0016694490817908,0.405248061827371,0.8090069583703743,-9.34600005412527,2.926829268292683,0.1753289339866692,1.0,19.999944444444687,,0.3330906927585602
ID122_DCHA,20.0,1.0114496095804495,0.9864023391812876,0.9653777777777801,0.1234937356715364,-0.4381290704558929,7.204078554566398,7.367963166838694,2.092507021414364,0.1709615375804135,-1.712287448695865,-0.19530966724141563,1.0666666666666678,0.5161290322580647,1.0156221534783925,1.0174974490001878,1.3039268279305785,0.10247964641215533,-1.0643098315844555,-0.13552461238502822,1.1359759891919132,0.8530469182196007,1.0924925360829243,0.07687038260453191,35.05556936548601,0.0,0.0,0.0,0.0,1.2758620689655187,1.001335113484645,0.886255757151067,0.42864632017888005,-10.975957828563839,2.65,0.17220037206899785,1.0,19.773600000000023,,0.3416992425918579
ID122_IZDA,23.0,1.1690714522917331,0.8655111111111006,0.8987999999999889,0.2527418233356811,1.3551665725578792,10.3429705669766,10.233390541092431,3.2316144126449795,0.12322034140516862,0.4806945564883584,0.1109131637226044,0.5806451612903216,0.3673469387755098,1.2475410889285083,1.2593978454706658,1.5715315087203419,0.10530704898544882,0.4956111932492222,0.09651010505985114,1.1806941078565114,1.1570800153877159,1.2597893832042062,0.01224829427569794,41.52209462718639,0.0,0.0,0.0,0.0,1.6296296296296295,1.0013351134846584,0.7047167778315842,0.5848960738774504,-12.230462317371295,2.782608695652174,0.14670480938197558,1.0,19.673733333333093,,0.3109559714794159
ID123_DCHA,13.0,0.6530446392291251,1.4341962962962789,1.5812222222222028,0.39611244967355497,-4.9586776859504065,8.809799292491185,8.737518457171605,2.443551431651194,0.3458352907175049,2.7876795428774535,0.26002889362202697,0.6666666666666666,0.4,1.2547040410880992,1.2009329744310901,1.5352315514745831,0.09213616746898474,-0.13275946699051977,-0.023645754806162822,1.2840404413454,0.9989596284842357,1.3754711502496755,0.12076710916157608,36.16775829151508,0.0,0.0,7.0,4.860177777777718,1.3894736842105264,0.5006675567423292,0.8114894168099192,0.41106309068329355,-13.775463121550303,3.6923076923076925,0.08223864828227705,1.0,19.90675555555531,,0.293419748544693
ID123_IZDA,12.0,0.6280150537534779,1.6039191919190865,1.7310222222221086,0.28932594968647274,4.113207547169812,6.48558876156033,6.832708795116287,1.4948836130581258,0.11688456110156245,-1.19201802865823,-0.06865564056648066,2.1771929824561402,0.6833916083916084,1.0363447736555622,1.0739853311384544,1.163254863877377,0.10136041883140337,-2.0940723930351406,-0.13346388616655935,1.1043845539129906,0.8594447539864956,1.1477040541443786,0.11135928048881655,35.60238644376692,0.0,0.0,4.0,3.1957333333331235,1.5192307692307692,0.751001335113534,0.822429196748027,0.46341869248076945,-11.281342402225551,3.0833333333333335,0.10888764915727739,1.0,19.107822222220967,,0.3976159989833832
ID124_DCHA,12.0,0.6380188333707558,1.6008929292929097,1.4979999999999816,0.2280371848771302,2.8355387523629525,4.367381979667431,4.180847221907818,1.021431634811234,0.20326600345424264,1.0806602468158066,0.0463661240730171,1.1681818181818182,0.5386847195357833,0.7069929344727863,0.7093059003735968,0.8940331384367846,0.11883318891933377,-0.5604476744597817,-0.05580761419322566,0.7220259864693339,0.9919441669865231,0.7756651599973398,0.06867222552455339,19.18253445534491,0.0,0.0,1.0,0.5991999999999926,1.577777777777779,0.7510013351134939,0.8936631026695214,0.4019851377053741,-11.498981840381841,4.333333333333333,0.18983892403306588,1.0,18.808222222221993,,0.3635171353816986
ID124_IZDA,13.0,0.6973583826053784,1.450840740740741,1.4480666666666673,0.1775939677226312,0.1203385524609254,6.230654421464676,6.598227968622035,1.6374840044651922,0.18494090493720575,-3.1215686574783623,-0.22123052259566212,1.0400000000000038,0.5098039215686284,1.0471462113249372,1.0474312916625792,1.378026592530177,0.18702069202239854,-2.7481467806610085,-0.177216454997161,1.2232415192472093,0.7871959441275553,1.1674524509854658,0.12030623966052825,27.150161351075514,0.0,0.0,1.0,0.5992000000000002,1.356321839080459,0.7510013351134845,0.884213901731774,0.42319699632324437,-11.550778888587146,4.0,0.39364202869321396,1.0,18.641777777777783,,0.39976489543914795
ID125_DCHA,41.0,2.0493214468987184,0.48934666666666066,0.4993333333333272,0.11604572863423122,0.044670776378095474,4.158666782322328,4.684139792916939,1.9126228300807027,0.265407064697527,-0.006681754969883447,-0.04855410741996935,1.1111111111111112,0.5263157894736842,0.4777123425156595,0.4695869917224953,0.8868307255475856,0.1930063167200659,0.10826753920570531,0.007204403004271054,0.4702460377467279,0.9531534386410484,0.595026624947268,0.11731428243160837,13.88028697062638,0.0,0.0,0.0,0.0,1.2,2.002670226969317,0.7218549759134095,0.6042665309581688,-8.143515032543508,2.3658536585365852,0.21680204592484328,1.0,20.006622222221978,,0.35914719104766846
ID125_IZDA,41.0,2.063052243862864,0.4818566666666607,0.48268888888888206,0.061767028470630765,-0.13674349577294015,4.271345277372065,4.482773373266846,1.8956572263747593,0.1791060012301898,-1.240217813209069,-0.30013952697757074,0.75,0.42857142857142855,0.46885903512118043,0.43946224362383457,0.6496041769665692,0.20077927399743256,-1.3959043154967086,-0.3338932010812866,0.5979508849568623,0.6757301753359467,0.5753453322976068,0.10648629717642623,14.887668851033718,0.0,0.0,0.0,0.0,1.103448275862071,2.002670226969317,0.7636030940389951,0.5340225921786712,-8.711312673321816,2.317073170731707,0.07028804316482014,1.0,19.873466666666424,,0.3968215882778168
ID126_DCHA,33.0,1.6632915475668872,0.6023208333332938,0.49933333333330054,0.7151990145304347,-3.2668317809551284,4.372616075106491,4.422760643675611,1.818264678305597,0.4597016882369138,-3.9396815943461596,-0.5948912106342744,1.2,0.5454545454545454,0.44818462634977096,0.40087035392559167,1.270016780520447,0.522201710428029,-4.103749100063674,-0.5793777804045845,0.8049017941859707,0.2659542575266661,0.506711204295024,0.05852657794525304,14.847859769234814,3.0,0.09375,0.0,0.0,4.866666666666666,2.002670226969424,0.5427752148942481,0.7671818657190675,-10.413392860829523,3.8484848484848486,0.12343110313154779,1.0,19.840177777776475,,0.24523499608039856
ID126_IZDA,21.0,1.0986596352450417,0.8574749999999683,0.8324999999999694,0.6693680149571227,-5.241258486020883,4.487581323038058,3.9361223141973416,1.696680400051703,0.4120446440838579,-1.9566696121660911,-0.3031028921087525,1.0625,0.5151515151515151,0.5043583211647928,0.36012197952715863,0.970460845806929,0.562484009436744,-5.877100977137048,-0.5802499402095744,0.8648803849033705,0.45427352986847025,0.5326428600791215,0.028284538914328788,13.383660431463852,2.0,0.1,1.0,0.732599999999973,2.8,1.0010010010010377,0.8005497833724481,0.5242342638552779,-12.1230945882205,4.0,0.22117038771652003,1.0,19.114199999999293,,0.3089779019355774
ID127_DCHA,24.0,1.2137395314965396,0.8351169082125611,0.9653777777777788,0.5875957888445298,3.5371041436899313,18.324426865014004,17.838999563850038,7.205323128678848,0.2292933599969038,-1.0272674352389826,-0.13915449914860145,0.961538461538462,0.4900000000000001,2.0511330908207595,2.1040951042499705,2.9153207526201896,0.23091926438158747,0.6066449296761661,0.1008885622068525,1.7310210380912352,1.102303937316713,2.1607307018558592,0.10959761103509962,65.63560925022017,0.0,0.0,0.0,0.0,1.9655172413793098,0.7510013351134839,0.6752031939676485,0.6561133165491702,-10.26211562737094,3.2916666666666665,0.21414464388324303,1.0,19.77360000000002,,0.2967889904975891
ID127_IZDA,29.0,1.4399364441845501,0.701444444444436,0.7157111111111023,0.5415353703232295,-2.5144489901941633,14.315239811579477,14.558639079180258,5.868655223096943,0.23123917333939661,0.5855083462047475,0.1379598433868796,0.9999999999999645,0.4999999999999911,1.5609674315315627,1.5696098781051526,2.1105825440521055,0.17768434041929498,-0.1268015396696033,-0.010239934345818935,1.6351099517300494,0.94839795698814,1.5278831593074267,-0.03308427222413555,57.56972347102223,1.0,0.03571428571428571,0.0,0.0,2.13953488372093,0.7510013351134939,0.4548406637482941,0.7624045976924441,-10.754408203273337,3.0344827586206895,0.2127918053121993,1.0,20.13977777777753,,0.32462865114212036
ID22_DCHA,35.0,1.6688918558077641,0.604095424836594,0.6324888888888811,0.4297910376244685,-1.8463870003578247,8.513503244802132,9.33379265964504,3.67561177597662,0.2352219371209591,-0.8361415402686996,-0.17535224049359033,1.3,0.5652173913043478,0.9570504197865599,0.9490830972837335,1.5876585143545505,0.32170247904497057,-1.975900939945543,-0.3731865517762396,1.2240427492004704,0.7487279800399013,0.9954815992971592,0.038431179510599066,21.54018136124863,0.0,0.0,0.0,0.0,1.9473684210526316,1.251668891855823,0.6706223594340277,0.6620102110017536,-9.636828282039875,3.1714285714285713,0.3314004188479351,1.0,20.971999999999742,,0.34414786100387573
ID22_IZDA,29.0,1.5098120428624684,0.6633999999999984,0.6657777777777767,0.09187100801416778,0.09063568574136155,14.75541007029614,17.560907260127685,5.7600690388287505,0.07812976094600399,0.31510202743092086,0.043464283283318306,1.8333333333333348,0.6470588235294119,1.9602923358679618,1.9222281258253553,2.434304417444881,0.0997148223543788,0.35829974617808724,0.04667959268024724,1.9135112945149437,1.0274134139092461,2.0236299422796464,0.06333760641168439,71.23130283149764,0.0,0.0,0.0,0.0,1.2000000000000033,1.5020026702269726,0.9070988608771132,0.40391227651173073,-9.029675753641058,2.4482758620689653,0.17327627398594247,1.0,19.207688888888843,,0.43616852164268494
ID23_DCHA,19.0,0.891814085447274,1.1373703703703564,1.0652444444444313,0.2675822078419995,-4.588084270935589,5.793414994393731,7.341632578176532,1.962306383873456,0.12600967657613452,0.526971512295153,0.10696631671056456,1.3571428571428572,0.5757575757575758,1.0452903569600913,1.0457896561942583,1.2936464145652884,0.10800971989176779,-1.3324757707998198,-0.14651683914212565,1.1073785349716805,0.858678330941638,1.1662967546009857,0.12100639764089417,35.53363440153461,0.0,0.0,0.0,0.0,1.65625,0.7510013351134939,0.7214297843526725,0.5257479016796144,-10.435027032055052,3.789473684210526,0.2977894392469296,1.0,21.304888888888627,,0.41303208470344543
ID23_IZDA,26.0,1.341995512917512,0.7496657777778085,0.7656444444444759,0.1523394788091763,1.2125973493646676,11.861699852790272,11.259230265761916,4.1227723663801035,0.15260685372464933,-1.0650722415391363,-0.22090095404720733,1.0357142857142856,0.5086206896551724,1.5317917154878375,1.535448730010657,1.8885645426177906,0.08137158996785256,-0.3551152710353781,-0.05777895297483315,1.4989047503225787,0.9392758208594496,1.565726332395817,0.03393461690797985,50.397084374091975,0.0,0.0,0.0,0.0,1.3478260869565217,1.2516688918557564,0.7989513216753094,0.5262149163481543,-7.773624731448922,2.8076923076923075,0.2876499864019442,1.0,19.37413333333413,,0.3958744704723358
ID25_DCHA,67.0,3.3388981636059696,0.30000420875421246,0.29950000000000365,0.3134397458209355,-0.20955339655954347,4.553342916533393,4.666257257862083,2.5547808965221908,0.4328434634021697,-1.6374167702086053,-0.4799763980915167,1.0,0.5,0.40952486446059977,0.3572717946814037,1.0605987350285864,0.5072801032313784,-1.853983380944991,-0.5062830870240784,0.8962598168470546,0.23668524671268887,0.513989315177589,0.104464450716989,11.872873042446823,1.0,0.015151515151515152,0.0,0.0,2.111111111111111,2.7545909849749246,0.31840350370562276,0.8281880072933052,-7.989655817394044,2.5074626865671643,0.25421690518392265,1.0,20.066500000000243,,0.2822933793067932
ID25_IZDA,42.0,2.2489879554200587,0.43925094850948565,0.3661777777777786,0.6051791011137262,2.3752310536044368,2.6248037878531707,2.9559189660063008,1.4690370919078137,0.4819211721287736,-2.9103615505007685,-0.6628737162420326,1.3333333333333275,0.5714285714285703,0.28263536301333514,0.25060819258606104,0.5746842923167136,0.49097914550006866,-2.5580816113654885,-0.5864315986500828,0.4714374255198536,0.3122150574549223,0.45868396323922794,0.17604860022589275,7.909948771754917,3.0,0.07317073170731707,0.0,0.0,4.636363636363632,2.5033377837116126,0.36267725951935864,0.8459063932137061,-6.89790842434522,3.0476190476190474,0.14913261692618557,1.0,18.675066666666687,,0.3294827342033386
ID26_DCHA,34.0,1.7194643362867874,0.5870949494949422,0.5991999999999926,0.37189688683075417,1.0328229229836257,9.97095203316217,12.64854043052501,4.929467933938544,0.19746014768377845,-0.3883470711451612,-0.10607064282539891,1.75,0.6363636363636364,1.3286444975717662,1.2662559526411246,2.0866343988153813,0.17906606722947266,-0.12637361432487224,-0.04114723193803915,1.3596519793340587,1.018261776541007,1.4439234670567938,0.11527896948502757,44.02782779680101,1.0,0.030303030303030304,0.0,0.0,2.5555555555555554,1.5020026702269877,0.6430702662905382,0.6541951462905271,-8.910120336316785,2.3823529411764706,0.14257689222399617,1.0,19.773599999999757,,0.3494701087474823
ID26_IZDA,39.0,2.0339619492656853,0.4914491228070181,0.4993333333333341,0.4026666555562268,0.6010947187417757,14.106937063626882,17.659325129192275,7.585008171672962,0.21674233638778126,-0.11412462697744119,-0.005923814457888366,1.5,0.6,1.7204086135917487,1.7762550457689124,2.3085100949627204,0.1753330758019712,0.16716759719000465,0.01668955371806602,1.5171002174825878,1.2214852650959858,1.8435134128636321,0.12310479927188347,51.42213361836709,0.0,0.0,0.0,0.0,1.7333333333333325,1.5020026702269678,0.49241231818190856,0.7741049824133657,-8.823146032651788,3.0,0.1595575423279091,1.0,19.17440000000002,,0.3732266426086426
ID27_DCHA,42.0,2.0923420281767866,0.4839067750677705,0.49933333333335383,0.5100836715786643,-0.16538830297219492,13.952993983495068,14.917304279951638,7.253019628172784,0.2147782920961414,-0.24348067325127173,-0.05390403839321545,1.0,0.5,1.5025394660030824,1.5923404127391283,2.209094322066201,0.26171303477738606,-0.2313106941137214,-0.06371357346996198,1.4945544801638342,0.8374989191597931,1.5711222863058896,0.06858282030280718,51.12980675948585,1.0,0.024390243902439025,0.0,0.0,2.2666666666666666,1.2516688918557564,0.3685296423147905,0.8407777726078663,-8.997421071844059,3.357142857142857,0.11910652979292151,1.0,20.073200000000824,,0.29719144105911255
ID27_IZDA,24.0,1.1916715400147844,0.8365642512077303,0.8322222222222244,0.12098362447783478,0.1572821642025792,9.963482252787783,13.63726355584082,3.529580406560916,0.07901177657458366,-0.7549819858130965,-0.10589478922112205,2.9000000000000026,0.7434210526315792,1.497267255435106,1.475296348138801,1.8516095366675989,0.09272306154592015,-0.9944751919136651,-0.15366700430147517,1.6890238704478828,0.826566121340943,1.5470362907336999,0.04976903529859356,51.28261293023477,0.0,0.0,0.0,0.0,1.3199999999999994,1.2516688918558063,0.790278733677263,0.5064320385476372,-10.963776660904138,2.2916666666666665,0.1799304346216683,1.0,20.139777777777798,,0.320768803358078
ID29_DCHA,33.0,1.6916753623716927,0.5877569444444373,0.5825555555555493,0.06879926274540442,-0.5615965536034012,9.055413215053756,13.337560666729097,4.527885362352263,0.0925616090006831,-0.7136185530153323,-0.161345998775818,2.4,0.7058823529411765,1.3655443072127278,1.3667825700615017,1.5661863876025326,0.088432127388435,-0.7427851637866768,-0.16103217340031462,1.505362879804958,0.8192925526398754,1.4304207253934775,0.06487641818074984,44.0159579997202,0.0,0.0,0.0,0.0,1.142857142857141,1.7523364485981523,0.8678475565423306,0.4496063812703266,-6.887556141083008,2.0,0.1414973764670375,1.0,19.50728888888865,,0.28383710980415344
ID29_IZDA,32.0,1.5758716540086428,0.6389318996415693,0.6324888888888829,0.0680205255289013,-0.010504201680670748,10.683885544555821,13.32993972242292,4.450511392131977,0.07039533493329327,-0.39783020010901565,-0.0774200880897673,2.0833333333333286,0.6754385964912276,1.4745338558249763,1.4794593038338835,1.590251847149465,0.04691803150291216,-0.2772016984596287,-0.04697506179609978,1.4873004105534282,0.9171614509900327,1.553866628687076,0.07933277286209997,50.74405917895197,0.0,0.0,0.0,0.0,1.157894736842102,1.5020026702269877,0.9121448877537086,0.38411755375557755,-8.52586612594993,1.96875,0.16460198453018704,1.0,20.306222222221972,,0.36050519347190857
ID30_DCHA,34.0,1.6854155375484348,0.5891124579124508,0.6657777777777696,0.3357387252752727,0.4343775181305416,11.643061535971126,15.660214627223802,6.1021270194626105,0.21904331614506073,-1.6113707175387861,-0.3018954502578133,2.1428571428571503,0.6811594202898559,1.6497109741741591,1.6607204386302294,2.2544919652230835,0.1578507666564466,-0.7054606180350663,-0.1590124369308905,1.9689485563401512,0.8428205713194722,1.8548416705597723,0.20513069638561326,52.118501306912265,0.0,0.0,0.0,0.0,1.35,1.5020026702269877,0.6994456382454383,0.6183194292301324,-7.4008960016699525,3.2058823529411766,0.1655742905026647,1.0,20.173066666666422,,0.3201107382774353
ID30_IZDA,28.0,1.3884527016974577,0.7160884773663021,0.6988333333333792,0.09827265007655903,-0.2837094059125012,9.054439508915735,11.144326005961736,3.783529057674689,0.1733061600035339,-1.3629404205864764,-0.23112302469099932,1.5,0.6,1.3522529828757055,1.3326369607865847,1.6963405857943734,0.12571044336809112,-0.8936402343991553,-0.14702775096030019,1.546870583188362,0.8369661712667475,1.4215198874669015,0.0692669045911961,45.715084299207724,0.0,0.0,0.0,0.0,1.2380952380952381,1.502504173622606,0.8710901714581496,0.4372885301447728,-8.568538685572722,2.4642857142857144,0.30218857266252885,1.0,20.166333333334656,,0.31776249408721924
ID32_DCHA,20.0,1.020035769254321,0.9793941520467717,0.9320888888888774,0.31255261876951446,0.13118664281455414,11.817102164783616,12.67024776634977,4.118816100336322,0.12999223451526665,-0.5658347752937252,-0.020883319544404033,1.358974358974364,0.5760368663594478,1.5272254705545238,1.4955064192661827,1.7973800096693764,0.08856438126452557,0.1281844844502864,0.034732003919881516,1.5494794999675925,1.0423389105165937,1.5961984066251949,0.06897293607067098,57.585537136791416,0.0,0.0,0.0,0.0,1.7142857142857142,1.0013351134846584,0.6124693546950326,0.6502225582436445,-9.885162458045054,4.9,0.13226974729383487,1.0,19.607155555555316,,0.3569844365119934
ID32_IZDA,23.0,1.1830842950418055,0.8337353535353433,0.8488666666666562,0.2636081010352052,0.6740990407052121,11.629638534932852,13.682210461288326,4.3558795150131155,0.1430762913866755,-1.1885487931252354,-0.17212452653645416,1.6363636363636365,0.6206896551724138,1.7203472278491074,1.769769841472235,2.1538616561066135,0.12645115721639774,-0.5248315312257396,-0.06890095965277276,1.7390739120141767,0.9010155536262215,1.7827647555382717,0.06241752768916431,53.66338133628899,0.0,0.0,0.0,0.0,1.3725490196078431,1.0013351134846584,0.7880409117650683,0.5056942153766438,-9.964339717165682,2.391304347826087,0.15808378082861088,1.0,19.440711111110872,,0.3094387948513031
ID36_DCHA,26.0,1.3283016811531185,0.7603182222222129,0.765644444444435,0.05766051710386791,0.016839552741482425,9.70252287603988,11.096680514904044,3.850235857960016,0.14843468974352456,-1.6987057891914026,-0.2735602226353159,1.725,0.632996632996633,1.4552580155399992,1.4309560660182121,1.683001807164394,0.10037868875250994,-1.2397105085275713,-0.1923312697759083,1.6494592581233172,0.7763393291798756,1.504676676616981,0.049418661076981625,53.218021593494264,0.0,0.0,0.0,0.0,1.0869565217391304,1.251668891855823,0.9334108595554921,0.3670112396158243,-7.668692778417859,2.269230769230769,0.2603661213079289,1.0,19.573866666666426,,0.3376876711845398
ID36_IZDA,32.0,1.5707217466425596,0.6389318996415863,0.6657777777777873,0.20941742981667827,-0.20168067226890857,9.640633785275588,10.656293992454135,4.1297494378816015,0.20754347996190822,-0.778350041583391,-0.15387469790165187,1.3333333333333333,0.5714285714285714,1.3006859040981023,1.345036548804342,1.5419644707687103,0.14214388014077817,-0.297467353493805,-0.06702386061762211,1.3670485406063402,0.9569315999256647,1.3749562243515143,0.07427032025341251,42.89681393111336,0.0,0.0,0.0,0.0,1.25,1.5020026702269478,0.8530120938600501,0.487574699201222,-7.683087991288695,3.15625,0.17843444966893116,1.0,20.372800000000293,,0.33589890599250793
ID40_DCHA,27.0,1.3340155294779168,0.7464393162393071,0.765644444444435,0.08313290439830283,0.27901658090337533,4.37747090862611,6.362237560243161,2.1282515263082953,0.14217400817493583,-0.7589086979920073,-0.10867528150039085,1.3,0.5652173913043478,0.8021695736906592,0.780246849552221,1.0612493075672478,0.10147048535790064,-0.06634507532549129,-0.00927033230621821,0.8088042281099433,0.9811618948865987,0.9348586708072381,0.13268909711657886,25.126595518437153,0.0,0.0,0.0,0.0,1.1304347826086956,1.251668891855823,0.910476973031726,0.38683778822419573,-7.332063531626627,2.740740740740741,0.28441878917811025,1.0,20.239644444444195,,0.32553672790527344
ID40_IZDA,26.0,1.3373996378733453,0.7536604444444351,0.765644444444435,0.10738213002842943,0.7270997553683043,3.4329713626078533,5.078333608283854,1.7444700521090337,0.24285394808053423,-2.273926540954486,-0.3296027205672116,1.9375,0.6594202898550725,0.6456107852059666,0.6507720879275504,0.9808284782752337,0.22514212759952992,-1.6531513497236923,-0.2587299355738225,0.8138963148242621,0.791683189413756,0.8051499468072356,0.15953916160126916,19.95115120914966,0.0,0.0,0.0,0.0,1.1304347826086956,1.251668891855823,0.8771752632699527,0.4384727115294222,-8.29203901969289,2.9615384615384617,0.307826937114118,1.0,19.440711111110872,,0.42805975675582886
ID43_DCHA,27.0,1.4279602850749342,0.6952256410256419,0.6158444444444449,0.44509726550016687,-0.5582156742377722,8.706897381179209,9.116649454477018,3.2785424453305008,0.290603044027827,-3.1024203904695487,-0.41583891632379977,1.0,0.5,1.0328737087777755,0.9207802622981435,1.8732212918890845,0.3093254189018354,-3.347409291749517,-0.4340164017213245,1.5587921830387759,0.4624883263114501,1.145689603465112,0.11281589468733644,31.836689657724182,2.0,0.07692307692307693,0.0,0.0,2.9729729729729746,1.2516688918558063,0.561523219884339,0.7113275399004843,-10.081777011177827,3.2222222222222223,0.338487074036228,1.0,18.90808888888891,,0.3467247188091278
ID43_IZDA,25.0,1.2970662091770186,0.7822888888888793,0.7989333333333235,0.3951952259788661,0.936170212765955,10.21812855618402,9.867095496996251,3.5300284588763224,0.30756746095105497,-3.12481920701375,-0.37764610433119516,1.4285714285714286,0.5882352941176471,1.0986565506309693,1.0745442998757995,1.5087021117193788,0.22391330084411454,-1.905855821739861,-0.27276690015234073,1.2486128689226672,0.7285913462518115,1.1825937785019713,0.08393722787100226,41.914567524113224,0.0,0.0,0.0,0.0,1.9583333333333333,1.0013351134846584,0.6171759084035701,0.6917138316969137,-11.534209353755669,3.76,0.800382433377774,1.0,19.27426666666643,,0.3421267867088318
ID44_DCHA,36.0,1.8329524111243618,0.5411822222222444,0.5326222222222441,0.4272638706227837,-2.293325062889832,15.21071885141781,16.346545054277218,6.9467463391907565,0.1831875847958538,0.13143565744008778,-0.031327284690689905,1.0357142857142856,0.5086206896551724,1.6910207316512313,1.7568849874879537,2.106732100903419,0.21475794832735096,-0.6888787538833316,-0.18241369910955052,1.6822180573004182,0.964319694274427,1.8051810801886576,0.11416034853742595,60.623221926166174,0.0,0.0,0.0,0.0,1.75,1.2516688918557564,0.6371931470455606,0.6902837936168754,-7.7034350458755565,2.8055555555555554,0.1126004589250026,1.0,19.64044444444525,,0.3542737662792206
ID44_IZDA,31.0,1.5572602935463566,0.6480237037037037,0.6657777777777776,0.28960132035500213,-0.03657031404757213,10.10299522162031,11.568769610818206,4.525043080547101,0.22793951742474658,-0.3846946005641767,-0.002325295482838108,1.555555555555561,0.6086956521739139,1.390831161039522,1.385168628352532,1.9524965508108707,0.16092015835516296,0.03254034043807662,0.011269196117771108,1.3777924431708055,1.0098147305148015,1.545344466245813,0.15451330520629078,41.823232357077885,0.0,0.0,0.0,0.0,1.45,1.251668891855808,0.7494322117457738,0.5554321518335146,-10.651188301910238,2.903225806451613,0.2495397677030484,1.0,19.90675555555555,,0.36603814363479614
ID50_DCHA,33.0,1.6304634249174321,0.6210458333333341,0.5992000000000006,0.28508700962049494,0.4528998855469957,6.821188894860688,9.627067436373665,3.436065764072407,0.2716047574202612,-2.303001952926579,-0.40600210528861536,2.0,0.6666666666666666,1.0384614809849608,1.053415235673282,1.5483465698492647,0.25632874081806334,-2.0569215342118565,-0.37280484717321793,1.3333791753686788,0.6350022309397534,1.090966949262007,0.05250546827704617,33.16216720813787,1.0,0.03125,0.0,0.0,2.333333333333335,1.752336448598129,0.7927770595476454,0.5490137251952617,-8.028454737556933,2.3636363636363638,0.22128385819244703,1.0,20.239644444444465,,0.34210190176963806
ID50_IZDA,41.0,2.013159186879962,0.5016625000000329,0.4991666666666994,0.49204010841189416,0.2906045133930099,9.141651939149321,9.982740590941882,4.556845223638391,0.27964894319130335,-1.593075831882905,-0.3677879884425026,1.1111111111111112,0.5263157894736842,0.9889874744468977,0.9898745462069973,1.5639322210108562,0.24299627384454328,-0.8459576474374804,-0.23518927724424465,0.875443169502385,0.8586472770340992,1.00260617008532,0.013618695638422634,30.62643504852442,2.0,0.05,0.0,0.0,2.8,1.502504173622606,0.5269025021991794,0.7772237622039775,-8.905133941799434,3.1951219512195124,0.40977239425826273,1.0,20.366000000001335,,0.4629521071910858
ID981_DCHA,53.0,2.6491228459910263,0.3770606837606791,0.3661777777777733,0.2624229838987363,0.5679409220843097,8.670294417528497,9.540224796566687,5.01158547345437,0.20117105350714373,-0.9536594812297707,-0.29052774672249826,1.1666666666666667,0.5384615384615384,1.0274599844969934,1.0387314296476204,1.4240462763383734,0.19323596091959966,-0.7509703008388349,-0.22339616062317202,1.4046485617033795,0.6046307028644848,1.1496723327720924,0.12221234827509898,35.94190748193488,1.0,0.019230769230769232,0.0,0.0,2.727272727272727,3.0040053404539755,0.571402872688702,0.5899203604012926,-5.75299890225679,2.0943396226415096,0.1721892199491098,1.0,20.006622222221978,,0.3948855698108673
ID981_IZDA,47.0,2.3769065825140725,0.4211768115942005,0.36617777777777594,0.3158148517082622,1.2439375106626696,7.664719236204188,9.404398906514574,4.536937050680074,0.240954822468029,-1.5540685590262342,-0.4159293763131062,1.222222222222221,0.5499999999999997,0.9860911292279062,1.0127622202789925,1.231472123361126,0.15946003998717978,-0.7664193176600667,-0.24684554960869787,1.1580239092106626,0.8363571416446954,1.132975956739877,0.14688482751197093,32.61463933151012,2.0,0.043478260869565216,0.0,0.0,2.7272727272727266,2.7536715620827925,0.6665768290158824,0.6385571653231215,-5.592434094068256,2.2127659574468086,0.16357475004538286,1.0,19.773599999999888,,0.4053451716899872
ID982_DCHA,57.0,2.926979562493578,0.3435888888888893,0.33288888888888923,0.15973271816724968,0.36621910233274174,11.525350250400471,12.384819612891928,6.77790312453957,0.1224064045628828,-0.0866123637217991,-0.018669964225297542,1.0,0.5,1.2612892956241721,1.2722013053564327,1.5139087599173588,0.11598838475823166,0.01682878932129651,0.024236128123200196,1.2673933000438382,0.9110899488036076,1.3697871574370557,0.1084978618128839,36.82611973390266,0.0,0.0,0.0,0.0,1.700000000000004,3.0040053404539355,0.7979721355365201,0.5550488530752373,-5.735156825108159,2.1578947368421053,0.10475320705162887,1.0,19.47400000000002,,0.3621130585670471
ID982_IZDA,68.0,3.410223090999414,0.2941346600331717,0.2996000000000034,0.2028293523262453,0.09484752131810809,11.983884085097664,13.575595354065818,7.48503722307214,0.13614316185796696,0.017330774958940316,-0.0006831529810179537,1.100000000000002,0.5227272727272734,1.2306648254802126,1.246359971111767,1.5862552456202792,0.15257731283281317,0.05206527618574048,0.017012873547043394,1.421135080404628,0.8936234341900647,1.321872368342008,0.0912075428617958,41.245118272843264,2.0,0.029850746268656716,0.0,0.0,2.000000000000012,3.5046728971962113,0.8076167887513989,0.5513619897360248,-6.582010694998273,2.073529411764706,0.17363309260873175,1.0,19.94004444444473,,0.3968769907951355
ID983_DCHA,42.0,2.1384444796452025,0.47010406504064456,0.39946666666666175,0.641836727723129,-0.39106834443621946,5.201040227496774,5.340946218574193,2.553373400068262,0.28071660055371506,0.3063619208793661,0.07150602257853467,0.9999999999999645,0.4999999999999911,0.46571226748090727,0.44977956715452594,0.7860041518955698,0.28586208311521516,0.040329085261471526,-0.0007542890122839152,0.5030267592017966,1.0751127368855034,0.48923232951456114,0.023520062033653772,11.469511258842132,5.0,0.12195121951219512,0.0,0.0,3.5,1.5020026702269877,0.255238392809885,0.9198738962208501,-9.502220393090568,3.5714285714285716,0.22903532989037304,1.0,19.640444444444206,,0.3371860682964325
ID983_IZDA,45.0,2.2681248375910625,0.4372949494949492,0.4493999999999998,0.4478931013818386,-1.6426597998980714,9.386688641761479,10.182742724662432,4.435900455247063,0.16983059721125662,0.26830163069108287,0.044827333065299735,1.0000000000000178,0.5000000000000044,0.9057889195524322,0.9339925028001775,1.2259954142001155,0.2092339222278977,-0.2645312947731756,-0.09157539864539233,0.9378510065001062,0.8783695751747287,0.943435129093937,0.037646209541504674,34.38196895443398,0.0,0.0,0.0,0.0,1.8518518518518496,1.5020026702269704,0.5342148933991118,0.7644842726870923,-8.747304766564213,3.0,0.23731340274406265,1.0,19.840177777777765,,0.3049320876598358
ID984_DCHA,24.0,1.203608149764515,0.8336695652173923,0.6990666666666674,0.4937702664226411,3.531407828282831,3.255308700987309,5.194321127311136,1.6852947922932422,0.22801361084430255,-2.1462523171219794,-0.2862343832235579,1.2777777777777777,0.5607142857142857,0.5989378350105795,0.6071477693879015,1.0945882838381729,0.34060752431727115,-2.8039051618058672,-0.36528574913291867,0.832336875108159,0.4783295296002384,0.7160630089573345,0.11712517394675494,19.67132150198487,4.0,0.17391304347826086,0.0,0.0,2.8571428571428545,1.5020026702269678,0.7621125770679359,0.5725805013368713,-7.939172483269825,3.7083333333333335,0.10148983478350108,1.0,19.940044444444467,,0.3432614207267761
ID984_IZDA,39.0,1.9624155490402595,0.5159777777777783,0.5492666666666661,0.47794904768675456,0.45109756484968505,4.691189779821314,4.589960326616187,2.163104136087249,0.5461698966631151,-2.5069755677378165,-0.4942746489257943,0.8000000000000022,0.4444444444444451,0.4404970361617448,0.39231690475719017,1.1705794937678018,0.46118224478692477,-2.105972565434321,-0.43967320644028307,0.5113962813460713,0.7798589471577138,0.5102802619010479,0.06978322573930318,7.289477739543515,1.0,0.02631578947368421,0.0,0.0,2.424242424242429,1.752336448598129,0.2613023904953224,0.9132262331961142,-9.783611824678488,3.7948717948717947,0.13227782396723753,1.0,19.873466666666687,,0.36631184816360474
ID985_DCHA,40.0,2.068162024408933,0.4839692307692249,0.4660444444444387,0.38811125745230857,0.18240044555834156,11.818110195294427,11.781329166444644,5.62729663101847,0.1396602957037724,-0.018592062051698572,0.008529215823701808,1.3333333333333333,0.5714285714285714,1.2360448505914614,1.250804637135646,1.6829272383984446,0.17433094356290452,-0.5527509299830082,-0.13882697478611417,1.3291542639334541,0.8472515913926194,1.4932316246243544,0.2571867740328929,38.56903231781287,0.0,0.0,0.0,0.0,1.8571428571428572,1.5020026702269877,0.4898572639047464,0.7336030001442206,-7.875661408695557,2.825,0.3860696744745217,1.0,19.34084444444421,,0.3366966247558594
ID985_IZDA,30.0,1.586622538972149,0.6278973180076635,0.63248888888889,0.11114211446852354,0.22199007573778806,8.470590698323196,9.313845768367328,3.9404452631984963,0.10562426146167556,-0.29092496583622096,-0.05212821757799391,1.2499999999999967,0.5555555555555549,1.2829262725616168,1.261799742556947,1.5884001369144272,0.09366225728694416,-0.4881086874460492,-0.08798972032288033,1.3708002116027367,0.9309803732078348,1.3622522025347474,0.07932592997313041,42.456733198402745,0.0,0.0,0.0,0.0,1.1578947368421058,1.5020026702269678,0.865015779363573,0.43550993043397707,-7.8999539188095955,2.4,0.15506012860047366,1.0,18.90808888888891,,0.3592627942562103
ID986_DCHA,23.0,1.1670966694331324,0.8594585858585753,0.9320888888888774,0.3006184526548098,3.2018196133321672,12.825967899217067,12.44435737827357,4.337507850470259,0.2580714371635475,-3.436083590372311,-0.4553103128834137,1.375,0.5789473684210527,1.4755813269209068,1.456954180893849,1.8237708076902543,0.09588730919448618,-0.9552084627713323,-0.12849488369684103,1.5961081036135474,0.8621608163794137,1.5637849122281258,0.08820358530721838,50.26894127310986,0.0,0.0,0.0,0.0,1.3214285714285714,1.0013351134846584,0.7562272145198398,0.5796885475594119,-10.404532652526928,4.043478260869565,0.2797334527218518,1.0,19.70702222222198,,0.3630202114582062
ID986_IZDA,24.0,1.205620872422976,0.8394589371980742,0.8655111111111164,0.3721742524643317,2.8056426332288424,10.330539323310266,10.793154730471846,3.843260943716249,0.16713600660090053,-1.9600575261740085,-0.264463985088927,1.0741758241758266,0.5178799489144323,1.3494538128855202,1.339974959680597,1.4972515733893932,0.07147728575079935,-0.0991856087019095,-0.023584393882478016,1.3720626869116583,0.9610890428954264,1.3915169482144474,0.04206313532892728,43.097972810075994,0.0,0.0,0.0,0.0,1.6153846153846179,1.0013351134846384,0.7068805456392581,0.5701600560229725,-10.13657251797231,2.8333333333333335,0.1623384435249188,1.0,19.906755555555712,,0.3675016760826111
ID987_DCHA,14.0,0.70445686375807,1.4442256410255847,1.5312888888888292,0.19735882424601947,-0.4939209726443755,15.572634706473645,16.91570713309768,2.973390496333385,0.08575308842498958,0.8490804481348317,0.08998552089353407,1.5384615384615379,0.6059701492537313,1.745849107987263,1.7435143349293982,1.9841908826679366,0.08062624271206395,0.6205895115374509,0.08249009350178138,1.7234674803817303,1.081411523134262,1.8063708108408967,0.060521702853633876,61.122293392074326,0.0,0.0,1.0,0.5326222222222015,1.3043478260869565,0.751001335113514,0.8649174645450903,0.42915363950857727,-15.798087102648534,2.5,0.19506338674784285,1.0,19.87346666666589,,0.3264099061489105
ID987_IZDA,24.0,1.228213427102071,0.7960386473430279,0.9320888888889272,0.6327533954900063,-2.574380165289256,16.792566635708365,18.138112136755637,6.363153406042879,0.20552356816983008,1.4059214652348426,0.20836677458052866,1.0,0.5,1.8142240601356046,1.8724078071557326,2.3006931594859625,0.14833778219551083,0.17367931391026428,0.035013948804436534,1.7716322881194522,1.0202881937547061,2.016307997474596,0.2020839373389913,63.43894153900419,0.0,0.0,2.0,1.1984000000000492,1.8571428571428572,0.7510013351134539,0.7472597416191793,0.583868265202673,-13.374022515622144,3.1666666666666665,0.2505881013816773,1.0,19.54057777777858,,0.35253509879112244
ID988_DCHA,15.0,0.7435656783301918,1.3101555555555393,1.5146444444444258,0.4711183469815822,-4.428312159709624,9.211790388893757,11.822867649013851,3.235034980324022,0.35789452779170505,6.424706313313373,1.0240735940085406,1.0000000000000355,0.5000000000000089,1.3891007780979547,1.419660037639979,1.8640879801181993,0.17411743560442344,1.3558636302553404,0.046877073070991315,1.3674450151070665,1.0468770730709913,1.5908273293467796,0.20172655124882508,43.36464390976072,0.0,0.0,1.0,0.6657777777777696,1.4945054945054945,0.5006675567423292,0.7633556465372917,0.483532214143766,-11.877616914054556,4.066666666666666,0.3199100651429909,1.0,20.173066666666422,,0.3467341959476471
ID988_IZDA,18.0,0.9012016021361806,1.1063660130718966,1.2316888888888906,0.4409460209306565,3.8643067846607657,4.968891497552407,5.49794926651776,1.788738722836701,0.20830057531604795,1.7702822636832005,0.1535480042095243,0.9347826086956534,0.48255813953488413,0.6412183780331187,0.6515561507842332,0.9153418022227717,0.2659304614855304,1.1584425426443898,0.050706844847669075,0.5596106009241513,1.2160734526799999,0.6830536356264507,0.04183525759333209,17.38676442461212,0.0,0.0,0.0,0.0,1.4864864864864848,0.7510013351134839,0.7742869980703336,0.5543612377451446,-11.567914990379172,5.333333333333333,0.2095609473342508,1.0,19.973333333333354,,0.3588272035121918
ID989_DCHA,33.0,1.6467138909465093,0.6033611111111117,0.5992000000000002,0.5273495074167147,-0.15977348569116942,6.125156090813434,5.819507019196055,2.3920949174484774,0.2465562230263732,-1.5684002470450602,-0.29329745585460487,0.9285714285714286,0.48148148148148145,0.5764415491018084,0.5650772908899742,0.8723135052729262,0.3062551494098655,-1.889314454108682,-0.34368780616104444,0.7336741302415001,0.5233938296395548,0.6432024867351346,0.0667609376333263,15.2850633489728,2.0,0.0625,0.0,0.0,2.5000000000000013,0.5006675567423226,0.2850897391506851,0.8431814437038555,-11.509749211827375,3.1818181818181817,0.16699071197531817,1.0,20.039911111111135,,0.3145022988319397
ID989_IZDA,27.0,1.393610724952866,0.7131504273504233,0.6824222222222183,0.6071222952403093,-2.982645122681032,8.477221061398321,8.413454644718518,3.21475017219203,0.22710162104759676,-0.9081754160224106,-0.16661840534690675,1.4999999999998932,0.5999999999999829,0.8935343198658885,0.8981751808449465,1.3591929060429524,0.3094485280029635,-2.7090454063535074,-0.3877073084019861,1.2892177038533745,0.5876717293657152,0.9540700103201102,0.06053569045422174,22.1364109718295,2.0,0.07692307692307693,0.0,0.0,2.6341463414634156,0.7510013351134888,0.6711572761630434,0.652973614403198,-10.130058292519806,3.888888888888889,0.1497289365298473,1.0,19.374133333333223,,0.2891652286052704
ID990_DCHA,26.0,1.3193266697939758,0.7523288888888797,0.6990666666666581,0.21676900378612188,1.3614703880190613,8.57713702575424,7.9996341945489595,2.9497009444926596,0.21170898093419635,-2.0724805613958597,-0.28460018605115966,1.183333333333335,0.5419580419580423,1.0949443126198015,1.0660037475356923,1.4256450520654989,0.11886531131194003,-1.0350249185508236,-0.15340962213389775,1.2688253760849744,0.8018147496394782,1.1954162404172626,0.10047192779746099,36.095221306598575,0.0,0.0,0.0,0.0,1.5714285714285714,1.251668891855823,0.7435800271897672,0.5327875985138716,-9.367802334658444,2.3846153846153846,0.18035968969482677,1.0,19.70702222222198,,0.42096322774887085
ID990_IZDA,27.0,1.3770482884933333,0.7438786324786234,0.7489999999999908,0.38654360350695466,2.8380187416331997,6.258273220398756,7.558458103547186,2.6668389079970334,0.2548856229486947,-2.086686740055016,-0.3419566123995834,1.5555555555555556,0.6086956521739131,0.7950916002348762,0.7659150015197801,1.2250026744859244,0.1780335206288816,-1.020190234430666,-0.17623896638232128,0.8172654651773599,0.857124867543882,0.9383908647296197,0.14329926449474334,25.53220578675741,0.0,0.0,0.0,0.0,2.0,1.251668891855823,0.47999805474709484,0.7348068114677094,-9.863349845886187,3.2962962962962963,0.09522307878934107,1.0,19.607155555555316,,0.4347628951072693
ID991_DCHA,24.0,1.2016021361815743,0.8278801932367159,0.8655111111111111,0.19673853002287003,-1.5734265734265749,9.977114399211287,12.11675271180397,3.2003464531979673,0.07703458527852985,0.10278649969887257,0.039464914313659616,2.999999999999991,0.7499999999999994,1.3002272282371041,1.2788099300028142,1.4999219476834575,0.0673709481261324,-0.4212784115859258,-0.06258610173892909,1.400152869865067,0.9214221468900918,1.3311483395016044,0.030921111264500367,39.24446858372675,0.0,0.0,0.0,0.0,1.346153846153848,1.2516688918558063,0.8452242183578925,0.4955875562382964,-9.146565809722198,2.4583333333333335,0.317854724228631,1.0,19.973333333333354,,0.3306693136692047
ID991_IZDA,31.0,1.5494869476550461,0.64913333333336,0.6824222222222502,0.2757652274342167,1.3679016571118905,7.267054533337928,10.37301296947944,3.7259847448579184,0.2893608640241842,-1.8618615879491058,-0.3827666189980775,1.625,0.6190476190476191,1.144276676482816,1.121955522005272,1.5317785139346134,0.13138056913478618,-0.766796577463181,-0.15982469583139525,1.2124662535737898,0.8022889835147783,1.2250840728697392,0.08080739638692319,34.8904230377459,0.0,0.0,0.0,0.0,1.3170731707317074,1.2516688918557564,0.7032340895378868,0.6179908765860731,-9.369904871117175,2.7419354838709675,0.21988635667759668,1.0,20.006622222223044,,0.3092648386955261
ID992_DCHA,38.0,1.9315093559602547,0.5227255255255191,0.5326222222222157,0.23121411556293764,0.5676842709182591,14.101087719185413,16.20097759240532,6.84537049319566,0.17647957572993403,-0.7349244159486713,-0.18329514202847474,1.5714285714285812,0.6111111111111126,1.6990260879745958,1.7139366607452828,2.280514744180268,0.11333179713112225,0.22949944656495425,0.06015874920274,1.564669782903999,1.1396829357503067,1.70846605026894,0.009439962294344083,56.53001754584919,0.0,0.0,0.0,0.0,1.3125,1.7523364485981523,0.8029433886840583,0.5529810115525067,-7.644469237545178,2.6052631578947367,0.21432116367386078,1.0,19.673733333333093,,0.2918054759502411
ID992_IZDA,44.0,2.184731156693786,0.4652702842377235,0.46604444444444226,0.4489368469094881,0.48836354992760855,17.974458545195645,18.926800988885756,8.517874056734293,0.29459766295685985,0.29461012046217117,0.0862571038111366,1.3809523809523974,0.5798319327731122,1.683281933706697,1.7087069541551152,2.6835506346287525,0.25770003727969737,0.5581763119157744,0.14621225255500225,1.6371023081785687,1.175424590692964,1.7065233182906743,0.02324138458397721,58.96404121440426,1.0,0.023255813953488372,0.0,0.0,2.57142857142857,1.7523364485981405,0.300382605804645,0.8964810381431889,-11.251272679536356,3.409090909090909,0.13262349981606733,1.0,20.139777777777663,,0.2840081453323364
ID993_DCHA,31.0,1.768060836501907,0.559999999999998,0.5666666666666647,0.22919887425704222,0.3707823507601042,8.406050419218975,9.081363627814243,3.873230538882697,0.21783460674530905,-1.7345447740933957,-0.3324992071473797,1.25,0.5555555555555556,1.0888664323704873,1.0604303256625525,1.5023558898873464,0.17209150954900895,-1.4429574765227444,-0.26495500573899167,1.3434469660303356,0.6891566322993857,1.2204958170625526,0.13162938469206492,35.475065150307074,0.0,0.0,0.0,0.0,1.3529411764705883,1.7500000000000062,0.8671535243215157,0.467610611700807,-7.223534698213468,2.2903225806451615,0.2422941979976947,1.0,17.533333333333275,,0.37041953206062317
ID993_IZDA,27.0,1.8451025056947674,0.5384615384615365,0.5166666666666648,0.31783707801838557,0.5925925925925912,8.281926456549817,9.021759157752568,3.9969184648459692,0.2410210005756306,-2.3574762597738643,-0.37789205838810414,1.1666666666666667,0.5384615384615384,1.1129011034927525,1.1444337880193156,1.4277756058524107,0.1808576311534656,-1.5655271968257436,-0.26217042420040826,1.3061809717783652,0.6932212394492501,1.312492562568988,0.1995914590762356,35.818720102790074,1.0,0.038461538461538464,0.0,0.0,2.5806451612903225,2.000000000000007,0.7688462071481931,0.5637090486078474,-6.41246526982653,2.2962962962962963,0.26012548941481733,1.0,14.633333333333281,,0.3961244225502014
ID994_DCHA,36.0,1.8710067864418973,0.5335733333333339,0.5326222222222228,0.3774338807534034,0.5225263010730123,12.588123447508117,13.783445276755552,5.778849809572181,0.1969963165827093,-1.51365022195382,-0.324977831676346,1.571428571428577,0.6111111111111119,1.4287272447287664,1.4990528780030627,1.9111280743810293,0.17535947941755564,-1.3051580048932396,-0.26487170704083207,1.7379305403528496,0.6884926630110866,1.4913901950289967,0.06266295030023061,49.95358345145694,0.0,0.0,0.0,0.0,1.6875000000000009,1.5020026702269678,0.6568884219128623,0.624080792900353,-8.499782584518872,2.9166666666666665,0.1895263786419398,1.0,19.2409777777778,,0.3900521695613861
ID994_IZDA,33.0,1.6802063768640683,0.5971194444444441,0.5991999999999997,0.1314378823265507,-0.3821512869506527,15.458938575777486,18.41095714147559,6.857519494012302,0.15085217434289205,-0.9803571019048685,-0.18655413354584383,1.50000000000001,0.6000000000000016,2.11435739345355,2.089831612874487,2.4988128506811633,0.1044812501451114,-0.7182816736613145,-0.13856054387501782,2.4126986955283396,0.765019206258988,2.066161555943873,-0.048195837509676515,74.49434290610944,0.0,0.0,0.0,0.0,1.2222222222222225,1.752336448598132,0.8508574411354127,0.4538104678845996,-9.459799571271784,2.6363636363636362,0.11813719686548826,1.0,19.640444444444434,,0.3634474277496338
ID995_DCHA,32.0,1.621048413061167,0.618529032258057,0.5326222222222157,0.6139061711996686,-0.9743923611111105,18.38804589865066,19.364513515065372,7.508400232749098,0.1949809900232068,0.0982369731392371,-0.0491824866032643,0.8660714285714219,0.46410256410256223,1.9373701390743006,1.9551296642316336,2.493214447727552,0.17529836335200785,-0.0445032222121225,-0.03871625544768431,2.0736580571586956,0.910484228054375,1.9569366691695216,0.01956653009522104,81.12121817232858,4.0,0.12903225806451613,0.0,0.0,3.625,0.7510013351134939,0.3168289228000669,0.8487005480214459,-10.747200568163883,3.125,0.2988448890686984,1.0,19.74031111111087,,0.32336267828941345
ID995_IZDA,42.0,2.1530413702912448,0.462796747967474,0.4660444444444387,0.5479866054847553,1.12406015037594,11.449940564865717,10.83615010671707,5.1836520697253565,0.2700928776829061,-0.7910598597687316,-0.1938715338388901,0.8615384615384616,0.4622222222222222,1.0256454460346078,0.9994346125815377,1.6194959079828875,0.28874920141267757,-0.0014588374379130935,-0.02913480850067862,1.12795763801318,1.0481847955560581,1.0475764768314915,0.021931030796883872,23.274957106959043,2.0,0.04878048780487805,0.0,0.0,2.357142857142857,2.002670226969317,0.28102753231726507,0.9108407687166111,-10.551323336363705,3.2142857142857144,0.1315066104577769,1.0,19.507288888888652,,0.3712502419948578
ID996_DCHA,29.0,1.4641370566918341,0.6895555555555563,0.6824222222222236,0.20230538129479494,0.7477870260272172,9.075965601546624,9.755563052063703,3.595896491677518,0.17408409679212059,-0.6114388502581163,-0.13224816656539684,1.2857142857142858,0.5625,1.0818673663465115,1.0771351482863312,1.3320992973372539,0.11537964604656828,-0.8585688260930208,-0.16609035115005533,1.187804818326032,0.8752255526261219,1.2874961712919053,0.20562880494539384,42.86673750246978,0.0,0.0,0.0,0.0,1.3170731707317067,1.5020026702269678,0.8059170161175704,0.5319872315592707,-10.284199932894975,3.4827586206896552,0.1326334690445321,1.0,19.80688888888891,,0.3990671932697296
ID996_IZDA,35.0,1.7523364485981523,0.5678692810457446,0.6324888888888811,0.3704610361567661,2.031347962382444,11.638241550319654,13.765459596100298,5.210726268800769,0.21800043786583972,-1.2492981714052571,-0.2862569850982535,1.5,0.6,1.4060984292525551,1.419272255669688,1.8537735195877219,0.17171158970925782,-0.28902435114398906,-0.09198488558522766,1.5441367714780636,0.9108668554194191,1.499590762325984,0.09349233307342936,47.8700627070288,0.0,0.0,0.0,0.0,1.4210526315789473,1.251668891855823,0.6903481536456418,0.6185520504953441,-9.261633970344803,2.4285714285714284,0.1524257336623362,1.0,19.973333333333088,,0.3007644712924957
ID997_DCHA,33.0,1.6802063768640878,0.5991999999999926,0.6657777777777696,0.30900827029565264,0.8940208536982734,9.132830822121772,12.752636263009308,4.5865826294385075,0.14972628147011577,-0.4375301989861571,-0.03835119105477969,2.0,0.6666666666666666,1.2652892351927956,1.2861527002680915,1.5698219445387018,0.14396682266939861,0.3442856547466862,0.09127442808133623,1.163789292613273,1.0725435107459975,1.4178041312756144,0.15251489608281907,40.06706287522404,0.0,0.0,0.0,0.0,1.2,1.5020026702269877,0.7991773818387892,0.5293110668292521,-8.556241442757655,2.727272727272727,0.1685636358821055,1.0,19.640444444444206,,0.4074762165546417
ID997_IZDA,33.0,1.6745300039691875,0.6064819444444693,0.64913333333336,0.2837974632551337,1.3873030085059088,10.670936755734719,13.846343930342545,5.060293531918241,0.1380416682383287,-0.2697550706878852,-0.05237627699582992,1.3636363636363635,0.5769230769230769,1.3914242377681703,1.4946688375549233,1.7541520813219669,0.1962475314459836,0.2599794385578722,0.07379484092730637,1.2226555172749927,1.0002018604550662,1.4912776324715187,0.09985339470334831,48.32270565931909,0.0,0.0,0.0,0.0,1.3846153846153846,1.5020026702269078,0.745640262996179,0.5925971296461574,-8.581230035452768,3.3636363636363638,0.18363114467160643,1.0,19.70702222222303,,0.3786412179470062
ID998_DCHA,36.0,1.7757667037166356,0.564008888888882,0.5659111111111041,0.07974091344038353,-0.11738253480144067,7.5925413479670345,11.570643258002859,4.296835099976677,0.15430338735384647,-0.9969956225485931,-0.22696040592902267,1.6904761904761905,0.6282894736842105,1.2459717901869158,1.2601148468275114,1.521332451417641,0.11560951485263474,-0.5923739785799353,-0.16417337193257941,1.2820693145692297,0.8825187768454698,1.2812606516248466,0.035288861437930794,40.96901186340602,0.0,0.0,0.0,0.0,1.2352941176470589,1.7523364485981523,0.8383685851764175,0.4880697585053338,-7.776166975820169,2.388888888888889,0.1574786953671079,1.0,20.272933333333086,,0.36053627729415894
ID998_IZDA,42.0,2.1204743579675123,0.47497560975609165,0.49933333333332897,0.3323632608036028,-0.19413919413919384,8.553658097501406,9.828043433664725,4.584142649234771,0.1713079026820218,0.13082347278831832,0.015128502779828024,1.2678571428571428,0.5590277777777778,1.0345936482657567,1.0184678695223646,1.5517459460682959,0.2174014032316296,-0.10781622071000195,-0.0601459279703922,0.881077217367374,1.0667625224155555,1.0827596521566312,0.04816600389087428,27.904745731643395,0.0,0.0,0.0,0.0,1.4666666666666615,1.7523364485981523,0.6662294818843029,0.6681630446474048,-8.79441081944211,2.9761904761904763,0.18112563687978975,1.0,19.806888888888643,,0.3366053104400635
ID9992_DCHA,32.0,1.4911802899103497,0.6750437275985445,0.699766666666644,0.3259861784168218,-0.6747611464968174,9.27954295589793,9.448026949191298,3.718897848962734,0.13680182136641353,-0.8202420722393718,-0.18942997462042654,1.1388888888888888,0.5323886639676113,1.1893249005880033,1.181525844235963,1.5738267627052043,0.19210376352592926,-1.0640370482851458,-0.22656416947518143,1.4809003620266497,0.7324972807803056,1.2372340973627558,0.04790919677475239,35.93888572919702,0.0,0.0,0.0,0.0,1.7619047619047619,1.2504168056019078,0.7695627488631431,0.5483174549477894,-8.973482911013612,2.875,0.25542438602066225,1.0,21.459511111110416,,0.29560476541519165
ID9992_IZDA,36.0,1.7652943137909287,0.5674298412698229,0.5331555555555383,0.2819790491079962,0.5395446769311752,6.656403719660985,6.946085762494235,3.0784622060599127,0.230082717374033,-1.7726526552697066,-0.343811655303217,0.7638888888888888,0.4330357142857143,0.8687607254437204,0.8130394784753447,1.3027929759390928,0.23152339141929984,-1.3976485638504879,-0.2781161925656005,1.203931308555631,0.5968560804990285,0.9480683773897448,0.07930765194602456,28.627119488232477,1.0,0.02857142857142857,0.0,0.0,2.5,1.7505835278426707,0.7187417025131412,0.6171603261138976,-7.873704879210289,2.4722222222222223,0.1542234093075348,1.0,20.39319999999934,,0.35600709915161133
ID9993_DCHA,24.0,1.3037180106228825,0.7857004830917905,0.8106666666666698,0.41122344935998,1.949872557349196,10.969642442409336,10.896597478187823,4.13110269124142,0.18045335287346911,-1.7915122200891433,-0.2396029202297424,0.7142857142857143,0.4166666666666667,1.3025318444479275,1.3272241165216472,1.5797482082569545,0.14095652286553234,0.17749811902286358,0.042695740647044955,1.3652090041711138,0.9989439686922641,1.3674056225500635,0.06487377810213572,40.83969787926426,0.0,0.0,0.0,0.0,1.6666666666666667,1.0035682426404957,0.648707879657326,0.6656424579859412,-10.550232112490955,3.2083333333333335,0.23056389456635742,1.0,18.40888888888896,,0.4040188193321228
ID9993_IZDA,17.0,0.8907778295295727,1.0830000000000042,1.047111111111116,0.320631660388176,0.10549248939342168,10.05072896780471,9.145264047857708,2.6115648729370227,0.2212247813101031,-3.1949178605593964,-0.3252354771887399,0.5172413793103462,0.3409090909090915,1.227306452950617,1.2270087041003708,1.4421485547646606,0.12944933966209654,-2.334487470319268,-0.24204438172004816,1.390722911924054,0.7579556182799518,1.2753121212135716,0.04800566826295462,38.45627158774006,0.0,0.0,0.0,0.0,1.838709677419354,1.0035682426404957,0.7765778774946365,0.5187728968376114,-11.193641861371132,3.764705882352941,0.2813032332828761,1.0,19.084444444444518,,0.4301234781742096
ID9994_DCHA,39.0,1.9901625866443633,0.5016500000000004,0.49199444444444485,0.1057894375581023,0.05202052446146815,6.350661739427131,9.164693704857306,3.3847830482426877,0.1603694734631757,-1.0877106175490314,-0.2413602467862248,1.8181818181818006,0.6451612903225784,0.8730346065717023,0.8561752422754061,1.1277402017493912,0.14841653358750923,-1.0427394763191553,-0.23717001568528184,1.037820885606839,0.6989972211269747,0.9657529784392143,0.09271837186751188,30.55366340287759,0.0,0.0,0.0,0.0,1.3220338983050848,2.007030180716341,0.9148940597324301,0.4017732384093403,-7.892188428826468,2.1025641025641026,0.12108076702381877,1.0,19.596388888888903,,0.4032604396343231
ID9994_IZDA,38.0,2.0074722578486575,0.49988258258258295,0.5003333333333337,0.08961959248301854,0.4777498299400444,6.599636700599098,11.101883092008274,3.821517964834619,0.09823711633536611,-0.4766522413376865,-0.14712067039628052,2.2222222222222223,0.6896551724137931,0.9622231203569477,0.9648956425372499,1.1443569744147761,0.0925102193993306,-0.3358934143522914,-0.1078304392828413,0.9155067515465947,0.9476802267842221,1.0612680376729176,0.09904491731596972,33.751934139626975,0.0,0.0,0.0,0.0,1.1666666666666667,2.007030180716341,0.8653538862054947,0.4883980532995956,-8.2308378657713,2.3157894736842106,0.10406600592205907,1.0,18.92927777777779,,0.43706467747688293
ID9995_DCHA,36.0,1.723062392408187,0.5883752380952818,0.5664777777778198,0.0702720089016455,-0.31251982993844873,5.436463002956689,8.885155608444517,3.0722560047936645,0.1566630455505604,-1.233948826538299,-0.2556682422466826,1.8166666666666667,0.6449579831932774,0.9117756862123974,0.9002142108036271,1.27580896497701,0.1622733821943089,-1.2552104835174123,-0.2606843166091791,1.12047811359195,0.630955221678665,0.9588305550325562,0.047054868820158684,29.849483800608727,0.0,0.0,0.0,0.0,1.2941176470588236,1.7505835278424842,0.8714572621203263,0.44186184436189574,-7.5815707848034535,2.0277777777777777,0.1425680541428222,1.0,20.893033333334884,,0.3619634807109833
ID9995_IZDA,38.0,1.8015483834262533,0.5511675675676084,0.5664777777778198,0.09065314710248497,0.005733287467034754,7.117800111422573,10.094451353135941,3.5081466336758913,0.12025662960339913,-0.2914454229541075,-0.047136330238800705,2.0,0.6666666666666666,0.9996878561387919,0.9980379724214882,1.3168595926726885,0.12034251878505975,-0.25263934438233066,-0.034202643311112446,1.1489227654112217,0.8085248118323787,1.0489261458418802,0.04923828970308863,27.362052092656953,0.0,0.0,0.0,0.0,1.1764705882352942,1.7505835278424842,0.8304570782149928,0.4977479574333832,-9.4699924654488,2.289473684210526,0.17952478283159543,1.0,21.092966666668232,,0.3328244388103485
ID9996_DCHA,78.0,3.7853379088109467,0.26371717171718256,0.2330222222222318,0.2727624516169583,0.28904227782571124,7.7488750025994815,7.878998210114078,4.607240351820481,0.1875512021607381,-0.7058740520593912,-0.3276804586895229,1.0,0.5,0.6992050711665734,0.7049258603968092,1.0139092027468422,0.17593312609967926,-0.4950272539260709,-0.2504030556818858,0.7887608785063647,0.7413848193724608,0.8233643565740844,0.12415928540751107,20.284005773327188,3.0,0.03896103896103896,0.0,0.0,2.2857142857142856,4.2556742323095715,0.6289873945514196,0.6661585224057599,-6.404910636970888,2.1153846153846154,0.0475740965076064,1.0,20.60582222222307,,0.39739251136779785
ID9996_IZDA,68.0,3.273595563315055,0.30506533996684504,0.2330222222222318,0.4816222802113463,1.0925987214548234,6.417155799668287,6.284210205029867,3.7020388271274647,0.2934563787583591,-1.2894048435325638,-0.4637894383319905,1.0,0.5,0.5862598976702952,0.5501221549806168,1.2421417093333877,0.34835640345863955,-1.1138028039815664,-0.39011760233070714,1.0280661663481383,0.5371758653031691,0.7359106187311537,0.1496507210608586,16.87480470432013,8.0,0.11940298507462686,0.0,0.0,3.5714285714285716,4.506008010680723,0.3565211468147986,0.7971121997541464,-6.938635155620339,2.411764705882353,0.12999601632539276,1.0,20.77226666666752,,0.33997708559036255
ID9997_DCHA,58.0,2.820097244732587,0.3555555555555543,0.29999999999999893,0.4800716092417879,-0.3415057039149597,2.701951458892613,2.9335347313897135,1.5488475389155822,0.25335064169221766,-0.5895381472694409,-0.21959935777077177,1.25,0.5555555555555556,0.2698888743159332,0.25368094314209266,0.46863856413704075,0.28300013609202607,-0.5467467204300861,-0.2092156940989396,0.3167352181958141,0.6781561874217951,0.3925693587998018,0.12268048448386852,8.556320902207089,4.0,0.07017543859649122,0.0,0.0,3.7777777777777777,3.5000000000000124,0.5778498233299564,0.7208597238519793,-7.328961634744741,2.5344827586206895,0.17701076879358746,1.0,20.566666666666592,,0.34526070952415466
ID9997_IZDA,28.0,1.3976705490848638,0.7333333333333307,0.6333333333333311,0.48390058856579743,1.6955266955266952,2.9165166930471704,3.044639985502134,1.122148873148145,0.4929374871295654,3.0218333285664625,0.5077293121704118,1.0500000000000027,0.5119047619047625,0.3189716272536719,0.33889861019632644,0.5634706275303474,0.5333338560047027,4.219570524648245,0.9388804291507717,0.20648202038266367,2.253055800320922,0.5077203121996641,0.18874868494599226,8.358637855076992,2.0,0.07407407407407407,0.0,0.0,3.0526315789473686,1.5000000000000053,0.574736960935174,0.719441283118297,-10.390484789793632,4.25,0.26914870336870417,1.0,20.03333333333326,,0.6993879675865173
ID9998_DCHA,36.0,1.7566831220163388,0.5674298412698229,0.5664777777777594,0.3208780210339834,-0.2056191604158435,5.328191824061598,6.363551991832429,2.486051600176427,0.21880130976972564,-0.8983126492914704,-0.17371026773631437,1.2916666666666665,0.5634920634920635,0.6643139662600848,0.6582180892174797,1.0760491201558426,0.2623476534961615,-1.5477512534336353,-0.2720364842024082,0.8271918383711074,0.5676704697385835,0.7368039255579869,0.07248995929790203,18.23203623808369,0.0,0.0,0.0,0.0,1.7058823529411764,1.7505835278426707,0.549692344366838,0.7329141289895629,-8.820390325082583,3.111111111111111,0.08962385228624756,1.0,20.493166666666003,,0.33709707856178284
ID9998_IZDA,30.0,1.4067189063021464,0.6940214559386748,0.7997333333333074,0.4202885578045295,1.1873226111636703,8.299067727917228,8.244380058914583,3.4253283665025394,0.3471327662108636,-1.8401733866615047,-0.32921503507201877,1.240909090909091,0.5534420289855072,1.0601619140530574,1.085381020057927,1.5243769444223125,0.1931504195125875,-0.6405753945092373,-0.08308217627182746,1.124268998189104,0.7979890016545358,1.3078541272317956,0.24769221317873816,30.614057389460125,0.0,0.0,0.0,0.0,1.4166666666666667,1.2504168056019078,0.7472706131180329,0.5721055651566491,-10.194322163683422,3.2666666666666666,0.20771890721861394,1.0,21.32622222222153,,0.2901589274406433
ID9999_DCHA,89.0,3.0685105311970475,0.32656704545455084,0.29970000000000496,0.3292946467805954,0.5083049632239878,5.949635940081628,6.196080385675595,3.3912079487003393,0.3238086851298246,-0.9760430487988954,-0.4389146084961796,1.0,0.5,0.5914229422032962,0.5656489023055631,1.215036195667311,0.32913306478550997,-0.8860047530980748,-0.39960978630129973,1.0326027899813908,0.40264166467516954,0.8814980505264458,0.2900751083231496,22.440030335829,3.0,0.03409090909090909,0.0,0.0,2.7777777777777777,3.5035035035034454,0.6585099566674076,0.6446718711484268,-6.580979540833971,2.2134831460674156,0.24346674847446353,1.0,29.00430000000048,,0.28822800517082214
ID9999_IZDA,53.0,2.0616471393673126,0.48413076923077725,0.4662000000000077,0.28181743884837623,0.10805160638679011,4.169563333540379,4.02410978204086,1.9950832497878037,0.20969197407218312,-0.33626084781966836,-0.1341587731644046,0.8,0.4444444444444444,0.4755905879918623,0.4649236060091549,0.7127636860715333,0.1883825282677813,-0.21930370322230916,-0.08836232131207122,0.45016131365926004,0.9696082857511811,0.5544070623734519,0.07881647438158969,11.994358708247058,1.0,0.019230769230769232,0.0,0.0,2.142857142857143,2.002002002001969,0.5046014119853074,0.7659679519665199,-8.38748706000678,2.9245283018867925,0.19703972241612622,1.0,25.707600000000426,,0.30363813042640686
ID999_DCHA,23.0,1.1933009124428573,0.832222222222212,0.8155777777777677,0.17477257950106095,1.2196499153020919,9.586392202135432,10.619892353545533,3.526945884165293,0.16312026003994656,-1.00710722791225,-0.14214033422558547,1.1111111111111112,0.5263157894736842,1.4014049478798198,1.4264056289296276,1.583237494664726,0.08476624504416859,0.19990226425902766,0.05626021877541554,1.3104968069836036,1.0493907215358267,1.585216238537012,0.1838112906571924,47.00181347260226,0.0,0.0,0.0,0.0,1.6734693877551041,1.251668891855823,0.8441743268013306,0.48857469945393767,-8.650699552367076,3.347826086956522,0.1267671892278912,1.0,19.274266666666428,,0.30836614966392517
ID999_IZDA,30.0,1.5020026702269678,0.6761088122605371,0.6990666666666674,0.47807869614911175,1.671113267038563,11.406864828828622,14.225706409189877,5.022636930398179,0.20453231233595423,-0.4437673778629477,-0.14498676804929989,1.3333333333333335,0.57088122605364,1.3950784037310278,1.45813292416841,1.8429063083923516,0.21032358673298507,-0.5709703092674232,-0.10087612487706732,1.5886847879166097,0.8832947191564727,1.4953121080716796,0.10023370434065167,46.80407867829417,1.0,0.034482758620689655,0.0,0.0,2.2857142857142856,1.2516688918558063,0.5949187343271267,0.720206658859612,-11.269687158402483,3.7,0.18236568920677643,1.0,19.973333333333354,,0.30986595153808594
