ID,n_taps,tap_rate_hz,iti_mean_s,iti_median_s,iti_cv,iti_slope_pct,open_speed_mean,close_speed_mean,speed_mean,speed_cv,speed_slope_pct,speed_decrement,open_close_ratio,duty_cycle,amp_mean,amp_median,amp_max,amp_cv,amp_slope_pct,amp_decrement,amp_first5,amp_last5_ratio,peak_aperture_mean,min_aperture_mean,angle_amp_mean,n_hesitations,hesitation_rate,n_halts,halt_time_s,iti_max_over_median,dom_freq_hz,spectral_peak_ratio,spectral_entropy,sparc,vel_peaks_per_tap,wrist_rms_pl,coverage,active_duration_s,amp_mean_mm,mean_kp_score
CONTROL01_DCHA,31.0,1.5624859992293334,0.6369274074074336,0.5992000000000246,0.18341564025438128,-1.0557607562409685,13.023024081896764,18.185929608754034,5.7060285341021,0.06796572754769396,0.1290392360847429,0.015176418978230188,2.6,0.7222222222222222,1.8505857489159703,1.840153698364044,2.0560999838425857,0.0478343717974596,-0.019203376141431767,-0.016785046808656556,1.8120349386109205,1.0064824545814672,1.8865482568662513,0.03596250795028089,66.36423864306776,0.0,0.0,0.0,0.0,1.7777777777777777,1.752336448598059,0.7119757334865539,0.5535469164853339,-8.645671349583978,2.161290322580645,0.21689563695763361,1.0,19.840177777778592,,0.40697577595710754
CONTROL01_IZDA,22.0,1.1277835749144616,0.898799999999989,0.8987999999999889,0.16285069084287554,0.5098605098605121,8.921479071722707,12.403385175540476,3.1970663492794995,0.12282373327423111,-1.5080195327358863,-0.17765805487295538,1.95,0.6609195402298851,1.3677198148330876,1.3125911528126128,1.7371891145048797,0.122331568045205,-1.2552602316652344,-0.1622773809570326,1.5563415596762216,0.802971924735227,1.4389781468188871,0.07125833198579921,43.693002328142605,0.0,0.0,0.0,0.0,1.3703703703703722,1.251668891855823,0.8442014997099483,0.4552660299292755,-10.738311503281826,2.3181818181818183,0.23499592329891067,1.0,19.507288888888652,,0.46239060163497925
CONTROL02_DCHA,33.0,1.68305901926954,0.5992000000000246,0.5992000000000246,0.14366778378873057,0.9938090583251888,7.345137982129482,10.340192770338028,3.467717361590649,0.096394925682287,0.2244978828715617,0.08325967505661147,2.1666666666666665,0.6842105263157895,1.0556557902791572,1.064764310666352,1.138165496582398,0.05130432215043209,0.1919363754897372,0.05492537655291119,1.0477541804606907,1.0220895032315065,1.0886406258593493,0.032984835580192204,32.23089729212872,0.0,0.0,0.0,0.0,1.3333333333333333,1.5020026702269078,0.7180086695860807,0.5319023181531829,-7.965716555610876,2.0606060606060606,0.1449774028404453,1.0,19.60715555555636,,0.43243253231048584
CONTROL02_IZDA,31.0,1.5316474597709415,0.6580103703703624,0.6657777777777696,0.10258995733055715,0.12492801632692786,7.4560976564307495,10.615178888757207,3.2173681835478254,0.1087612458135614,-0.9629815669187178,-0.1948643770180566,3.0,0.75,1.0546839386688123,1.050656493608762,1.1876756887831161,0.05845003210648404,-0.38129109964183977,-0.09131268341945842,1.0918094700593381,0.9515444625895426,1.0702238229189183,0.015539884250105922,35.28096031674991,0.0,0.0,0.0,0.0,1.2,1.5020026702269877,0.8938308378677975,0.43166957391816674,-9.9519773967737,2.096774193548387,0.11991861436401755,1.0,20.239644444444195,,0.49258503317832947
CONTROL03_DCHA,28.0,1.4602803738317938,0.6892032921810616,0.6657777777777696,0.10335496834099671,-0.23590005700917682,9.89541640962932,12.283725403297145,3.9126217098426808,0.11034301612011112,-0.27459125666230716,-0.03868047561046295,2.0000000000000107,0.6666666666666679,1.3793119678044634,1.3753757703337448,1.5931949502872824,0.08780242146703365,-0.5288373324343137,-0.09965478727604948,1.424676960063248,0.9057287859024618,1.4963769615592095,0.11706499375474655,42.37595235034379,0.0,0.0,0.0,0.0,1.3,1.5020026702269877,0.8606312506260388,0.45140850560209705,-8.16247542901856,2.107142857142857,0.19525829055901428,1.0,19.174399999999764,,0.46094590425491333
CONTROL03_IZDA,28.0,1.4136495719783415,0.713861728395053,0.7323555555555465,0.1896684478520531,-0.5039002448328849,7.7900692887845695,8.404677667413178,2.731978108843365,0.13745946551961072,-1.051940052649914,-0.18233084087473028,1.5347222222222188,0.6049783549783545,0.9935359999439387,0.9552656856530455,1.4057024029239407,0.14621172531291712,-1.6586014111577465,-0.2679417471555654,1.1908785988241397,0.7089703190175453,1.0413175131847225,0.04778151324078398,33.69715285160403,0.0,0.0,0.0,0.0,1.4090909090909092,1.5020026702269877,0.7901930371947076,0.5040283423015988,-8.639888695394665,2.2142857142857144,0.1889716676582942,1.0,19.806888888888643,,0.4905645549297333
CONTROL04_DCHA,21.0,1.0783608914450167,0.9354177777777662,0.9154444444444332,0.11689727904382101,0.20335536349771052,10.393050108498791,13.703019901740756,3.2148632054265724,0.04714253814279386,-0.014704663863942265,-0.008247125810901035,1.888888888888906,0.6538461538461559,1.4610682886660822,1.4427334510301204,1.5780096154555727,0.055690635445803154,0.5519228200753165,0.07710129031383728,1.3878190381013495,1.094512505578562,1.5078598959722203,0.04679160730613857,49.12598754226359,0.0,0.0,0.0,0.0,1.2363636363636363,1.0013351134846584,0.830469674768406,0.44104892042797905,-11.056831078173392,2.0,0.09928243602761648,1.0,19.473999999999762,,0.49469122290611267
CONTROL04_IZDA,22.0,1.122039346179753,0.8845333333333224,0.8987999999999889,0.25087045440282574,0.08797653958944274,11.326853708748704,14.08766449548884,3.448828409419073,0.0758294141408951,-0.5591318349183613,-0.08091453377255298,1.725,0.632996632996633,1.4927908553787288,1.519381539677974,1.629711744272167,0.061916721833132606,-0.6172834519404155,-0.09267167784914565,1.5403824849959982,0.8720347921321366,1.592468650533007,0.09967779515427809,47.36539553966068,0.0,0.0,0.0,0.0,1.3333333333333333,1.0013351134846584,0.8317340695609371,0.4330235499225732,-10.113194010140216,2.0454545454545454,0.1006740697776727,1.0,19.607155555555316,,0.42838311195373535
CONTROL05_DCHA,21.0,1.0461710140883933,0.9437400000000388,0.9320888888889272,0.1692662342156045,0.10873745209584537,11.899811921316347,12.25131092310527,3.0758129452225793,0.12348230008864006,1.3996570257840069,0.2539417682762808,1.3636363636363635,0.5769230769230769,1.5039429326976002,1.546681282598577,1.6786985548663376,0.08921079096586823,0.7565442045101419,0.10157516149343526,1.3336786115788382,1.1656144141868319,1.6059059751422888,0.10196304244468851,48.28626973678253,0.0,0.0,0.0,0.0,1.3214285714285714,1.0013351134846051,0.7302965453405754,0.502570465532535,-10.335008480752974,2.142857142857143,0.0825734190629255,1.0,20.073200000000824,,0.5354923605918884
CONTROL05_IZDA,19.0,0.9810164707501551,1.0316111111111788,1.0648888888889587,0.21262064444392675,0.20639834881321187,11.15340730317884,12.551008316162473,2.9053697173383357,0.1142492659686695,-0.9889674321317353,-0.13765610413204799,1.75,0.6363636363636364,1.499128694697596,1.5312711429583181,1.6729311343290123,0.08038179839414256,-0.8142179741274815,-0.10231268447251518,1.54652948877637,0.8785370848619738,1.6718954764377543,0.17276678174015853,56.22470895300298,0.0,0.0,1.0,0.5324444444444794,1.34375,1.0016694490817373,0.7103925678220232,0.502873563741372,-10.646744718030511,2.0,0.10479887057373008,1.0,19.367666666667937,,0.5072140693664551
CONTROL06_DCHA,46.0,2.280268080212467,0.44015308641977113,0.4327555555555733,0.08861463076614498,0.39259972763809153,15.386308255331889,16.867375455740042,7.463279301202754,0.07824072737235298,-0.4938289116442082,-0.1452411663117681,1.4,0.5833333333333334,1.7586408888001894,1.7802639885560727,1.9664373834113997,0.06744777300985526,-0.38575738450600594,-0.1098423544186875,1.9005315661203785,0.8424803149380458,1.8747150301459072,0.11607414134571732,60.714076868495624,0.0,0.0,0.0,0.0,1.1538461538461537,2.2530040053403617,0.9072690859323925,0.43511732468897185,-6.230579345744564,2.0217391304347827,0.11474412112264833,1.0,20.173066666667495,,0.43898606300354004
CONTROL06_IZDA,33.0,1.6549612059262304,0.6085624999999926,0.5991999999999926,0.055100039183884696,0.38599393438103335,15.03244276954936,16.498952800991912,5.815483725032738,0.09854578372607477,-0.8992487032909052,-0.17665639209002726,2.0,0.6666666666666666,1.7515514550618987,1.7502519937866248,1.8888756102587796,0.04575543833661846,-0.3031563191353868,-0.06236349817348352,1.835809449559936,0.9067497377534659,1.871919384361242,0.12036792929934337,51.67932667004774,0.0,0.0,0.0,0.0,1.1666666666666696,1.7523364485981523,0.8965607502240857,0.3988259288017011,-7.666150914210308,2.121212121212121,0.1844162090294321,1.0,19.940044444444197,,0.4486013352870941
CONTROL07_DCHA,29.0,1.4666019338917498,0.6895555555555103,0.6990666666666208,0.08446516354424752,0.36992997753996526,13.60470822911242,16.37278316500744,5.102484518512151,0.0414660002150387,-0.18857816745787548,-0.0408324246895162,2.8,0.7368421052631579,1.775407936359448,1.7870504910180165,1.871722514861083,0.041423517218996814,0.3299699548317137,0.06439139386252424,1.6865302561521371,1.0692695703134225,1.860993188135954,0.0855852517765061,57.96311782052439,0.0,0.0,0.0,0.0,1.1904761904761905,1.502002670227068,0.9237394939582735,0.37911847320183434,-9.657077973260462,2.0,0.11937010087289969,1.0,19.7735999999987,,0.4609718918800354
CONTROL07_IZDA,28.0,1.4112776767232689,0.7150946502057907,0.6990666666666954,0.042722454115047825,-0.13925729442970924,11.772796358987462,12.879202389294262,4.095722472565262,0.07887402625998499,-0.532946037209865,-0.10454679940919953,1.6,0.6153846153846154,1.4103288083567551,1.4131159566352072,1.5013838642237562,0.031917937843602924,-0.27731784424734846,-0.05283631290745516,1.4705235748183496,0.9229361142800997,1.520702977042209,0.1103741686854537,45.454869270233495,0.0,0.0,0.0,0.0,1.1428571428571428,1.5020026702269078,0.9106398489231753,0.36079729879423733,-8.242059860714487,2.107142857142857,0.11827282927581681,1.0,19.840177777778592,,0.5000041127204895
CONTROL08_DCHA,28.0,1.3972117862577376,0.7212592592592119,0.7323555555555075,0.13874614624070442,-0.25359256128486757,9.957674212370536,14.752973132949261,4.510868883545501,0.07280417540466542,-0.28588634173615235,-0.0424217470858641,3.0,0.75,1.629536425487572,1.6506225315769392,1.829150195670192,0.07256647800543249,-0.13283707100182315,-0.0104658805877762,1.7512027060154423,0.9253244766430948,1.718689973752993,0.08915354826542102,57.27327707818301,0.0,0.0,0.0,0.0,1.4545454545454546,1.25166889185589,0.745832613243209,0.537317102326131,-10.263875571540076,2.0714285714285716,0.09231902437341834,1.0,20.039911111109795,,0.4616073668003082
CONTROL08_IZDA,28.0,1.512808444832897,0.6620790123456884,0.6657777777777873,0.12416821659716683,0.7213456934127325,7.6895981298420475,11.561200711503657,3.768717700371703,0.12075796881434038,-0.923022865956452,-0.1704936546235316,2.6,0.7222222222222222,1.2949297834832936,1.295886095607211,1.5621032075526025,0.10344577235972854,-0.08026032657606923,-0.017013226489731137,1.3180218374803132,1.0674264616971245,1.3917663353559344,0.09683655187264106,43.810814760534974,0.0,0.0,0.0,0.0,1.4,1.5020026702269478,0.8226316914744913,0.5003135780273544,-7.752818145673008,2.142857142857143,0.07387340129876324,1.0,18.50862222222249,,0.4878478944301605
CONTROL09_DCHA,26.0,1.3328351339898186,0.7549919999999908,0.765644444444435,0.12390947492240095,-0.16619183285849787,7.186537058463122,9.53952720667671,2.8417477894133136,0.1930346693400452,-2.2098467549589995,-0.32886191986598623,1.6527777777777823,0.6225296442687753,1.080453459665316,1.0780138133090986,1.4490319216490917,0.23504331495925807,-2.9604510907732373,-0.4020141172806976,1.3823361444276951,0.5370392368080205,1.1859944737923727,0.1055410141270568,31.82008335973761,0.0,0.0,0.0,0.0,1.173913043478261,1.251668891855823,0.9002748036876254,0.3932704142217439,-7.977052965595217,2.076923076923077,0.22837592384547492,1.0,19.50728888888865,,0.5316415429115295
CONTROL09_IZDA,26.0,1.3148844924545846,0.7616497777777786,0.7656444444444457,0.097589410747922,0.09413663259817028,7.696352472053025,10.289664613538598,3.5788348955194373,0.12144734964863681,-1.3759844314444116,-0.2185164454830829,1.6124999999999992,0.6172161172161171,1.409664101903201,1.3724800559045078,1.5763515686773968,0.0739471972256604,-0.8810022226399269,-0.1529179011127858,1.5409544224089573,0.8426819987162886,1.4811165562071902,0.07145245430398905,41.26676556708209,0.0,0.0,0.0,0.0,1.1739130434782585,1.2516688918558063,0.8976617169936408,0.40324476848942165,-7.1475678306416395,2.0,0.1066623367869401,1.0,19.77360000000002,,0.48713383078575134
CONTROL1000_DCHA,24.0,1.2076403378709448,0.830774879227043,0.832222222222212,0.1600513460328341,0.14254038644282482,8.586811190571053,11.549759049793131,3.2530787071304488,0.09555409202038567,-1.0712300239513077,-0.16697208207962733,1.6777777777777731,0.6257763975155273,1.3659277642384133,1.3855519862442112,1.4713546679818377,0.056265146303590995,-0.5662771997763689,-0.09600517243350859,1.4363025924151542,0.8985321832647193,1.4069828180161519,0.0410550537777382,43.076896363341326,0.0,0.0,0.0,0.0,1.52,1.251668891855823,0.8786608122896362,0.4308294495378141,-9.969425480434186,2.125,0.1964328746658503,1.0,19.873466666666424,,0.4460586905479431
CONTROL1000_IZDA,24.0,1.2282134271021363,0.8076173913043379,0.7989333333333235,0.1054153488878333,0.13033561420658238,8.181743483114975,7.229407244064489,2.496508790719208,0.11371489009237444,-0.3634451645848815,-0.04439691817651903,0.6990950226244343,0.4114420062695925,1.0306428209090348,1.0339096648761568,1.1574659040508233,0.05748278161464087,-0.0524554106850449,-0.012029110121963504,1.0220091265464493,0.9897485518294149,1.0612451052048109,0.030602284295776133,33.48847180923363,0.0,0.0,0.0,0.0,1.25,1.251668891855823,0.8778020073756467,0.4352370710023091,-8.767310594333328,2.375,0.12298251952394772,1.0,19.54057777777754,,0.4757847487926483
CONTROL1001_DCHA,34.0,1.7252733374227993,0.5820511784512024,0.5992000000000246,0.09245739111507204,0.1490977673565097,8.896444113455372,9.594170588331668,3.9560887558543536,0.09517540322600557,-0.5093461993465808,-0.13081860372216592,1.2361111111111112,0.5527777777777778,1.2014403137815401,1.198416907612842,1.3501594790081186,0.06813768672888047,-0.1847140861439845,-0.062072607745926045,1.2841375916713165,0.9439406367524309,1.288874017148134,0.08743370336659442,36.083748941000614,0.0,0.0,0.0,0.0,1.1666666666666667,1.752336448598059,0.9282458414958544,0.3970642338563342,-7.208423902067446,2.1176470588235294,0.15361240991050812,1.0,19.70702222222303,,0.4844760298728943
CONTROL1001_IZDA,35.0,1.7298567788419084,0.5745310457516409,0.5657222222222291,0.06484792610110512,0.29823668665236125,10.15418915707714,11.154938426135361,4.491984372036356,0.14984068232164952,-1.1764565469177108,-0.24734839744174852,1.1666666666666667,0.5384615384615384,1.335952604965455,1.3651943722655577,1.5898207386409624,0.12810526691239696,-0.7945281546418203,-0.19552106834620242,1.3812833255289625,0.7818114800909701,1.4188192731716904,0.08286666820623531,18.607062332309354,0.0,0.0,0.0,0.0,1.1764705882352942,1.7529215358931338,0.8936013013608176,0.4269919879814676,-6.204901989313132,2.2,0.2192149101552244,1.0,20.232888888889136,,0.5326040983200073
CONTROL1002_DCHA,38.0,1.8962159956353999,0.5281237237237173,0.4993333333333272,0.16525579983342764,-0.5065901551152135,6.058004543578844,7.429204962993786,2.769445361760626,0.11423202095993976,-0.7620577782448593,-0.1820488279936442,1.9,0.6547619047619048,0.747468989940836,0.7404174220000155,0.912111795945634,0.12888673402853185,-0.9315944956645689,-0.20675059282359598,0.8808537356054685,0.736396696146013,0.8173392193149575,0.06987022937412127,24.43185655011506,0.0,0.0,0.0,0.0,1.7999999999999965,2.002670226969317,0.6990687689818389,0.5764451786094253,-8.418634488131522,2.0526315789473686,0.12478061552829427,1.0,20.039911111110865,,0.5267629623413086
CONTROL1002_IZDA,47.0,2.33369009919565,0.4320318840579657,0.39946666666666175,0.2423259409996851,0.9518039369423947,7.115352476631789,8.425889746802575,3.862827227736156,0.17446469503173334,-1.0613315353032977,-0.2839152063387327,1.4,0.5833333333333334,0.8546020913747536,0.8689250606982483,1.1811291166185753,0.17925798090521308,-0.7933368709409258,-0.2152914171377477,1.0500028347102304,0.7612555215217132,0.9242764783023226,0.0696743869275687,28.534840616137835,1.0,0.021739130434782608,0.0,0.0,2.25,2.503337783711646,0.5966135588186521,0.6784027841075544,-6.801850410164273,2.0425531914893615,0.12007384454676126,1.0,20.13977777777753,,0.5944476127624512
CONTROL101_DCHA,54.0,2.635800681403286,0.37962452830188703,0.36703333333333354,0.08403886871854033,0.007087071763690036,11.243712384662373,12.625105796203602,6.074066160090003,0.06627509516249043,-0.15671404113914794,-0.05662383121471737,1.4000000000000004,0.5833333333333334,1.2769990298821752,1.2876525796435871,1.5129666520984946,0.11272253271650062,-0.4130265775727768,-0.1447630494332518,1.4539813977034952,0.7872093017104841,1.3505399022037332,0.07354087232155761,39.03662095497307,0.0,0.0,0.0,0.0,1.2727272727272734,2.770338904792685,0.802187106330982,0.4972439562865309,-7.986285541862305,1.9814814814814814,0.21461784299013015,1.0,20.487133333333343,,0.5045726895332336
CONTROL101_IZDA,48.0,2.4300024300024248,0.41033900709219945,0.4004000000000012,0.09623483726763582,0.08556491650368606,12.187590206686755,13.999505408162664,6.491432048671157,0.13056167865065993,-0.5791570447602146,-0.1636453495300655,1.3999999999999924,0.583333333333332,1.457507390350645,1.5338075240988513,1.7879063249374576,0.15544127629334317,-0.7618320308954354,-0.20312919504592375,1.6790541793061506,0.6373851294216458,1.529623030170421,0.07211563981977621,45.301350854410494,0.0,0.0,0.0,0.0,1.2499999999999978,2.5184899134478913,0.7812780053091556,0.4981061925333598,-6.1625015872075295,2.0,0.23125653579807717,1.0,19.753066666666708,,0.5136370658874512
CONTROL102_DCHA,29.0,1.503686624793887,0.6685250000000019,0.6673333333333353,0.054154928809138164,-0.023220712875884557,13.915266983689559,14.379469825517075,5.011405991357377,0.04420855737339646,-0.16968373192558825,-0.04968635821935763,1.0,0.5,1.709177843588919,1.71087996285166,1.8411506905167128,0.04383610419927181,0.2656521059872586,0.05616193205917619,1.7000960131916496,1.027298660479903,1.7426985938837163,0.03352075029479736,53.26566947111833,0.0,0.0,0.0,0.0,1.1499999999999986,1.5110939480687333,0.9339141054372704,0.37014782457804657,-8.977633810261135,2.0,0.3398644348209919,1.0,19.28593333333339,,0.5217891335487366
CONTROL102_IZDA,22.0,1.1466794075489692,0.8897777777777807,0.8675333333333359,0.08914274267391967,-0.28246753246752976,13.446037640353655,14.558868585137306,3.7612009104868096,0.041058492298706936,0.2786430134616092,0.045706733578305014,1.0,0.5,1.6300066399871211,1.6217987399182405,1.7408666388758294,0.03457430546797756,0.2535763843509189,0.03927664151279009,1.5748968226653302,1.0293627716043363,1.6341378826215056,0.004131242634384782,56.12347957365023,0.0,0.0,0.0,0.0,1.2307692307692328,1.0073959653791555,0.9032882552192605,0.3727661463621589,-9.179218408875101,2.0,0.14404676965915283,1.0,19.18583333333339,,0.5321434736251831
CONTROL103_DCHA,44.0,2.2147651006711486,0.4550387596899209,0.43333333333333357,0.10932137108779862,-0.09070997145954551,17.110409524259765,19.22707240797926,8.051278049591618,0.05999184301282941,-0.30055504662804006,-0.09352686963898482,1.4000000000000128,0.5833333333333356,1.942907506078962,1.9288694604532215,2.102392153743812,0.03597052713819217,-0.17932389198178866,-0.058367156203013026,1.9920309860259469,0.9514969770412401,1.9603382962431413,0.01743079016417988,77.4894697163333,0.0,0.0,0.0,0.0,1.538461538461532,2.250000000000008,0.9038262998113932,0.4250275866500414,-6.794034262408661,2.0,0.08031683414770636,1.0,19.866666666666596,,0.5070558190345764
CONTROL103_IZDA,43.0,2.2513089005235685,0.44365079365079213,0.4333333333333318,0.0811344577491847,0.30379993445065023,16.110814761156558,16.816411389836684,7.520349497957912,0.04798518456142514,-0.018109816855723018,-0.011222713131705753,1.3333333333333333,0.5714285714285714,1.7954735119510343,1.7623335095590458,2.005702417264625,0.05104547889462726,-0.06912407757656412,-0.024315417131566597,1.717068672097152,1.020496642637889,1.8278070563414985,0.03233354439046402,70.31203042806578,0.0,0.0,0.0,0.0,1.2307692307692308,2.250000000000008,0.9557453444904188,0.354358267326846,-5.155062037502175,2.0,0.12289893956365176,1.0,19.09999999999993,,0.5447640419006348
CONTROL104_DCHA,14.0,0.6572728809208853,1.515969230769341,1.559355555555669,0.10134624204237314,-0.49302549302549314,11.079909819840276,9.829627191837195,3.4565056553848144,0.7796286146801455,9.839524803133452,1.238968789439197,0.9782608695652174,0.49444444444444446,1.5986651589132326,1.53616471683184,3.4764670958035775,0.35642250285373894,5.248664886446506,0.5828734564130433,1.336353955926645,1.4283807108974642,1.6648880908705341,0.06622293195730154,47.983976477378356,0.0,0.0,3.0,2.0238444444445918,1.127659574468085,0.7535164099128722,0.9360081399714891,0.3442309863757603,-15.86759271824046,2.4285714285714284,0.18053796714514203,1.0,21.300133333334884,,0.4646649658679962
CONTROL104_IZDA,12.0,0.6006092847521697,1.689616161616243,1.692633333333415,0.10543278156518221,0.9107142857142863,7.517422772760489,7.408295853194119,1.6488210288228968,0.12753981353695557,-2.651726484112165,-0.2100875432244974,1.410294117647059,0.5848530901722391,1.351600037811602,1.339400393120493,1.472347683791418,0.04624223760903683,-0.9704279568545837,-0.07814288767298105,1.4150524556637376,0.9229524626894966,1.41190799429472,0.06030795648311846,47.44951757394397,0.0,0.0,11.0,6.239511111111412,1.1568627450980393,0.5021760964177863,0.9164575416997631,0.3163236911811752,-10.046859289886237,2.0833333333333335,0.0782596149414085,1.0,19.979711111112074,,0.4812712073326111
CONTROL105_DCHA,47.0,2.2912522912522535,0.4386913043478334,0.43290000000000717,0.09404492969488452,0.5758022610771716,11.726796964207868,14.929362218094338,6.551133985751859,0.1251116245283967,-0.8421346621216206,-0.23335093582652655,1.8,0.6428571428571429,1.5330274157939412,1.5092170314889328,1.8644072217108991,0.10738096128697269,-0.7175287140443267,-0.20627068106910618,1.755040636514137,0.7344730613491001,1.6009610631413735,0.06793364734743237,53.058291652737516,0.0,0.0,0.0,0.0,1.2307692307692308,2.252252252252215,0.8510165115531438,0.47727373792075234,-5.861301982355766,2.0,0.15447991213474807,1.0,20.51280000000034,,0.48631662130355835
CONTROL105_IZDA,42.0,2.060884413825556,0.48650487804878856,0.4662000000000077,0.08928041373703463,0.5306463152873835,7.548732214063452,11.246148626419094,4.413601735975617,0.17516417714781854,-1.2909850802735996,-0.29705402313549145,2.1,0.6770833333333333,1.1430511233574212,1.1383353222754282,1.4863778789720379,0.15360819717357885,-0.932498641347199,-0.21615963165925367,1.3248145060639758,0.7013867023383873,1.2051217289328977,0.062070605575476376,37.09136687568336,0.0,0.0,0.0,0.0,1.2142857142857142,2.002002002001969,0.8228184136937658,0.5064517829778407,-6.993313998244312,2.0,0.34341060857996253,1.0,20.379600000000337,,0.513374388217926
CONTROL106_DCHA,43.0,2.1350781758598254,0.4707999999999997,0.46604444444444404,0.1129327261363532,0.04125199814366214,13.360269991808698,15.533762768872553,6.598310311826957,0.15285077162283275,-1.0574613978452392,-0.26949088382237807,1.5000000000000004,0.6000000000000001,1.5415244862923134,1.550622175627204,1.9078720789396384,0.10394806553577084,-0.7167510882209862,-0.19036746052353504,1.754590093404237,0.7231989808887554,1.633624048968053,0.09209956267573928,53.89616309095579,0.0,0.0,0.0,0.0,1.571428571428572,2.2530040053404554,0.8360893990757278,0.4899914186777662,-7.3330691416959795,2.0930232558139537,0.1816636023980899,1.0,20.139777777777766,,0.509963870048523
CONTROL106_IZDA,46.0,2.1423914055950584,0.4682637037037035,0.46604444444444404,0.050602266597304504,0.07493022123148001,12.233013381684017,15.697429716568152,6.542970677229729,0.07398429866793971,-0.17809082213997832,-0.078712520915172,1.7999999999999954,0.6428571428571422,1.6264061605313946,1.6450234203147223,1.821598487886443,0.0671957972850891,-0.2921688824370202,-0.10541759585783561,1.7067541153826231,0.9251151347850944,1.8000213963487652,0.17361523581737048,52.86327942280058,0.0,0.0,0.0,0.0,1.142857142857145,2.2530040053404554,0.9126312944780123,0.37680811201941333,-7.44854285712238,2.0,0.20131583508185352,1.0,21.47133333333332,,0.5038918256759644
CONTROL107_DCHA,46.0,2.203895465085851,0.4416325925925872,0.43275555555555023,0.09320219593463004,-0.27807019286154017,13.239059183454545,15.69639021032276,6.83293903549421,0.1041041661575672,-0.48036273382261907,-0.124989965680532,1.6,0.6153846153846154,1.6462814474719303,1.6532974077942186,1.8985784782705002,0.08391817992352658,-0.3656270868408073,-0.09490284193710108,1.7767901148541114,0.8121394154785148,1.7929979116006571,0.14671646412872705,52.22632858219753,0.0,0.0,0.0,0.0,1.3076923076923077,2.2530040053404816,0.8764674181890338,0.45383851109178974,-5.970751671336616,2.0434782608695654,0.08928564247477855,1.0,20.87213333333308,,0.46409380435943604
CONTROL107_IZDA,49.0,2.240430162591217,0.4431583333333334,0.43275555555555556,0.19883428193234842,0.2613451733705146,11.840458976052876,14.638708495655768,6.606270272764753,0.1124145684735604,-0.20077276390061533,-0.07195882269916998,1.4000000000000064,0.5833333333333345,1.5471854553405877,1.5695212469466557,1.695630882380212,0.0654314307931973,-0.07686091984720565,-0.0354343952529661,1.5385834257257478,0.9895843405500373,1.645329917982333,0.09814446264174535,52.28327554611639,1.0,0.020833333333333332,0.0,0.0,2.230769230769232,2.2530040053404536,0.8630943913023862,0.4672243682106669,-6.643844826630309,2.0816326530612246,0.48632539114903955,1.0,21.870800000000006,,0.4536372721195221
CONTROL108_DCHA,30.0,1.5025041736227096,0.665517241379308,0.6666666666666643,0.07723896295336084,0.3750308413520853,10.12335164317718,16.000219277463707,4.868495887146087,0.09055513781656638,-0.7318318620751587,-0.133759275495272,3.0,0.75,1.6755739601579556,1.6907210854749986,1.8156525412703235,0.059263323515681456,-0.38679202217043135,-0.07770624565024509,1.6602508603429456,0.92168033177489,1.67389308522948,-0.001680874928475795,55.773673192321716,0.0,0.0,0.0,0.0,1.2,1.5000000000000053,0.8958381516896765,0.41492584890079504,-7.7045105780290335,2.0,0.3754819314405269,1.0,19.966666666666598,,0.522933840751648
CONTROL108_IZDA,27.0,1.327868852459021,0.7487179487179461,0.7333333333333307,0.17119862671164385,0.5388127853881287,7.1376144950198785,8.469477637168639,2.9082425264384084,0.2352836101872436,-2.4450331942669687,-0.3550778158597785,1.8571428571428572,0.65,1.088408636989074,1.0340999821878447,1.455606059592879,0.13030118705780816,-1.0395939797917573,-0.1753187403463632,1.2890781665206243,0.821351959458778,1.161382975546949,0.07297433855787493,38.36002690798643,0.0,0.0,0.0,0.0,1.5909090909090908,1.5000000000000053,0.8539012907290164,0.46493408365157346,-7.681386119147414,2.185185185185185,0.31716350000159965,1.0,20.333333333333265,,0.5279014706611633
CONTROL109_DCHA,35.0,1.718494271685767,0.5852941176470567,0.5666666666666655,0.10168207846416223,0.30890382649176784,6.985056234242849,9.243030342187703,3.052094737923909,0.1275955493860485,-1.0826673052667888,-0.2165941515154769,2.4,0.7058823529411765,0.9212749071707662,0.910971616314009,1.1501638906700862,0.10909722517434589,-0.9150238120016112,-0.18502255257833555,1.0984620373537677,0.7153061075584765,0.9841866317269727,0.06291172455620664,29.701395693797757,0.0,0.0,0.0,0.0,1.352941176470586,1.7500000000000062,0.9174754240630346,0.3922339468622825,-7.828451875298018,2.1142857142857143,0.08640974205606314,1.0,20.366666666666596,,0.536544919013977
CONTROL109_IZDA,33.0,1.6638655462184933,0.5979166666666645,0.5999999999999979,0.20949432077431934,0.24114359283517692,8.486999243511457,10.689357475977937,3.5730030303326474,0.18977930623753947,1.1765182726573675,0.344167583672885,2.1999999999999766,0.6874999999999977,1.0866839948722216,1.1090667937328689,1.3780938897924502,0.18535249316312416,1.2836263529643308,0.3702673480426524,0.9934250566808963,1.228309750211337,1.1572204704574374,0.07053647558521571,35.246356339224896,0.0,0.0,0.0,0.0,1.9444444444444444,1.7500000000000062,0.8304604147544926,0.5004430343899364,-8.247367937757819,2.1818181818181817,0.14530501199341808,1.0,19.833333333333265,,0.46154576539993286
CONTROL10_DCHA,19.0,1.015588994103603,0.9857209876543614,0.9986666666667077,0.08434434068663797,-0.4983765007928699,10.763141365302271,10.669317746705678,2.6161868805536095,0.10397173421131078,-0.5603464367901475,-0.052474246853702056,0.8823529411764706,0.46875,1.2786895156263949,1.2497057295069371,1.4949997896018152,0.06580380513349536,-0.8223258538158662,-0.08465393437812196,1.373319703580092,0.9009936634961853,1.3804348830701965,0.10174536744380168,39.65326221041445,0.0,0.0,0.0,0.0,1.1333333333333333,1.0013351134846051,0.8616515191655385,0.4411187974928955,-12.232230131254326,2.0,0.10526132310459914,1.0,18.708355555556324,,0.5324863195419312
CONTROL10_IZDA,19.0,1.0084116867248192,1.0060641975308653,0.9653777777777783,0.22101674066454613,-0.034146785649243935,7.0374510725467525,9.240892478008707,1.965983635619952,0.12361283725547909,-0.41217011697049827,-0.05977007408017687,3.6000000000000147,0.7826086956521746,0.9484173621794759,0.9406794314937418,1.1761121579258391,0.12292618768857408,-1.0023297412602559,-0.1236066761497332,0.9407791802804448,0.8792594705757956,1.0740826872862943,0.1256653251068184,29.206466448467715,0.0,0.0,0.0,0.0,1.6206896551724146,1.001335113484645,0.8662659219289219,0.4377837234667397,-11.8202263212234,2.1052631578947367,0.2248815833119419,1.0,18.84151111111113,,0.5209425687789917
CONTROL110_DCHA,24.0,1.224898095283469,0.8084260869565171,0.7997333333333287,0.15288744631714082,0.37064190289996635,9.313672187610308,9.773382444533608,3.0111987957217585,0.1282748040063487,-1.1721487218060156,-0.14878111010816397,1.7388888888888876,0.6348148148148147,1.2482213657473575,1.2477739711425069,1.4865330316961811,0.0690495938282421,-0.5300092317332005,-0.07287440399491363,1.3243057973897916,0.9038040117528905,1.3243887690903746,0.0761674033430171,41.917573908939126,0.0,0.0,0.0,0.0,1.25,1.2504168056018745,0.8472759769910322,0.4456071542969027,-8.577078565883372,2.0833333333333335,0.22765137945268835,1.0,19.593466666666554,,0.568429172039032
CONTROL110_IZDA,21.0,1.0433941556677895,0.9596799999999945,0.9496833333333274,0.1356390623932262,0.647451963241433,9.267178128835477,9.709201149276396,2.453110408599861,0.1119509063728823,-1.6379813209842762,-0.20729085698938343,1.7777777777777777,0.64,1.150018157209077,1.1414090845701519,1.489239738699902,0.12247332040454212,-1.7958074759186087,-0.2196387666693046,1.2985134142431727,0.7572836350697242,1.2150163603262474,0.06499820311716994,35.31136841749743,0.0,0.0,1.0,0.5331555555555525,1.333333333333334,1.0003334444814995,0.8272166605746829,0.4666970342957902,-10.067915002156184,2.142857142857143,0.15595128895033283,1.0,20.126622222222103,,0.5759248733520508
CONTROL11_DCHA,20.0,1.0430574098798386,0.9653777777777789,0.9320888888888916,0.12950680780334878,0.33877797943133403,7.3102037833574105,9.470130488721768,2.1204232834724457,0.0695851148248252,-0.16892492024908654,-0.024511789951356167,2.687500000000001,0.7287356321839081,1.0026597948736073,1.0066226913890133,1.0857905589992012,0.05399352781235797,-0.03644196346381608,-0.011798851397849974,0.9833223372674136,1.0121180894458335,1.0445767082238502,0.041916913350243015,32.53819686606339,0.0,0.0,0.0,0.0,1.3571428571428545,1.001335113484645,0.9019603767665845,0.399407214878697,-11.183555405202979,2.0,0.11238319309993111,1.0,19.17440000000002,,0.5086194276809692
CONTROL11_IZDA,22.0,1.1410374104675043,0.8879999999999674,0.8657999999999682,0.10500850305706516,0.24837662337662264,6.882357042565554,9.555432876833011,2.5222177623492814,0.1492101533654825,-2.0364162859571238,-0.27662805047377403,2.155555555555556,0.6830357142857143,1.0910158331873683,1.1149209324220999,1.1969484042252998,0.07176547246461444,-0.707691354749609,-0.0978990723232469,1.1403524151798468,0.8772995508906578,1.145459000492315,0.0544431673049464,36.24641550036549,0.0,0.0,0.0,0.0,1.1923076923076923,1.2512512512512972,0.8955267757674947,0.39646033365844724,-9.389238437413258,2.0,0.06329365821633505,1.0,19.28069999999929,,0.5476139783859253
CONTROL12_DCHA,33.0,1.6494538475038467,0.6044013888888815,0.5991999999999926,0.08500212203005682,-0.2109821775581571,7.9027299797437225,11.08870613230432,3.9211917732705537,0.06628892257287958,-0.4349324245879297,-0.09466951340798568,2.0,0.6666666666666666,1.2528201699246988,1.237549502310793,1.4266438974789486,0.059321825359491036,-0.46207345809436934,-0.09860789251752877,1.380106420127387,0.8788445733246952,1.3645375626323022,0.11171739270760321,40.079574372950034,0.0,0.0,0.0,0.0,1.3333333333333333,1.7523364485981523,0.8990051416564896,0.3985311682510786,-7.71514843919574,2.0,0.051143603653386396,1.0,20.006622222221978,,0.47615018486976624
CONTROL12_IZDA,35.0,1.7972681524083614,0.5531830065359409,0.5326222222222157,0.07725009855856706,0.010113780025285648,9.728781002909393,11.934022956170233,4.7140691332375155,0.11963268340603021,-1.0405501806770865,-0.21704425140921646,1.6666666666666667,0.625,1.391967331043527,1.3519369767153036,1.5883381842428996,0.07953691576225988,-0.6458700126863969,-0.13445341445249293,1.542711101692372,0.844460891630381,1.4769468351512665,0.08497950410773954,45.76328889106753,0.0,0.0,0.0,0.0,1.25,1.7523364485981523,0.8894261919180303,0.4250034835992252,-7.023835793378847,2.0285714285714285,0.13282653508539843,1.0,19.473999999999762,,0.5170763731002808
CONTROL13_DCHA,58.0,2.9233609017839925,0.3428171539961063,0.3328888888888937,0.15537149935905065,0.8194795276978195,9.19281081820166,11.073747292743445,5.84141346013095,0.1242202101346809,-0.6859372669957323,-0.24481311762658908,1.25,0.5555555555555556,1.1017451147963326,1.111308780487335,1.2601571210188258,0.07641923640521268,-0.24469293723726107,-0.09537379388178924,1.1706676516915882,0.7999531692196392,1.2161037931334002,0.11435867833706743,37.288249870262206,0.0,0.0,0.0,0.0,1.4,3.2543391188250532,0.5568683916615219,0.5771989659213814,-4.408894589002165,2.0,0.13454677383275526,1.0,19.84017777777806,,0.5330736041069031
CONTROL13_IZDA,53.0,2.6803414653882274,0.37514017094016633,0.3661777777777733,0.16520322607892088,0.7144128821597556,8.872677923546444,10.308403695168613,5.494900687768826,0.13523194352587842,-0.8032253877876998,-0.2459535345622047,1.1666666666666667,0.5384615384615384,1.1085620748159153,1.1006143522310146,1.362132361262452,0.11835771157531803,-0.4240373763557519,-0.13174358854436496,1.2238424568864967,0.7748093397843009,1.2127910654380984,0.10422899062218337,33.399899536411446,0.0,0.0,0.0,0.0,1.8181818181818181,3.0040053404539755,0.5502795092221324,0.5805591932507476,-5.479466378151035,2.018867924528302,0.1791631020512563,1.0,19.773599999999757,,0.5474277138710022
CONTROL14_DCHA,31.0,1.573043337062048,0.6324888888888811,0.6324888888888811,0.0891117550821071,-0.3278496575141998,14.4498967057775,13.612099208673447,5.576582218588766,0.16184923262121523,-1.4073224829787276,-0.25341114455246594,1.0833333333333333,0.52,1.8063157001995684,1.7660618989819303,2.191534920921353,0.11186249076865086,-0.9939762521663161,-0.1914065215019387,1.9851430555111498,0.8047203800433342,1.8766801527014207,0.07036445250185243,55.750568240870265,0.0,0.0,0.0,0.0,1.2105263157894737,1.5020026702269877,0.9323577049027396,0.3896961941556078,-7.255776851325832,2.129032258064516,0.16884454475936497,1.0,19.70702222222198,,0.4230932891368866
CONTROL14_IZDA,32.0,1.6128887733980863,0.6196028673835132,0.6324888888888895,0.08914954003197023,0.264298093587518,14.4832739624789,16.44092304059177,6.245149437329577,0.13881088819953621,-0.9363005062790666,-0.19169837331491502,1.3333333333333353,0.5714285714285718,1.99207681310613,2.026157216787883,2.1691866947826957,0.059541074054491445,-0.41346327860104226,-0.0831798445993609,2.0886017680988616,0.8990771810276091,2.0740560486483703,0.08197923554224051,61.44917227650248,0.0,0.0,0.0,0.0,1.1578947368421066,1.5020026702269678,0.9197888808116249,0.3498839883525884,-7.931213093791667,2.1875,0.10183830760569848,1.0,19.840177777777797,,0.4550970494747162
CONTROL15_DCHA,31.0,1.5469130490709841,0.644694814814807,0.5991999999999926,0.192039736359676,-1.4232681560502325,6.441818883390593,9.067424525337424,3.1132105898516453,0.05215827911126218,0.22690824231194742,0.04036145982162487,2.1666666666666665,0.6842105263157895,1.0348968126168054,1.0414394055951348,1.210703548408929,0.050362452438826914,-0.1779956527158088,-0.03206476811947645,1.0742346953417687,0.9452926148353963,1.2113478767954842,0.1764510641786791,32.86643239011716,0.0,0.0,0.0,0.0,2.0,1.5020026702269877,0.8040344597120034,0.5002606174936671,-6.520619358402476,1.967741935483871,0.09619218898483758,1.0,20.039911111110865,,0.4995579123497009
CONTROL15_IZDA,34.0,1.7136943217354663,0.5840686868686875,0.565911111111113,0.08884159688850904,-0.23811338006705224,9.812786056354586,11.104350832903496,4.041861406835493,0.10813073898958013,-0.5797054183954191,-0.14224253458852054,1.83333333333336,0.6470588235294151,1.2288008209936758,1.2374949834724962,1.3967163742645627,0.08012868740130921,-0.4556250801279447,-0.11433945683072466,1.26973257179475,0.9231352189720088,1.3782862780516234,0.14948545705794763,37.35465025545675,0.0,0.0,0.0,0.0,1.2352941176470582,1.752336448598129,0.9229864204888911,0.38406691111821706,-7.755815370255037,2.0294117647058822,0.09882774244429941,1.0,19.8401777777778,,0.43196114897727966
CONTROL16_DCHA,21.0,1.0783608914450025,0.9337533333333343,0.9154444444444456,0.11956254073250658,0.34578424671303576,8.7600351767173,8.912518315050077,2.419952457903887,0.08991775942431277,0.3235616176598915,0.043507783122058497,1.615384615384616,0.6176470588235295,1.0873484470452317,1.0905213609537658,1.1597372316322578,0.029152797783693632,-0.14701925570541316,-0.029589131974152805,1.0906749541289658,0.981934359339793,1.144561130933497,0.05721268388826537,36.00593293615655,0.0,0.0,0.0,0.0,1.272727272727273,1.001335113484645,0.8973574162347963,0.41108378179591715,-10.690670974011208,2.0,0.0878912810800938,1.0,19.47400000000002,,0.5158191323280334
CONTROL16_IZDA,21.0,1.0857850628146466,0.9187733333333588,0.9154444444444696,0.1272765802192053,-0.08717445788384565,9.137305872207802,8.860418425634185,2.6425082971213687,0.11556863421006955,-0.7272881256642226,-0.11073679277704696,1.0,0.5,1.232429226042868,1.2477167051591351,1.327376212411359,0.05181606159999058,0.11134797531963887,0.011686175154630885,1.1958638440302922,1.020978072028235,1.282614925432985,0.05018569939011658,42.9752707294824,0.0,0.0,0.0,0.0,1.2727272727272745,1.0013351134846185,0.9174891588068679,0.38045146110204664,-9.08243880102263,2.142857142857143,0.07461134833031881,1.0,19.34084444444498,,0.5263848900794983
CONTROL17_DCHA,31.0,1.5703906501530056,0.6258311111111035,0.5991999999999926,0.15007165935814776,-0.27217002343029023,11.19994005955473,14.772101379633526,4.638592431296562,0.10629058463610506,-1.1296299935095753,-0.21317123880564282,2.5999999999999615,0.7222222222222192,1.5208634628156206,1.5139788901915823,1.6344421317879818,0.04807478333154316,-0.5051619932673895,-0.09952164873228753,1.605964482732805,0.8855563544345694,1.5713063710498065,0.05044290823418597,53.80689430304859,0.0,0.0,0.0,0.0,1.6111111111111112,1.7523364485981523,0.7614482012113786,0.5293211726284939,-7.937133876871976,2.064516129032258,0.07426876536333765,1.0,19.74031111111087,,0.5073220133781433
CONTROL17_IZDA,32.0,1.5894259026752384,0.6322777777777854,0.6322777777777855,0.09452910632988129,0.5517826825127301,10.081385525599213,13.421831679197524,4.219595945723652,0.11224379376389662,-1.0951598024715552,-0.22527508553989284,2.8,0.7368421052631579,1.3743884743222547,1.3923220063089503,1.55543889086388,0.06346182536361322,-0.6070003283660358,-0.12636987819757528,1.4844063298071277,0.8395969259476715,1.4299467494372353,0.055558275114980495,44.623270542451706,0.0,0.0,0.0,0.0,1.263157894736842,1.502504173622686,0.8834212073652882,0.43136488069411316,-7.060280916525516,2.0625,0.1043049189918178,1.0,20.1330555555558,,0.5392827987670898
CONTROL18_DCHA,30.0,1.5197328872448441,0.6611862068965437,0.6657777777777696,0.09509072178909148,-0.022321428571428593,8.399657482233565,11.403841676429526,3.595367686323621,0.08458402770470087,-0.36097623967387943,-0.07718863085519734,2.8,0.7368421052631579,1.235720460371202,1.247169529099574,1.3815696341126529,0.06097990555475994,-0.3625603438280556,-0.07445265670946599,1.2558464389167932,0.9074599006502497,1.2740492468672007,0.038328786495998565,42.2667125240911,0.0,0.0,0.0,0.0,1.2,1.5020026702269877,0.8558369397232227,0.4462105798424798,-9.510248351414027,2.066666666666667,0.08206680617073404,1.0,19.74031111111087,,0.5458840131759644
CONTROL18_IZDA,37.0,1.849387647201258,0.5455679012345684,0.5326222222222228,0.12724287714659968,0.5716903344022017,7.875539257578198,10.493011835819122,3.78110683827923,0.05820118328680303,-0.4162834772531429,-0.09740939639014934,2.2000000000000033,0.6875000000000003,1.072438953795192,1.0670210225554215,1.2005441856598815,0.046992393521223585,-0.1727298064980478,-0.043341824053723776,1.0874365633304441,0.9368074557416344,1.1198784205493157,0.047439466754124054,37.37135651785837,0.0,0.0,0.0,0.0,1.3124999999999991,1.752336448598129,0.797747983132776,0.5398022902962493,-7.428111141335938,2.027027027027027,0.053587737279274544,1.0,20.006622222222244,,0.6189535856246948
CONTROL19_DCHA,40.0,2.0127338964514676,0.49762621082623126,0.49933333333335383,0.07566636363675053,-0.09072853660738592,11.282451024293906,14.821844351701419,5.610726514886496,0.10612356676685653,-0.676506242093142,-0.16595440426723618,2.2,0.6875,1.4774139425369985,1.527101597577873,1.6890472382637989,0.10703901673368892,-0.5656481712434327,-0.12790711943023536,1.5804914361585618,0.7737611664476333,1.5541529807513492,0.0767390382143504,45.06882381222765,0.0,0.0,0.0,0.0,1.1333333333333333,2.0026702269692103,0.9155017294221884,0.399181552949729,-8.61528913302092,2.075,0.1988345575592453,1.0,19.873466666667483,,0.433769553899765
CONTROL20_DCHA,44.0,2.1732258574364636,0.4631023255813783,0.46619999999998285,0.1359152225833854,0.13356209008382738,13.817821130930776,14.864627713399749,6.5811716929194395,0.11904851331476929,-0.722300440601756,-0.19870781347387867,1.2916666666666665,0.5634920634920635,1.6065196695761463,1.6219567650926499,1.8555223033613737,0.099921078692146,-0.5825146839649368,-0.1730080470209191,1.6645350917278112,0.828286597992783,1.761702289874711,0.155182620298565,51.56680407667637,0.0,0.0,0.0,0.0,1.4285714285714286,2.252252252252335,0.738400813653235,0.5488353122818265,-6.3238043143133815,1.9772727272727273,0.20404796280845916,1.0,20.246399999999255,,0.44812527298927307
CONTROL20_IZDA,41.0,2.09819793796615,0.47603111111110524,0.4993333333333272,0.1172241581415398,0.5077474120626096,12.041633399093023,14.111590394862624,6.25282273626683,0.12730668298375297,-0.8903979043517211,-0.20334177244726737,1.5,0.6,1.5772056800488312,1.5620761548604818,1.7964035429371181,0.07932817011264401,-0.534328686149204,-0.13000938036442378,1.7523661723027157,0.8215532747110216,1.7006261869046628,0.12342050685583128,48.968375597499524,0.0,0.0,0.0,0.0,1.1333333333333333,2.002670226969317,0.8584156461116689,0.45947226676657416,-6.023793043732628,2.0,0.1603451934453337,1.0,19.540577777777536,,0.4365885853767395
CONTROL21_DCHA,40.0,2.0127338964515746,0.491651282051276,0.4993333333333272,0.10338246479832933,0.22203947368420943,11.261100006669349,13.535952952756713,5.716571534462173,0.1025251873508196,-0.5907628737170563,-0.1536987625103705,1.7333333333333334,0.6339285714285714,1.49766352025331,1.468281584229526,1.7018822203762263,0.07570799663928551,-0.19610659029587885,-0.047924586742597475,1.6252863754477083,0.8963039013888995,1.6743578831470138,0.17669436289370372,52.455115751230075,0.0,0.0,0.0,0.0,1.2,2.002670226969317,0.8619747242551637,0.4733590712520711,-6.510284196762336,2.05,0.2254686822417188,1.0,19.873466666666424,,0.5261235237121582
CONTROL21_IZDA,47.0,2.3453197840753623,0.4298608695652121,0.43275555555555023,0.17303252737413613,0.015282852162285752,11.22233980785394,12.455287550438078,5.695791306719323,0.09879381980412985,-0.5059333414158735,-0.14312147271372222,1.6,0.6153846153846154,1.30653475434441,1.2891178907709886,1.5576161750398847,0.0814203983897687,-0.37300740234679264,-0.1098372450102828,1.38286770599418,0.8960130514979072,1.420878842783546,0.11434408843913638,46.85344396924229,0.0,0.0,0.0,0.0,1.3846153846153846,2.2530040053404816,0.7788746092585555,0.5459331353026312,-7.912553108628608,2.0638297872340425,0.12507593854173354,1.0,20.039911111110868,,0.5063343048095703
CONTROL22_DCHA,29.0,1.4641370566918535,0.6847999999999915,0.6824222222222129,0.06288461901484331,0.015964240102171217,10.459797476524558,11.304870965583364,4.253120876401092,0.08714816201250646,-0.776419430901113,-0.1290027204858748,1.0000000000000098,0.5000000000000024,1.5043611021204937,1.4973427761370237,1.6079214755336493,0.02944358218976265,-0.15414260664428925,-0.024258630733690056,1.5275835418296144,0.9745975228142992,1.6598102811043607,0.155449178983867,49.36550412999485,0.0,0.0,0.0,0.0,1.1219512195121992,1.5020026702269877,0.9407266919186336,0.3588220874058141,-7.515373162289916,2.0,0.15514169052171786,1.0,19.806888888888647,,0.5194454193115234
CONTROL22_IZDA,31.0,1.5500043055674968,0.646698148148156,0.6322777777777855,0.08156084684712683,0.5506404104427042,10.289200380199917,10.291589960028475,4.259294736897826,0.1182216563398683,-1.0274180813629856,-0.20491852990658332,1.1,0.5238095238095238,1.4236427262014344,1.4240765549266878,1.5152973580757678,0.03946872642037669,-0.24391984562195906,-0.04409656645211135,1.4681808394995797,0.9641318756883145,1.5638930777416982,0.14025035154026397,51.006686434923985,0.0,0.0,0.0,0.0,1.263157894736842,1.502504173622686,0.9462916734185445,0.35834770874245125,-6.191061174843053,2.0,0.08531708714263143,1.0,19.999944444444687,,0.5023781061172485
CONTROL23_DCHA,28.0,1.413649571978324,0.7076971193415638,0.699066666666667,0.16324330000170692,0.8098173603400104,9.099372930405531,10.341946537391914,3.611169997097232,0.13874635615723702,-1.2601324760836092,-0.22436511158569028,1.1333333333333344,0.5311355311355314,1.2991529885643387,1.2845833825720938,1.510027601847379,0.08461059997433233,-0.6900322273411036,-0.13023769013088138,1.4508638493078876,0.8422478092179099,1.393814346858602,0.09466135829426328,43.267630942434444,0.0,0.0,0.0,0.0,1.3333333333333341,1.5020026702269693,0.75836640936857,0.5510211426290722,-8.25025907743381,2.0,0.15687677117960017,1.0,19.80688888888889,,0.5226327776908875
CONTROL23_IZDA,30.0,1.5070260905287503,0.6680735632183826,0.6657777777777696,0.17938670977509533,0.5940108001963659,6.720022452050012,7.873349111354325,2.7733877031997394,0.130530057706676,-0.6028860013294229,-0.13853858908462335,1.4722222222222223,0.5954545454545455,0.9360811761962289,0.9305387582698121,1.14215859219894,0.08950291714198624,-0.07697922270601112,-0.036155746404867406,0.9042972958447235,1.0302689613484985,1.009589020739053,0.07350784454282419,31.794413112793855,0.0,0.0,0.0,0.0,1.4,1.5020026702269877,0.8326455746647687,0.5087619765562529,-8.42153117277349,2.066666666666667,0.11014114839871858,1.0,19.90675555555531,,0.5405929684638977
CONTROL24_DCHA,31.0,1.5945918759258695,0.6225022222222311,0.5992000000000086,0.09379908817770341,0.14395079500098235,9.341197788530463,14.122101329044431,4.324249055435424,0.056013208986785176,-0.4462895394077204,-0.0823373510381441,3.0,0.75,1.385171460853845,1.370086537867628,1.6513944004816175,0.06386527721341739,-0.5927505281654795,-0.1117868973757099,1.5262900408616749,0.8550093214849721,1.5091409387332289,0.12396947787938398,44.222367507912935,0.0,0.0,0.0,0.0,1.2777777777777821,1.7523364485981057,0.844680723935464,0.45405231498054144,-9.795323530291633,2.193548387096774,0.0984897287710272,1.0,19.440711111111387,,0.4859602451324463
CONTROL24_IZDA,31.0,1.5624859992293334,0.6413659259259522,0.6324888888889149,0.06824596167237378,0.2840526382639676,13.50985750023827,18.299752405754408,5.768670836453524,0.09346490709521696,-0.730240714180327,-0.13609733367278143,2.6,0.7222222222222222,1.8859605895575031,1.8617999905542257,2.11915997556051,0.05651674151124088,-0.5061822765621623,-0.0984677860545814,2.062045286147606,0.8890304847929743,1.9714621388454365,0.0855015492879339,59.20607722750948,0.0,0.0,0.0,0.0,1.2105263157894737,1.5020026702269078,0.9238577413999136,0.37866145826520475,-7.927611017580051,2.096774193548387,0.10099785829366706,1.0,19.840177777778592,,0.4920632839202881
CONTROL25_DCHA,18.0,0.9195934715675436,1.075035294117634,1.0985333333333198,0.14784425419091474,-1.0170006071645366,8.668366000972618,11.087923433281496,2.621807381815746,0.11421155406272643,0.039850243824423905,0.01726835346686051,1.4615384615384615,0.59375,1.420842097470108,1.408025039462065,1.5712662331581344,0.05201952365168793,0.17157091088266144,0.0018373629495702648,1.4335653600580607,1.0209363663202182,1.544985457751511,0.12414336028140299,47.96592348359891,0.0,0.0,1.0,0.5659111111111041,1.1818181818181819,1.0013351134846584,0.8306369205575114,0.4580168490735354,-11.148071350329698,2.0555555555555554,0.08535630708009904,1.0,19.573866666666426,,0.5714842081069946
CONTROL25_IZDA,20.0,1.0183068950691443,0.9881543859649004,0.9986666666666544,0.12222473716038366,0.11229314420803788,8.467133203706862,8.19579166034921,2.28830414936721,0.13533967953846832,-1.6037522504662718,-0.20057607807454436,0.6714285714285715,0.40153452685422,1.1168738711239707,1.0965606857709618,1.3460358688494372,0.09304604038867376,-1.165623040920359,-0.1635570018566519,1.2428815972144824,0.8316983430103303,1.2032863204629565,0.0864124493389856,37.226359137720735,0.0,0.0,1.0,0.7323555555555465,1.3333333333333333,1.0013351134846584,0.8521030137980145,0.4603713412923009,-10.877696062409454,2.05,0.1315142836909032,1.0,19.640444444444203,,0.5139802694320679
CONTROL995_DCHA,33.0,1.6802063768640878,0.5950388888888816,0.565911111111105,0.14517859784634043,-0.619322026946658,13.812516868273125,17.026785978385167,6.157921908808948,0.058117347058444596,0.23564396375752056,0.061186864008955455,1.625,0.6190476190476191,1.913186535907055,1.9155359904185845,2.0658998045778074,0.03377642031893302,0.12656269093652756,0.03096673317679688,1.8296250853775724,1.051195129832748,2.0198087081696516,0.10662217226259654,63.06631197895149,0.0,0.0,0.0,0.0,1.2941176470588216,1.7523364485981523,0.7926082690485636,0.5265442387276519,-7.814866891915518,2.0,0.14188685275639995,1.0,19.640444444444206,,0.5252814292907715
CONTROL995_IZDA,36.0,1.851784113978478,0.5354755555555489,0.5326222222222157,0.10441874569590844,-0.03134468707554182,16.89140698465392,18.694172970159105,7.530996242203596,0.06228422278086443,-0.06794356097350522,-0.006388944275569797,1.4642857142857235,0.5941176470588251,2.1563415350466424,2.1448411740572455,2.358848161202346,0.04293730331279884,0.1526779780714602,0.03506418392105792,2.03683346589072,1.0529091948350209,2.257170140593934,0.10082860554729116,69.61656843605866,0.0,0.0,0.0,0.0,1.3125,1.7523364485981523,0.8597241164357834,0.45151106178140477,-6.733443663819306,2.0,0.11549369728825445,1.0,19.440711111110872,,0.5281903743743896
CONTROL996_DCHA,32.0,1.6188597156877427,0.6151021505376418,0.5657222222222291,0.21634858244065258,-1.5488656195462513,7.780440002872496,9.20737706954424,3.1278314934931677,0.0599692632038187,-0.4016237145453657,-0.09452347591958132,1.6666666666666667,0.625,0.9827817266141845,0.9867414060255351,1.0866035210892329,0.045828354263337465,-0.16719745939820088,-0.04856137798638149,1.015067435953722,0.9730533617263154,1.0801734586839218,0.09739173206973742,31.99266363949127,0.0,0.0,0.0,0.0,1.7647058823529411,1.502504173622686,0.6977329930718109,0.5763531732861275,-7.590268360297715,2.0,0.09392122049513071,1.0,19.76700000000024,,0.5050990581512451
CONTROL996_IZDA,37.0,1.93637974907312,0.5215259259259196,0.5326222222222157,0.09979607999624336,0.04436046989238861,9.565106605145871,11.122265779084268,4.373740655324557,0.16795432519881281,-1.4224669695074,-0.31294420747050067,1.8,0.6428571428571429,1.1771008014196136,1.1660607537269254,1.4947075867958544,0.12999884301215392,-1.1281436925278416,-0.2501348662763805,1.4033803107922111,0.7157959075956338,1.2359610215895844,0.05886022016997046,36.483690729874,0.0,0.0,0.0,0.0,1.1875,2.002670226969317,0.894530407138776,0.4277326410241708,-7.095218469660873,2.0,0.14970964462987263,1.0,19.107822222221987,,0.48688167333602905
CONTROL997_DCHA,26.0,1.3283016811531185,0.7509973333333241,0.7323555555555465,0.13449490261356695,-0.31369339879978236,11.255112021657084,12.912741921790197,3.948069165267351,0.10165288587735005,-0.8230694068979071,-0.1441390956157096,1.2863636363636364,0.5626086956521739,1.4796425995698834,1.4506161251989989,1.7194292792029293,0.0655000331798961,-0.7437138322288537,-0.11906800741702195,1.6353063577398372,0.8538506403486853,1.555749938560953,0.0761073389910694,47.95032656245431,0.0,0.0,0.0,0.0,1.3181818181818181,1.251668891855823,0.8929270704005415,0.4095212468796618,-8.953948558931149,2.0384615384615383,0.15979106643962826,1.0,19.573866666666426,,0.5121710300445557
CONTROL997_IZDA,34.0,1.7399690217280266,0.5739811447811378,0.5659111111111041,0.0755916104309545,0.07365863744443676,11.164989122867194,12.86603771148161,5.144639071011187,0.11572431768370112,-0.8780305622589579,-0.1840603210050491,1.6666666666666667,0.625,1.5610560921142254,1.5801620558070804,1.6929538957967953,0.05950574436665456,-0.46567604533715506,-0.10060752366962655,1.6777576311198152,0.8664180253033555,1.6662632764841394,0.10520718436991391,51.16508068416422,0.0,0.0,0.0,0.0,1.2352941176470589,1.7523364485981523,0.8934017458226807,0.4019251500170273,-6.931750275426533,2.1470588235294117,0.09116118245867855,1.0,19.54057777777754,,0.5100710391998291
CONTROL998_DCHA,34.0,1.728192581648649,0.5810424242424171,0.5991999999999926,0.1102396379610246,-0.26233149509803805,7.336566160895886,9.941969035253576,3.35086263559105,0.11149243191812408,-0.9287147717449399,-0.20422780349632952,2.399999999999987,0.7058823529411754,1.0180941269043156,1.0254729256314246,1.2044277923300208,0.07652124181739677,-0.629051312588985,-0.13671484373783116,1.09103601896221,0.8428222880150071,1.1326466973670932,0.11455257046277766,34.99063254866846,0.0,0.0,0.0,0.0,1.2222222222222223,1.7523364485981523,0.8818632507982623,0.44262615880013234,-8.514982864709614,2.0,0.2305828060278058,1.0,19.673733333333093,,0.4949362874031067
CONTROL998_IZDA,36.0,1.7964151537599484,0.5602044444444076,0.565911111111074,0.11138349383264329,0.18475981224408297,7.924686039863908,8.926821648446985,3.2623097161715893,0.11008445530660159,-0.883515663551508,-0.20019046892595138,1.5857142857142859,0.6132478632478633,0.9342656767136186,0.9481724332130907,1.0503465950801905,0.0756065127833731,-0.5639361607937674,-0.12495833060960815,1.0001348954490497,0.8701495208655775,1.0287406919010211,0.09447501518740224,30.750669648151764,0.0,0.0,0.0,0.0,1.2941176470588236,1.7523364485982458,0.9141104651982359,0.40369756593365147,-8.60456270203941,1.9722222222222223,0.17236929687851638,1.0,20.039911111109795,,0.5414267182350159
CONTROL999_DCHA,25.0,1.2970662091770189,0.7795148148148053,0.765644444444435,0.11225487754866523,-0.1559647222652035,9.686382689904018,11.903318448700652,3.442934488971929,0.06606143603364893,-0.7256739296963325,-0.11729650132176273,1.5555555555555556,0.6086956521739131,1.3510058303213222,1.352702465155142,1.4288729027398235,0.03797322181404044,-0.39541093919660486,-0.06821412624552592,1.3995143738056182,0.9351316393903462,1.4280963991783822,0.0770905688570603,43.52020745774052,0.0,0.0,0.0,0.0,1.3043478260869565,1.251668891855823,0.8937126952226757,0.3964617520858527,-9.999696968951513,2.0,0.11186087621216263,1.0,19.274266666666428,,0.5091877579689026
CONTROL999_IZDA,26.0,1.3287451875574066,0.7627266666667167,0.7653888888889391,0.11032098170526428,0.10068465565847697,10.898719406374338,12.272204691998347,4.063760203751739,0.0963019937245095,-0.012851872964485388,-0.03097245727873643,1.3,0.5652173913043478,1.5741349574114596,1.6068884831984134,1.7260444681925027,0.07622690561748417,-0.07721643532150532,-0.022480230702369486,1.5519791045163263,1.0073072993400398,1.6824400737729692,0.1083051163615092,62.27723553506584,0.0,0.0,0.0,0.0,1.2173913043478262,1.2520868113521715,0.925884208443231,0.3629374128550028,-8.748653048677339,2.0,0.14062212091026557,1.0,19.567333333334616,,0.5256282091140747
ID01_DCHA,40.0,2.0127338964515746,0.49847977207976596,0.4993333333333272,0.053440022377832776,-0.12842465753424634,11.87837249318134,13.29262160613948,5.361697528825131,0.07049170370837553,-0.18438570446764924,-0.04318351096391715,1.5,0.6,1.422840139459841,1.4443420316389637,1.575315587106139,0.06556491352871267,-0.21738586908521731,-0.05595491291949184,1.4555581579692238,0.904359892764068,1.5517415627370064,0.1289014232771656,47.436443264005355,0.0,0.0,0.0,0.0,1.0666666666666667,2.002670226969317,0.9281448508433817,0.38018679211590467,-7.698150406140598,2.05,0.18654495027932058,1.0,19.873466666666424,,0.4685213565826416
ID01_IZDA,42.0,2.1063142620879294,0.475787533875333,0.4660444444444387,0.07608701982801329,-0.15114578254509745,7.429953662547869,9.544812676606696,3.9061038657255214,0.16125177459771892,-1.208980166603378,-0.29089445759764276,1.8,0.6428571428571429,0.9910111347767279,0.9770190206736666,1.3123521045366262,0.1644647042999502,-1.2765305506180902,-0.2986735001879508,1.2429840974507411,0.6487219298124391,1.0926960550404285,0.10168492026370027,32.86403333200019,0.0,0.0,0.0,0.0,1.2142857142857142,2.002670226969317,0.9103383925078885,0.3974933139927717,-7.026773183933383,2.0,0.1784627756276452,1.0,19.9400444444442,,0.5199249982833862
ID08_DCHA,22.0,1.1182422587138319,0.889288888888878,0.7989333333333235,0.3056716175713867,0.855614973262035,9.518745631108551,9.953819803534836,2.727821956680747,0.14037024185978886,-1.8233321490350267,-0.24908972786189254,1.0254901960784348,0.5052681992337172,1.1141060708456694,1.0968142005339285,1.3332879282334629,0.10781780001721611,-1.402510469573805,-0.19326944662240964,1.2602504151003322,0.7646998865166488,1.2128325408041425,0.09872646995847291,32.11899556509732,1.0,0.047619047619047616,0.0,0.0,2.0833333333333335,1.251668891855823,0.7762736630273206,0.53646695903946,-11.97316279396777,2.4545454545454546,0.14201377025826187,1.0,19.67373333333309,,0.5393372178077698
ID08_IZDA,27.0,1.3495531479576772,0.7528410256410253,0.7157111111111107,0.25492057037485316,0.976568405139835,8.742785152746599,10.485186830902501,3.026464356917764,0.0820246851583288,-0.29884475938685295,-0.04187942466826122,1.555555555555555,0.608695652173913,1.0862499795091294,1.0883252396335967,1.246328598154071,0.07453742356765239,-0.2705681674104568,-0.04239256615562059,1.1375460987135297,0.9549343916563834,1.1440851408205321,0.057835161311402754,32.87485020197244,0.0,0.0,0.0,0.0,1.95348837209302,1.5020026702269704,0.7181896760660147,0.5763232180755946,-11.298944711505683,2.3333333333333335,0.19963403254569587,1.0,20.00662222222221,,0.47941115498542786
ID1000_DCHA,24.0,1.271536652044011,0.7830125603864638,0.7989333333333235,0.05995295652579236,0.04200974626113047,5.783583723739707,6.776825946539979,2.7504276967050902,0.12646050912755727,-0.23181174195813314,-0.05052927736598323,1.0801282051282026,0.5192592592592586,1.1162761876471399,1.1180664082407499,1.37314598055538,0.09713989113563971,0.03237453238189629,0.0052714993843572255,1.0507025154788097,1.0792198824862695,1.2470093819700656,0.13073319432292563,32.316504335428036,0.0,0.0,0.0,0.0,1.0833333333333333,1.251668891855823,0.946545295279583,0.3534185078547768,-6.4676697484861725,2.7916666666666665,0.17186365618542182,1.0,18.874799999999766,,0.5176558494567871
ID1000_IZDA,23.0,1.1631670510175325,0.8670242424242318,0.7989333333333235,0.276012194197454,0.4964608197023414,5.396566784346339,7.685984633527814,2.7673019136542347,0.18019075040749696,-0.2412966655978961,-0.07388629544862468,1.2222222222222223,0.55,1.101086084300586,1.1851805385772158,1.3479549575597989,0.170863583531611,-1.2767410897056204,-0.2442379656353717,1.2632199623904037,0.7784612324686759,1.2159166819138425,0.11483059761325666,38.7308362364941,1.0,0.045454545454545456,0.0,0.0,2.1666666666666687,1.251668891855823,0.8725532994882199,0.4609498553687247,-7.928536098407487,4.3478260869565215,0.10790832318617263,1.0,19.77359999999976,,0.4703439772129059
ID1001_DCHA,19.0,0.9576527092051265,1.0449012345678883,1.031955555555542,0.08438228276856798,0.3912435957149509,5.820052543232778,6.597475664849001,1.6435127817771005,0.10343970948511375,-1.5004057795403805,-0.17339719548267285,2.1,0.6774193548387096,0.8568662155285347,0.8445437770601945,0.9549852021920935,0.08962227887565923,-1.082718543397822,-0.12389645732996424,0.9233591843385163,0.8583161670827819,0.9557614584607705,0.09889524293223563,22.888511427435983,0.0,0.0,0.0,0.0,1.1612903225806461,1.0013351134846584,0.9077844103482641,0.3929931755825599,-10.688921383908475,2.0,0.20833968697631577,1.0,19.840177777777534,,0.420703649520874
ID1001_IZDA,20.0,1.009749694270244,0.9828982456140231,0.9986666666666544,0.10152606678002236,-0.3743315508021368,7.323085993313542,8.496208810944964,2.3168941556100124,0.13591450233963165,0.2557759173703001,0.042580647020250106,0.9333333333333317,0.48275862068965475,1.1500010546222306,1.1853211338898115,1.3561417562025049,0.10770109894187978,0.642391278969608,0.08503830615858576,1.040630895894229,1.1030732443614666,1.3710157792745448,0.22101472465231428,43.82160072198767,0.0,0.0,0.0,0.0,1.2,1.0013351134846584,0.9359029331242851,0.359935948837421,-7.867162132784502,2.3,0.1939824636317382,1.0,19.806888888888643,,0.4158533215522766
ID1002_DCHA,25.0,1.2837629660059555,0.7809018518518527,0.7656444444444457,0.11607973042624802,0.5875357170437838,8.88304875466,7.551962633004965,3.187170607575612,0.0888494488324865,-0.5694537437329217,-0.09993957588175117,0.8333333333333334,0.45454545454545453,1.2856375474464465,1.2772722086693042,1.4307297001084298,0.05494733916281131,-0.10846952982083179,-0.03569617492207755,1.2946690975775677,0.9751937833757041,1.4496285614494022,0.16399101400295557,44.36294489383379,0.0,0.0,0.0,0.0,1.2173913043478253,1.2516688918558063,0.9205682975867997,0.38483419462827156,-7.438009226528138,2.4,0.21098804101285543,1.0,19.474000000000018,,0.4858300983905792
ID1002_IZDA,31.0,1.5598687697499705,0.6435851851851773,0.5991999999999926,0.20312657206928453,1.0057151624410248,7.3617472268834065,9.059608438164421,3.259196701866444,0.14121138947735362,-0.636837928424652,-0.11665437669116852,1.7142857142857273,0.6315789473684228,1.070419933006786,1.0589775582038004,1.1684036100360184,0.054063575136181555,-0.32348788149367774,-0.06515405788737128,1.1512051211185705,0.8987001591209993,1.1380908611651985,0.06767092815841227,26.60816857828816,0.0,0.0,0.0,0.0,1.6666666666666667,1.5020026702269877,0.7772974690221331,0.5533184751922021,-9.257604101493417,2.3548387096774195,0.18271524361839367,1.0,19.873466666666424,,0.5239889025688171
ID1003_DCHA,55.0,2.7399717035649855,0.3661777777777733,0.3661777777777733,0.15648417560434,0.41720810159917987,5.970386374588777,7.095681445292752,3.313032587517173,0.12391185921111031,-0.563361274156618,-0.1891075257593704,1.5,0.6,0.6582012536813244,0.6533990658419284,0.8126364953876745,0.12656557114913267,-0.4790157234979199,-0.1421289596684736,0.7598772965227857,0.7360998227893475,0.7748377730623573,0.11663651938103306,18.95095619950858,0.0,0.0,0.0,0.0,1.9090909090909092,2.7536715620828107,0.7469780245741423,0.5945027239915309,-7.227463303104978,2.036363636363636,0.24814469376259507,1.0,20.073199999999755,,0.4202123284339905
ID1003_IZDA,53.0,2.6767301244370545,0.3743750000000045,0.36605555555556,0.08153326507837166,0.2090744377092877,10.763508957462653,13.053999365847561,5.946881520282261,0.0946157094111147,-0.4705848152814006,-0.15911992586604018,1.75,0.6363636363636364,1.2176615340489154,1.2217270911714961,1.4534630984461627,0.08173498163198963,-0.3838544263476208,-0.1238949233683353,1.3554390607889382,0.8403621346387607,1.362906419070621,0.1452448850217056,36.921068058147405,0.0,0.0,0.0,0.0,1.3636363636363635,2.7545909849749246,0.8491771943600743,0.48545282926870825,-6.973295429399657,2.0,0.16934884358907204,1.0,19.800277777778017,,0.44565722346305847
ID1004_DCHA,23.0,1.2272135493861713,0.8019595959595861,0.7989333333333235,0.20485387997192409,-0.014063049337861538,5.579017598497519,7.6777431080174665,1.8696962712005625,0.10190203805593587,-1.3546954776873692,-0.20749610830005927,5.0,0.8333333333333334,0.7330294240027042,0.7324146191513874,0.8732746900067513,0.08740905491882328,-0.884148350623891,-0.153104468304333,0.7768054821515333,0.8622859872956367,0.7913034588534475,0.05827403485074363,9.662579354269502,0.0,0.0,0.0,0.0,1.5000000000000022,1.251668891855823,0.8138016742909887,0.48631706881560655,-11.43987533056064,2.5652173913043477,0.13902973610417033,1.0,18.741644444444212,,0.5552820563316345
ID1004_IZDA,24.0,1.1956240161010687,0.8394589371980684,0.8322222222222235,0.1845069271954724,0.3957680250783674,5.883108257604548,7.736913147484756,2.0142888664149967,0.14717574712286075,-1.7974154442286354,-0.23489994799521807,2.4861111111111094,0.711494252873563,0.7961352450022616,0.8049953154345582,1.015861351471965,0.126154365547244,-1.61722444862782,-0.22255658149536128,0.9167193945728848,0.7444338231824718,0.8681750899539153,0.07203984495165368,21.277333867386954,0.0,0.0,0.0,0.0,1.3600000000000003,1.2516688918558063,0.7701246715768073,0.5206375122626372,-10.395497754041601,2.625,0.12337716038480684,1.0,20.07320000000002,,0.5716886520385742
ID101_DCHA,20.0,1.001335113484632,1.0039228070175583,0.998666666666681,0.08211721016417872,-0.05235602094240783,12.637407146675882,11.983025956496538,3.8677622924329476,0.10088253825332921,-0.8856015768880118,-0.10153904365315003,1.3639705882352926,0.576973684210526,1.9264965464217823,1.9324904036544543,2.046144429886479,0.04257687576884426,0.5272777171156662,0.07605861724377272,1.8254836529000624,1.0779289144297386,2.049138118671862,0.12264157225007888,61.16148156458903,0.0,0.0,0.0,0.0,1.2333333333333325,1.0013351134846318,0.944270896038592,0.3530746696043161,-9.85823891783411,2.55,0.21186282834683995,1.0,19.973333333333617,,0.4180576205253601
ID101_IZDA,21.0,1.097114993904917,0.910451111111111,0.8988000000000014,0.04805645129102322,0.5525697241275017,7.586330550292824,7.730092905406505,2.3948739911190495,0.09258026840052173,0.5118772251087609,0.08177276864283711,1.499999999999992,0.5999999999999988,1.1010862563898325,1.1147460241553702,1.2018635129455326,0.055134969578754404,0.7127906677067858,0.10142183494980173,1.018660858094806,1.1118841055896964,1.214663673018541,0.11357741662870839,36.73688770812076,0.0,0.0,0.0,0.0,1.1481481481481461,1.0013351134846464,0.9071519855469508,0.3781275742039478,-7.806648288227149,2.0476190476190474,0.0856021186653064,1.0,19.14111111111111,,0.48730844259262085
ID102_DCHA,24.0,1.199602798184584,0.8365642512077416,0.8322222222222351,0.06872672687211473,-0.051116703365836895,4.586577025214342,5.778304922718301,2.126679684115564,0.11467356081018755,-0.5199041255836934,-0.05902770420306558,1.499999999999996,0.5999999999999994,0.9206858846456045,0.9026874300263136,1.091271102762634,0.08893372889527792,-0.4237044513233245,-0.05675737483099208,1.0365229459819743,0.8853727744934906,1.0793500565945915,0.15866417194898685,29.622780524098797,0.0,0.0,0.0,0.0,1.1599999999999955,1.2516688918557897,0.926590196534379,0.3710991117906597,-7.6676508649839175,2.3333333333333335,0.0870392690804206,1.0,20.006622222222507,,0.5028868317604065
ID102_IZDA,27.0,1.3840980237586402,0.7182717948717949,0.699066666666667,0.08147162126222081,-0.2709447415329748,5.926916557433929,8.19327310315119,2.60226301117987,0.1273506430223736,-0.7939501413566125,-0.12217818904370914,1.5000000000000004,0.6000000000000001,0.9672118645305459,0.9656569891453572,1.0506279105793235,0.0562133543072983,-0.3319380170328988,-0.059781643730555056,1.0144329307159698,0.9493671804156106,1.0965235990466153,0.12931173451606956,30.298891116617092,0.0,0.0,0.0,0.0,1.19047619047619,1.502002670226969,0.8778048168985153,0.42972904765853615,-8.534203990195792,2.074074074074074,0.0960639467932037,1.0,19.507288888888894,,0.4560995399951935
ID103_DCHA,23.0,1.1953654468934503,0.8276828282828181,0.832222222222212,0.07504342139588245,-0.465554634539612,6.480023975554717,8.545484504432673,2.506551142294173,0.13476442398681324,-1.7222828037904623,-0.2476420868302187,1.5555555555555556,0.6086956521739131,1.0684926935283456,1.0585807588953362,1.3080918462598035,0.08935951190120243,-1.196398167034763,-0.17050986545455193,1.1791446907254766,0.8089507515396626,1.2218748152566108,0.15338212172826496,35.376170938622636,0.0,0.0,0.0,0.0,1.2,1.251668891855823,0.8988987831176548,0.39735316762634687,-8.083273017651578,2.1739130434782608,0.08549389888395671,1.0,19.240977777777545,,0.5296722650527954
ID103_IZDA,25.0,1.264312011975562,0.7906111111111119,0.7822888888888908,0.07113380678145037,0.1061784897025125,5.722640970844858,6.497217788078658,2.1205065506270113,0.12161262730698967,-1.194838019890654,-0.18437448349970287,1.5555555555555398,0.6086956521739106,0.8642356120572282,0.8672901009895757,1.079205506567786,0.09003678474958597,-1.143859625912302,-0.17637042622450338,0.9695398189156819,0.796113496367414,1.0332290740242867,0.16899346196705836,28.685531892913332,0.0,0.0,0.0,0.0,1.148936170212765,1.2516688918558063,0.8737291369912753,0.42511939501696183,-8.626794119609738,2.36,0.12311208487161938,1.0,19.773600000000023,,0.5082699656486511
ID104_DCHA,56.0,2.7944235725153255,0.35770424242423804,0.3328888888888848,0.1487077667865974,-0.016786184298873665,11.770344267885678,14.140105199342596,7.340211843002183,0.12684071432150354,-0.40935355810278545,-0.16381191706418918,1.2,0.5454545454545454,1.4478312982107355,1.4570934428065563,1.9274970305202714,0.14733174032221868,-0.4779477571398643,-0.18793814003064968,1.4754052121287577,0.9169824223630674,1.5571064249054538,0.10927512669471837,48.84134987049414,0.0,0.0,0.0,0.0,1.8999999999999946,2.7536715620828107,0.8517440136083942,0.47707610823980856,-5.596676258604667,2.0535714285714284,0.10116059350636124,1.0,20.039911111110868,,0.48488861322402954
ID104_IZDA,62.0,3.098973895310219,0.32197449908925324,0.29959999999999987,0.17633636343918552,0.14871514488791626,10.313714999803752,11.49262657895977,6.207622814240118,0.16119492541734787,-0.8073501435129876,-0.29865009273941734,1.2499999999999967,0.5555555555555549,1.1212023524496015,1.1798351841798347,1.4702850666357838,0.19791420593870093,-0.9159024308218668,-0.336872811333376,1.3536671292109879,0.5699286232795954,1.1766499900622744,0.05544763761267283,34.04999459003141,0.0,0.0,0.0,0.0,1.8888888888888842,3.2543391188250994,0.8031420570106726,0.5403512312794945,-5.7813331210236445,2.096774193548387,0.08014106094933712,1.0,20.006622222222227,,0.4915357232093811
ID105_DCHA,25.0,1.2707298394475361,0.7961592592592495,0.7989333333333235,0.05778091969260291,0.02545068928949968,6.851570543637107,9.157707136661926,2.593703422864509,0.158382948087508,-1.7246322352686758,-0.2774390607531434,1.5454545454545454,0.6071428571428571,1.002591551212709,0.9563037220745951,1.3384566923600068,0.1390546760520777,-1.31037206352788,-0.21702038359680764,1.1394759909141963,0.8007251700678429,1.1715037549812755,0.16891220376856647,33.832163665404,0.0,0.0,0.0,0.0,1.125,1.251668891855823,0.8707095510558892,0.4438613953087342,-10.540758710194243,2.04,0.0724177933450667,1.0,19.673733333333093,,0.4583773612976074
ID105_IZDA,25.0,1.269006903397539,0.7820277777777873,0.7653888888889,0.052116803037939724,-0.2220166512488435,5.9297849643929395,8.16571954795557,2.3333522774035043,0.17020911572763928,-1.7214727957764262,-0.24319812744081093,2.0,0.6666666666666666,0.9041203822802838,0.9339151686571849,1.0712939781127757,0.14718704677348493,-1.438380577912582,-0.19827634289290574,0.9906992017563023,0.7586108262424675,0.9840638458279798,0.07994346354769592,29.3008517360517,0.0,0.0,0.0,0.0,1.1304347826086931,1.2520868113522385,0.9016377990538478,0.40886995611181326,-7.5781611122125545,2.12,0.07301710322488043,1.0,19.700444444444685,,0.507063090801239
ID106_DCHA,40.0,2.0127338964515347,0.5036011396011434,0.4993333333333372,0.15712513470951603,-0.39875111507582633,8.174938532702432,7.9544008245318425,3.391432661833096,0.20546383825471556,-1.5182509959656136,-0.35009350085935487,1.1714285714285855,0.5393939393939424,0.8542217484393675,0.8464690208980932,1.1383506246100594,0.1993060487691447,-1.5279393218415969,-0.3508173286463724,1.0634922642274964,0.6209038315546895,0.9268860353585671,0.07266428691919974,25.293617771231865,0.0,0.0,0.0,0.0,1.4666666666666657,2.002670226969277,0.8158395293203725,0.5345249159027767,-8.585318711621216,2.125,0.08297392880603277,1.0,19.87346666666682,,0.5140737295150757
ID106_IZDA,44.0,2.214007286096732,0.4552062015503821,0.4660444444444387,0.05842028584121647,0.016565067585475726,7.260017553766767,8.717945199062813,3.5851782495171367,0.07596113732238978,-0.5142913359916638,-0.1434630045159463,1.8,0.6428571428571429,0.8624155368038326,0.860137602664316,0.937835531004459,0.05772490683063794,-0.34132521552425527,-0.09703944818406562,0.9273170987729473,0.86999889656564,0.9684589672241628,0.10604343042033001,24.837762617855876,0.0,0.0,0.0,0.0,1.0714285714285752,2.2530040053404816,0.9324348092138595,0.36957718630214054,-8.437767117428162,2.0,0.09675217056950229,1.0,19.873466666666424,,0.5104612112045288
ID107_DCHA,17.0,0.8774586045999467,1.1380638888888899,1.131822222222224,0.14300555251630315,-1.320572104527369,8.316916650992633,7.1964030669853765,2.2139735672938303,0.13913837244951122,-2.056314518698447,-0.2201607744405799,0.9999999999999918,0.49999999999999795,1.239056380373844,1.1784011613966652,1.523095616737917,0.1330950601230667,-1.6142130708380438,-0.18181487421093367,1.4541351982562185,0.8181851257890663,1.2950195660554948,0.05596318568165113,34.85608328010041,0.0,0.0,0.0,0.0,1.3235294117647047,0.7510013351134839,0.9107785010731613,0.3880093856469175,-9.616135057735743,2.1176470588235294,0.25946918955129794,1.0,19.374133333333354,,0.3615325391292572
ID107_IZDA,24.0,1.2473378576279484,0.7974859903381544,0.7989333333333235,0.22138585382180614,1.460155089919154,4.954192361895532,4.550915182516385,1.7413777121739507,0.15659015654002392,-1.8061920108982257,-0.24468131418187322,1.081168831168833,0.5194902548725642,0.6977252669297146,0.6913045256303352,1.0266699149217744,0.13963689548149985,-1.2176302273694357,-0.14815853276985347,0.8323774633001154,0.7942906406474703,0.8141128935080871,0.11638762657837272,17.876877432816258,0.0,0.0,0.0,0.0,1.875,1.251668891855823,0.8865032810984069,0.424502415689701,-8.78932330512296,2.1666666666666665,0.18154739184583799,1.0,19.24097777777754,,0.5208888053894043
ID108_DCHA,35.0,1.7611421593951047,0.5639529411764712,0.5659111111111113,0.07963433986930345,-0.25072150072150123,7.718746003878143,8.402661708360906,3.260971602665496,0.16842903927075667,-1.330248115031381,-0.2757044086032904,1.5000000000000067,0.6000000000000011,0.9435135083106565,0.9265755003170004,1.1886503548708396,0.11539836931067962,-0.8749988420979035,-0.18744231726113314,1.1250762795523184,0.7617961978187661,1.0955694930477418,0.1520559847370852,30.99574240459794,0.0,0.0,0.0,0.0,1.176470588235295,1.752336448598129,0.9248972317873942,0.39893233695518027,-6.973518491200784,2.0,0.148853657332377,1.0,19.873466666666687,,0.3874537944793701
ID108_IZDA,34.0,1.6994372974281151,0.5891124579124821,0.5992000000000246,0.06741445097612851,0.12087026591458591,7.694279952684887,9.859334248489418,3.4017447284972704,0.11976430102482179,-0.9637066827906329,-0.1924382394716061,2.4,0.7058823529411765,1.0314092729984916,1.0374243448227256,1.1257460168187556,0.05540091978803938,-0.410960137257693,-0.08531530905171114,1.0794892698981318,0.8724514292038841,1.1336191568117835,0.102209883813292,31.80983635150555,0.0,0.0,0.0,0.0,1.1666666666666667,1.752336448598059,0.8957049715071254,0.4195821708411751,-7.628573658359068,2.088235294117647,0.11686052118107931,1.0,20.006622222223044,,0.42241641879081726
ID109_DCHA,20.0,1.0030067914704426,1.0056748538011573,0.9986666666666544,0.07007730090982144,0.22067363530778253,4.895428096930112,6.207617583766325,1.7197255594872083,0.1990567545797473,1.8878315667871224,0.24591089860896687,1.3833333333333333,0.5799059929494712,0.8364016718906925,0.8174992555106226,1.1761768556739534,0.1592585837337276,1.1924853033293243,0.17343762099002058,0.8024502560994492,1.1300110791469573,1.0154836740365232,0.17908200214583095,28.754465362425957,0.0,0.0,1.0,0.5326222222222157,1.1333333333333333,1.0013351134846584,0.8075293901236402,0.47659689352546253,-10.719511853790095,2.3,0.11765957506974771,1.0,19.940044444444197,,0.4424777328968048
ID109_IZDA,28.0,1.3995365978820518,0.7237251028806495,0.5991999999999926,0.48169990958966735,0.5419622966471358,2.4081998563194196,2.675423342666034,0.983575191138273,0.2759973866367904,-1.8423118328366173,-0.27541577556836816,1.1180555555555522,0.5278637770897825,0.3046853924990337,0.2894378635401981,0.5472105860626039,0.2671207574942648,-1.8996333137490595,-0.2721860559150394,0.34678116434251277,0.7228198151219014,0.5233601410878298,0.2186747485887961,9.526435282929418,3.0,0.1111111111111111,0.0,0.0,2.6666666666666665,2.002670226969317,0.37576117023209193,0.7708418477099578,-9.711173280429374,2.9285714285714284,0.12981948785133482,1.0,20.006622222221978,,0.4129929840564728
ID110_DCHA,21.0,1.0692222398226015,0.8954711111111001,0.8987999999999889,0.20255959443606358,0.9167901165553294,2.6744733389121826,4.098354714279347,1.1224068913930882,0.17557489443166688,-1.8478623240073648,-0.19379368129085117,1.4285714285714324,0.5882352941176477,0.48638543106321,0.492985338812622,0.5985504566536921,0.15069220324364113,-1.0154635782316057,-0.1354573371661758,0.555009676762317,0.8426870601141623,0.588611630258258,0.10222619919504781,16.323854240176882,0.0,0.0,1.0,0.5326222222222157,1.3333333333333333,1.0013351134846584,0.8516922263322516,0.4758831796134101,-9.86951550585759,3.238095238095238,0.08573400851572989,1.0,19.640444444444203,,0.5170131325721741
ID110_IZDA,24.0,1.2345227426523022,0.8032753623188414,0.7323555555555563,0.311873103040271,1.392301392301391,2.076803176783406,2.841541470712371,0.8498455013148819,0.24741393938867481,1.1349261195657665,0.13697279243668437,1.4166666666666676,0.5857142857142859,0.33152565861011707,0.33027337060280926,0.485293966371919,0.18449534664196893,1.0742653759077865,0.18284512879154913,0.3330020798634236,1.125816890478162,0.40412824108206985,0.07260258247195274,3.7585445238482555,1.0,0.043478260869565216,0.0,0.0,2.5454545454545454,1.2516688918558063,0.7812078962746216,0.5357458710314159,-9.530936132759209,2.8333333333333335,0.1080535052312785,1.0,19.44071111111113,,0.4364004135131836
ID111_DCHA,27.0,1.3518024032042528,0.7502803418803526,0.7323555555555661,0.1441550312760604,0.7038301099734561,7.318226268178623,11.560985230486015,3.5528112664003366,0.1021308724969787,-0.3876549792069154,-0.07252938623535654,2.125,0.68,1.3195897901203821,1.3655060949467968,1.5184362974221253,0.09675295998432625,-0.14939818582980455,-0.04644858409093,1.3412974995513705,1.051263850707812,1.4248203285316277,0.10523053841124537,38.59435749100879,0.0,0.0,0.0,0.0,1.3636363636363613,1.2516688918557897,0.8182091280392556,0.5210516740576097,-8.307797881204449,1.962962962962963,0.17694725308732742,1.0,19.97333333333362,,0.4413397014141083
ID111_IZDA,18.0,0.9243093355243001,1.1024496732026008,0.9986666666666544,0.32568921473927304,-3.6412078152753105,5.21311209047337,6.004971002873942,1.6582610796144077,0.15700205462955452,0.8890244936111079,0.19705282063186158,1.0940170940170941,0.5224171539961013,0.7986958751234413,0.8080585470903403,0.9457219516206414,0.12096029997633032,0.49612777617940756,0.08874387639797976,0.7461989697793976,1.0653276164769656,0.8820965270307772,0.083400651907336,25.4956873560465,1.0,0.058823529411764705,2.0,2.0306222222221972,2.1,1.0013351134846584,0.7738829095227062,0.5246252130032022,-10.539557259144644,2.2777777777777777,0.14981041538157727,1.0,19.473999999999762,,0.4467031955718994
ID112_DCHA,39.0,1.9526034712950842,0.5151017543859586,0.4993333333333281,0.12902773291422212,0.07778579207150652,4.835258039071162,5.565622856007702,2.51716917190319,0.20641211345444452,-1.3267102727658018,-0.2840146697469611,1.0,0.5,0.6822260660012055,0.6908783609611802,0.9335834422556959,0.19456385511987548,-1.26830448661883,-0.2977523299747643,0.7895450283599311,0.6475700563889929,0.8692409932218257,0.18701492722062013,23.650072042595532,0.0,0.0,0.0,0.0,1.5333333333333306,2.002670226969317,0.8280095103806483,0.49492373467178535,-6.915913160851195,2.128205128205128,0.09133386380777812,1.0,19.973333333333088,,0.516460657119751
ID112_IZDA,41.0,2.045917258448721,0.4835211111111052,0.43275555555555023,0.3236486908523314,0.9913683143186522,7.816683979262166,9.148517388260375,4.315124071442127,0.19546538539249497,-0.7341249836068133,-0.1737802961347521,1.0,0.5,1.0463124892199356,1.1016228777585009,1.4958522389660476,0.18908420148604274,-0.40979187830268043,-0.10486397760813748,1.0665132327699793,0.9344678736716212,1.1872181436893197,0.14090565446938397,34.9382585822654,1.0,0.025,0.0,0.0,2.4615384615384617,2.503337783711646,0.5033542026006117,0.679988445130124,-6.515623838203135,2.3902439024390243,0.16414940083812882,1.0,20.039911111110865,,0.5279642939567566
ID113_IZDA,12.0,0.6460226538610699,1.567604040404021,1.7643111111110894,0.39938534489531263,-1.2548262548262548,1.5355590977858442,1.641071550701513,0.5419477366388348,0.7156993524634101,5.225685727484445,0.9519715764918453,1.1547619047619004,0.5358974358974349,0.2285106993455298,0.2174709522180175,0.4782285820759798,0.4541846529172636,-0.08677071058540807,0.0539595099464838,0.20190765661951632,1.3107385777783465,0.255793571542079,0.027282872196549287,4.747602727127246,0.0,0.0,3.0,1.6977333333333124,1.4150943396226414,0.7510013351134939,0.6706402557309799,0.6520688748820015,-8.590851687989796,5.916666666666667,0.07216598413307677,1.0,18.575199999999775,,0.42138656973838806
ID114_DCHA,33.0,1.6660869955459026,0.6012805555555482,0.5991999999999926,0.05861963441556199,-0.4627139798475868,6.208883002806764,8.005791484626434,3.1111484360958896,0.13564977215647248,-0.41050154425793306,-0.09028539921554457,1.1111111111111045,0.5263157894736827,0.9753820266616885,0.9829539917191487,1.2078001285374365,0.12814514880698358,-0.4587416347265577,-0.09897713960399523,1.0267098293428636,0.9464349292458191,1.049454958236045,0.07407293157435668,26.763293064588233,0.0,0.0,0.0,0.0,1.1111111111111112,1.7523364485981523,0.9115143493219005,0.384076203287875,-6.354888444414993,2.0,0.13298245750094168,1.0,19.806888888888643,,0.47044575214385986
ID114_IZDA,34.0,1.7399690217280064,0.581042424242424,0.5659111111111113,0.09882117688026208,-0.29488357843137014,3.592843539928444,3.5823968283197263,1.5482074907541339,0.1388915607287729,-0.6429533735790184,-0.16123593572241102,0.7750000000000028,0.4365079365079374,0.4675566407252252,0.46411428411894834,0.5739929334832888,0.1281030218044876,-0.6751396879637694,-0.16381935109228385,0.4629164175353216,0.8795235475770208,0.5262093003324004,0.058652659607175216,13.504553845533032,0.0,0.0,0.0,0.0,1.235294117647059,1.752336448598132,0.931529294377843,0.3737944056298635,-7.398383543849224,1.9705882352941178,0.1397546528047164,1.0,19.540577777777766,,0.4475782513618469
ID115_DCHA,16.0,0.8190823433717784,1.2334962962963771,1.1647222222222986,0.21023941289499937,-1.0213257965056524,8.103137341945907,11.438539441918591,2.2157846714115745,0.1052439483149711,-0.8997754736679857,-0.10789482687318952,2.173809523809524,0.684869976359338,1.3127708508833533,1.3109247821099834,1.4729988323820522,0.06808119839637332,-1.072574915280728,-0.10312846273361753,1.3995648648917782,0.8968715372663825,1.4779362820336255,0.16516543115027243,39.763669624911564,0.0,0.0,4.0,2.2296111111112573,1.5714285714285714,0.751252086811303,0.8581562800017783,0.4368808821124719,-12.504559313351633,2.125,0.1690908188566139,1.0,19.534055555556836,,0.42531341314315796
ID115_IZDA,17.0,0.8568471608677332,1.1963194444444456,1.1651111111111125,0.18232690473168248,0.847058823529413,8.813712616392877,12.748428337182395,2.4618148823583255,0.049493643477974296,-0.08826629829223248,-0.004512997101477678,0.9473684210526323,0.4864864864864867,1.4054855860813067,1.3984287386936298,1.5604096817532684,0.04955655001120701,-0.17061166618278706,-0.02378752626368319,1.4435353945388782,0.9762124737363168,1.5203785497124807,0.11489296363117397,40.405323082871945,0.0,0.0,7.0,3.828222222222226,1.4571428571428573,0.7510013351134839,0.7874982896399063,0.4744809015353671,-11.903835501973859,2.0,0.16628865481630728,1.0,19.8401777777778,,0.45150884985923767
ID116_DCHA,65.0,3.2597720722789383,0.30532152777777405,0.2995999999999963,0.09354176431545025,-0.2912930340528282,8.585218879387913,9.319567833113322,5.304935208326534,0.12086967787072574,-0.4974323110531336,-0.20199346099873594,1.0,0.5,0.9182097876679677,0.9058634871656477,1.2678449546923993,0.14992585968869337,-0.6573021011128131,-0.2553626168854549,1.0399228715414242,0.6420145513615093,1.0146904607590241,0.0964806730910566,30.193383293298115,0.0,0.0,0.0,0.0,1.2222222222222223,3.25433911882514,0.8390538943290846,0.4870726358436681,-4.869370213808461,2.0,0.09227346206570154,1.0,19.9400444444442,,0.38285431265830994
ID116_IZDA,68.0,3.3764026967086003,0.2966189054726332,0.2995999999999963,0.14985775039427124,0.02732020172162025,10.256785760186498,10.944477610074705,6.310138111368748,0.1552941421031107,-0.6583721695372203,-0.28228998715625686,1.0,0.5,1.0586622075200254,1.0478044293173223,1.402387936455026,0.19383350106081537,-0.7394844469172701,-0.31164045147914365,1.2140851443394651,0.6560817467880141,1.1741867065377967,0.11552449901777087,31.4957838419777,0.0,0.0,0.0,0.0,1.888888888888883,3.5046728971963046,0.7793019183196813,0.5392077613966457,-5.468403195523193,2.0441176470588234,0.08509993124032736,1.0,20.13977777777753,,0.3337177634239197
ID117_DCHA,39.0,1.926911320356991,0.5221099415204614,0.4993333333333272,0.3015843335126351,0.701837614589293,6.823052310491705,9.590951301534654,3.7232205214559007,0.19072892535838729,-1.5468456587907558,-0.3510716794086811,2.0,0.6666666666666666,0.9826414655844565,0.9991639421604722,1.2356554285713117,0.18912487259924185,-1.4970656647035465,-0.3400326904524492,1.1530979397781913,0.6009925825559239,1.0944919921369463,0.11185052655248959,28.222659947041347,1.0,0.02631578947368421,1.0,0.5659111111111041,2.933333333333333,2.002670226969317,0.898815673597853,0.42566888797947133,-6.623019384004089,2.1025641025641026,0.1345646988547503,1.0,20.239644444444195,,0.48333293199539185
ID117_IZDA,44.0,2.241023174216888,0.4465413436692561,0.3993333333333382,0.46393434896785146,0.7112471583875377,6.741709625384417,7.666786301681608,3.6023690371350026,0.21535231337317093,-1.081759613802526,-0.2716419952232939,1.2,0.5454545454545454,0.8273235869446812,0.8465085891705412,1.2337911274232765,0.24068510615868427,-1.1626529642473997,-0.28191291379311134,1.1469755375590414,0.6897837857217732,0.962701582821929,0.13537799587724791,27.021908113719338,1.0,0.023255813953488372,1.0,0.6322777777777855,4.333333333333329,2.504173622704477,0.681628274671221,0.6252879477229006,-6.912531805857993,2.1136363636363638,0.3639632508670613,1.0,19.63388888888913,,0.5164709091186523
ID118_DCHA,17.0,0.8729588168840612,1.1526277777777638,1.1484666666666534,0.10306211136187868,1.3675939689955432,9.975749342817851,13.066818978443989,2.973518994543235,0.06614990015114205,-0.16906556210694673,0.006287741563999694,1.80000000000001,0.6428571428571441,1.6231049032570346,1.6348075488876028,1.6940669465052118,0.028740970018681023,0.3883801874211828,0.045141432988003105,1.5879664709938877,1.045141432988003,1.6649076772905342,0.04180277403349995,56.26482960550814,0.0,0.0,0.0,0.0,1.1594202898550716,0.7510013351134939,0.8940682931026951,0.3956782584500102,-9.81326074025529,2.1176470588235294,0.22239585145553578,1.0,19.473999999999762,,0.4414411187171936
ID118_IZDA,15.0,0.7585872071853372,1.3363111111111128,1.3648444444444459,0.07869517575621326,-0.4927456884752214,11.700824794154919,10.233612269187805,2.714123442767514,0.07257142779183419,-0.13087590416345463,-0.003087130318838227,1.0476190476190443,0.5116279069767434,1.7722998125836613,1.774916954193405,1.8468879072345359,0.03221555859231519,-0.2932155706787843,-0.03662548856485304,1.790995049728138,0.963374511435147,1.79644900742723,0.024149194843568242,59.262741632472846,0.0,0.0,0.0,0.0,1.1219512195121952,0.7510013351134839,0.9175271446649768,0.37945969549101155,-10.790100191606927,2.0,0.14055243868436892,1.0,19.77360000000002,,0.462387353181839
ID119_DCHA,8.0,0.4500382532515319,2.1780444444444176,2.163777777777751,0.07300547378733839,-3.1113537117903936,3.382762436895854,4.023496735208494,1.0063812396272516,0.15699219182384588,2.6962317522605352,0.23456105300758567,0.9022522522522523,0.473703888334995,1.1150314220367623,1.1084767994531015,1.221273590070192,0.05895957983848085,-1.0616078704132141,-0.07381824364554301,1.1499839174054949,0.9729052932299881,1.2563803159974793,0.14134889396071715,39.67809626065616,0.0,0.0,7.0,4.460711111111056,1.1076923076923078,0.5006675567423292,0.950334246746486,0.18777581677536967,-7.999665004944062,6.125,0.10789557105955971,1.0,17.776266666666448,,0.4416978359222412
ID119_IZDA,9.0,0.44613940699811516,2.2469999999999724,2.280288888888861,0.11758894715842624,-0.2821869488536213,3.3714183058066762,2.218463719664358,0.7263241405600911,0.1999813125000572,3.3442517877106237,0.26971617118557867,0.9354838709677419,0.48333333333333334,0.6625240601081528,0.6581619746103238,0.756319376102697,0.08844054579755774,-0.1650188615638975,-0.03601831846861803,0.6754466994836212,0.9603147229830358,1.0090677583012362,0.34654369819308367,26.09665537777831,0.0,0.0,0.0,0.0,1.167883211678832,0.5006675567423292,0.9135607626625368,0.26841094007506117,-12.121803924141831,10.88888888888889,0.2531706271750634,1.0,20.17306666666642,,0.46497613191604614
ID11_DCHA,23.0,1.1770378676394846,0.854919191919227,0.8655111111111466,0.04295455256464281,-0.12092563073709739,12.056407841585811,14.993424462968418,3.840600188784656,0.093779521693953,-1.0690090205340486,-0.16197673618486885,2.25,0.6923076923076923,1.6151164296182188,1.578400674313001,1.9829256994303937,0.09412425388185747,-1.1409410004758602,-0.16650713607001666,1.8373907120185629,0.8131073572744887,1.6820190337629943,0.06690260414477572,47.06309924751077,0.0,0.0,0.0,0.0,1.0769230769230769,1.2516688918557564,0.9028076877136781,0.38405940984568204,-10.484602306937353,2.0,0.2347256765082842,1.0,19.54057777777858,,0.4636686146259308
ID11_IZDA,24.0,1.2345227426523186,0.7960386473429854,0.765644444444435,0.09781074659136527,0.020661157024792657,11.654798219441998,13.247009092125737,3.796942938083065,0.0835864470462584,-1.0116937298087376,-0.15381219394178525,1.0909090909090908,0.5217391304347826,1.563214556531466,1.562307348163086,1.684388874498659,0.036777587207614766,-0.2693010289163149,-0.036705052791775494,1.642722924518131,0.9237168379448215,1.574519812764547,0.011305256233081129,45.36218045970503,0.0,0.0,0.0,0.0,1.2608695652173914,1.251668891855823,0.9353047539621341,0.3628079628066839,-9.42852528738084,2.0,0.18833890137644266,1.0,19.440711111110872,,0.4802289307117462
ID120_DCHA,22.0,1.2493027880905,0.7957629629629531,0.7989333333333235,0.16015738041626879,-0.374864179645052,10.431811494390056,10.974616721379101,3.6161882730223667,0.13682824409533867,-0.3380294082782604,-0.023287688856622912,0.8221153846153846,0.45072463768115945,1.4059773511117604,1.4148317614898644,1.6952662843832373,0.11725629536051267,-0.3472400647918197,-0.033839213882055685,1.4870400607971823,0.8900226573052714,1.4377866660404144,0.031809314928654055,46.66235418088971,0.0,0.0,0.0,0.0,1.2083333333333333,1.251668891855823,0.9011706646887451,0.4080528489828737,-9.243558841356311,2.6818181818181817,0.3766769046303836,1.0,17.609822222222007,,0.5475161075592041
ID120_IZDA,24.0,1.2096665800485809,0.8249855072463667,0.765644444444435,0.24844236205561568,0.5861244019138757,9.256465565447522,9.151764690205168,2.925158672463752,0.19561636152136092,-1.5398153732107083,-0.20421772871718602,0.9285714285714286,0.48148148148148145,1.1530258670721223,1.1783634605728306,1.4911747619429985,0.15825007889840909,-1.5169054644059,-0.19660721180448204,1.3494871514903086,0.7510011349660254,1.1655495144109371,0.01252364733881463,38.00682378817859,0.0,0.0,1.0,0.5991999999999926,1.9565217391304348,1.251668891855823,0.8446693169267852,0.49034459230431193,-10.351745866425112,2.375,0.25501999040508644,1.0,19.840177777777534,,0.5255396366119385
ID121_DCHA,22.0,1.1355346647764168,0.8829481481481374,0.8987999999999889,0.05889127277147848,-0.03917088297698845,9.53470716091487,13.103356578086567,3.8254594173721657,0.1023813343679259,-1.3933521732851604,-0.1791925339221242,1.452991452991453,0.5923295454545454,1.709775233406724,1.6803893532131915,1.93158481051165,0.05748463582610267,-0.5196153344929904,-0.07783682920107793,1.8487512617419455,0.8953022515427068,1.8042707843223427,0.09449555091561837,45.18777621265547,0.0,0.0,0.0,0.0,1.1111111111111112,1.251668891855823,0.9178396492182913,0.3536914231841861,-9.044986573716924,2.0,0.13583369936563877,1.0,19.374133333333095,,0.47858306765556335
ID121_IZDA,21.0,1.1309171199310541,0.8901805555555663,0.898500000000011,0.1151468622898051,-0.7336097252477021,9.091503858344666,12.47224145851912,3.4806633912034566,0.06107614716579531,0.28607800248182547,0.023060628382737258,1.2727272727272727,0.56,1.576106367884808,1.5567790981193415,1.7354977913342131,0.05296944883533672,0.600657492100427,0.08393440895697668,1.4857727148428674,1.0861515432656996,1.621492553949954,0.04538618606514616,50.22040002850498,0.0,0.0,0.0,0.0,1.2222222222222223,1.0016694490817908,0.8465408436548146,0.4217960612825479,-8.044373311711366,2.0,0.08221278474326883,1.0,18.569000000000226,,0.4756109118461609
ID122_DCHA,20.0,1.0148666690722754,0.9864023391812876,0.9653777777777783,0.13988059987351498,-0.32563647128478623,6.3379569014523,7.036701511027809,1.8563665199844568,0.12417910890639351,-1.2851803218179685,-0.1606311788179714,1.2967032967032948,0.564583333333333,0.8839609589467485,0.8892045133407374,1.0404383947435545,0.09746310479319541,-0.9912642980879599,-0.13885442563267913,0.9884536759309788,0.8628454672340451,0.9444804869880208,0.06051952804127235,28.47521677389856,0.0,0.0,0.0,0.0,1.3103448275862075,1.001335113484645,0.8836860855076959,0.4311294637660573,-10.768962241951703,2.35,0.10989564982320699,1.0,19.707022222222243,,0.4814740717411041
ID122_IZDA,21.0,1.0990263440685275,0.9054577777777666,0.8821555555555447,0.19053909588014617,0.7463511720477641,9.913936502531456,9.395896632354173,2.6295370559895073,0.12173720955550166,-0.8894121673337494,-0.11537039981904929,0.45,0.3103448275862069,1.1408929028809471,1.151488424294414,1.2541110776537487,0.06194151550299191,-0.7810686453050026,-0.10588318124101803,1.2224253443009385,0.8646197143290888,1.1823438415704959,0.04145093868954881,37.463636868822064,0.0,0.0,0.0,0.0,1.6603773584905661,1.0013351134846584,0.7265794831655176,0.5547180223336272,-11.897307474581469,2.2857142857142856,0.1278139030295832,1.0,19.10782222222199,,0.45070263743400574
ID123_DCHA,11.0,0.5629311540884793,1.750995555555534,1.6977333333333124,0.24230409074303907,3.0187809655490265,6.909072590308367,6.428608722156692,1.1990867311907993,0.1750248985726754,-2.447807797952308,-0.18200468401143577,0.8076923076923077,0.44680851063829785,1.0078512657787415,1.002247593366488,1.1923512979736772,0.07021222413931473,-1.6530150073437946,-0.11421758828190376,1.0511137909377968,0.9244216024492203,1.0643972616328063,0.05654599585406515,32.06903349291208,0.0,0.0,10.0,7.523288888888796,1.6470588235294117,0.5006675567423292,0.8075393890587803,0.41239690212320257,-14.538766823679335,2.0,0.07955609870916333,1.0,19.540577777777536,,0.48632752895355225
ID123_IZDA,12.0,0.6291110660636934,1.6160242424241362,1.564577777777675,0.316617880746217,4.325842696629212,6.296109021893133,6.657046301502052,1.429006612089782,0.16023205218493908,-2.7230073891628894,-0.18002691535381055,1.5701754385964912,0.6103723404255319,0.9915909510166724,0.9555560023435423,1.2152571177382525,0.18765732651293718,-4.816500082039532,-0.3035619111658677,1.1856038011892855,0.6934344448611369,1.0399831702505107,0.04839221923383822,30.71862388276412,0.0,0.0,7.0,6.5579111111106805,1.7446808510638299,0.751001335113534,0.8088868089658989,0.4821148931144972,-11.460023867109788,2.9166666666666665,0.0866151894847342,1.0,19.07453333333208,,0.5522482395172119
ID124_DCHA,12.0,0.6380188333707558,1.5948404040403843,1.5645777777777585,0.20167484258954696,3.1119544592030395,4.323287126742096,3.7630011145101,0.9100440318871894,0.246203724009041,1.5180128418960666,0.08253541523770913,0.849002849002849,0.45916666666666667,0.7023772042742517,0.6787798383055441,0.924109703252929,0.145650961559111,0.362508424639685,0.03808352983390573,0.6932682230490026,1.0676050467566733,0.7571918463618156,0.05481464208756387,19.8099293600927,0.0,0.0,4.0,2.7296888888888553,1.4680851063829776,0.7510013351134939,0.8983722606163681,0.3902141034138607,-11.30291102236339,2.75,0.17467048922364892,1.0,18.808222222221993,,0.45032867789268494
ID124_IZDA,13.0,0.6948766801761777,1.4341962962962966,1.4314222222222224,0.1606580640588403,-0.5762129553232068,5.548689336724059,5.699227360849888,1.2044971338403008,0.25700949550712326,-5.47191697253143,-0.36045657645583407,0.9999999999999972,0.4999999999999993,0.8478094629916342,0.8095222577177137,1.0823758558254952,0.1836795589337461,-3.1136541113349474,-0.21619402445215719,0.9816667736842696,0.7688272669926458,0.9019617939671115,0.05415233097547735,23.70206047228103,0.0,0.0,6.0,3.4953333333333343,1.2558139534883725,0.7510013351134845,0.8958241710910597,0.40681581913871734,-13.59804604023427,2.3076923076923075,0.299647842413005,1.0,18.708355555555563,,0.4412596523761749
ID125_DCHA,41.0,2.0425243608393533,0.4901788888888829,0.4993333333333272,0.0567936457849838,0.06052169702838478,3.6265914379086612,4.220075359041999,1.702813753509685,0.13402751092244403,-0.013914079805687169,-0.02116213124533417,1.0,0.5,0.4252957629415209,0.4446533279613495,0.5121843314367114,0.13926093313915627,-0.021110865299361584,-0.026632671796978702,0.4556355284977232,1.054670717774191,0.4881275260038003,0.06283176306227933,12.562368517895607,0.0,0.0,0.0,0.0,1.1333333333333333,2.002670226969317,0.7860891721497475,0.50503101631076,-9.21440879364299,2.048780487804878,0.20109264490956202,1.0,20.07319999999975,,0.5335153341293335
ID125_IZDA,41.0,2.0665137409163257,0.4818566666666607,0.4660444444444387,0.05567102404589349,-0.1354473488935763,4.434742956409756,4.9690568596668525,2.0597520724027993,0.15025629772230623,-0.8481502323535022,-0.22587675742279134,1.2,0.5454545454545454,0.5052405292513497,0.5204260563812634,0.6354387200202698,0.16240119983970483,-0.9966599356419149,-0.26471379380682003,0.5741172253119486,0.7601045413958175,0.5456254187380043,0.0403848894866546,15.14983150074078,0.0,0.0,0.0,0.0,1.1428571428571428,2.002670226969317,0.7808219813061101,0.526988405833486,-7.789311578946684,2.1951219512195124,0.058547970583087625,1.0,19.840177777777534,,0.5217251181602478
ID126_DCHA,33.0,1.6549612059263186,0.6033611111110715,0.49933333333330054,0.7624667396890081,-1.5330164829608637,3.6656234231480376,4.519691817893389,1.6335884409987251,0.4308338865593116,-2.1042619045132644,-0.27258873898893077,2.5,0.7142857142857143,0.42699691310757415,0.4465313525060265,0.9239976652164732,0.4953412003401153,-2.624202408837203,-0.321822507415522,0.6781486423537617,0.24335134465841018,0.49697818600928745,0.06998127290171323,12.315859960690515,3.0,0.09375,0.0,0.0,5.8,2.002670226969424,0.5952683873538585,0.7039485599579078,-9.515969706714928,3.4242424242424243,0.12324957892114334,1.0,19.940044444443135,,0.4140920639038086
ID126_IZDA,14.0,0.7480790398940141,1.3294384615384125,1.1321999999999584,0.3066914489567868,3.7572254335260107,3.036893563542302,2.2334950995680343,0.9013259186600615,0.368335330391939,-8.012890793603473,-0.5442166536199948,0.6485294117647059,0.3933982683982684,0.54285962619466,0.6050395886032043,0.6841793950394006,0.2189542107738786,-4.791149351223272,-0.3972034918742582,0.6460305788839947,0.6046292595806371,0.6075644023271677,0.06470477613250766,16.800055494702995,0.0,0.0,2.0,1.8980999999999302,2.0,1.0010010010010377,0.8181495482528388,0.41753501228895307,-8.008559953441168,2.4285714285714284,0.17290150621098482,1.0,18.714599999999308,,0.42691415548324585
ID127_DCHA,14.0,0.7044568637580418,1.4647111111111129,1.3648444444444454,0.20386444519645266,-1.9480519480519431,10.357143171219752,11.156030256125737,2.2863056408628375,0.09899316176392213,-0.6644733050598388,-0.0826949189275118,0.9749999999999998,0.4935897435897435,1.5622369287605553,1.5408962406260016,1.8436428858821192,0.1025251085973309,-0.6395111606285312,-0.07585424750605341,1.6514856264204265,0.9267992062922211,1.6796443210407914,0.11740739228023654,56.87951470506783,0.0,0.0,3.0,2.696400000000003,1.4634146341463419,0.7510013351134839,0.902695344752194,0.41687368030482247,-13.316143900252584,1.9285714285714286,0.16354949922709786,1.0,19.873466666666687,,0.48241594433784485
ID127_IZDA,13.0,0.6827284864668126,1.4813555555555373,1.5479333333333143,0.21030554518901065,3.0643513789581234,8.345614167077501,7.2620301056006165,2.1705234756386553,0.16671961462881793,-2.5779828488273138,-0.14881284039474507,1.5000000000000024,0.6000000000000004,1.544749526557441,1.5428833669953428,1.749670544228926,0.07228681134209423,1.062992689803475,0.1076582792821863,1.4507382587506583,1.1253658301062466,1.6015146428148517,0.056765116257410805,53.43283844563249,0.0,0.0,3.0,1.9307555555555318,1.2688172043010753,0.7510013351134939,0.8805987509054296,0.429283420535092,-9.818038055661596,2.8461538461538463,0.18945569597865394,1.0,19.04124444444421,,0.44397568702697754
ID22_DCHA,26.0,1.2358249818323317,0.8189066666666567,0.7989333333333235,0.19478290326359246,-0.4815509693558453,6.825207636958065,9.299108579904212,2.7426321073094466,0.19176301868862242,-1.9779333981543723,-0.328553073404544,1.8819444444444444,0.6530100334448161,1.0775523751479605,1.0799519773583572,1.288238016868171,0.14388620227939677,-1.3254571334620948,-0.23963735709426026,1.183975782448692,0.7882913354491022,1.152104455240538,0.07455208009257745,26.734123095288616,0.0,0.0,0.0,0.0,1.7916666666666667,1.251668891855823,0.8804657590594862,0.4396383059302299,-8.856155637675602,2.1923076923076925,0.2943581914590301,1.0,21.03857777777752,,0.5455436706542969
ID22_IZDA,29.0,1.5124332443257715,0.6645888888888873,0.6657777777777765,0.06347475849449073,-0.08636111282462519,11.944828972695769,15.090912452352498,4.703144798718141,0.06812918022086745,0.6533643416864858,0.13236348358991035,2.5000000000000044,0.7142857142857146,1.6027295234063585,1.6050831347928916,1.8012041251963962,0.06168117703257184,0.5933286053441267,0.10725357449432327,1.4644587293911546,1.1503261434712446,1.6093585074533168,0.006628984046957833,52.23391584222867,0.0,0.0,0.0,0.0,1.0999999999999992,1.5020026702269726,0.9073002384396294,0.4009514439667071,-7.700865998432681,2.0344827586206895,0.12601341279956826,1.0,19.174399999999952,,0.5197956562042236
ID23_DCHA,19.0,0.8876532110206148,1.1262740740740602,1.0985333333333198,0.2563943582201597,-4.358767100306549,5.512774612582184,7.4336008637284445,1.8915324582071111,0.1226261871301538,0.7523680821239104,0.13698696665505827,1.75,0.6363636363636364,0.9938662339734385,1.0175122977287512,1.123795390204919,0.07142577091510804,-0.16732304345296742,-0.02103798618076147,0.9662432546510166,1.0048010038553703,1.169187644693074,0.17532141071963547,30.963994502935897,0.0,0.0,2.0,1.4979999999999816,1.4242424242424243,1.0013351134846584,0.7554262502208342,0.5258475073228299,-10.203335543973735,2.5789473684210527,0.2888509030081437,1.0,21.404755555555294,,0.4496456980705261
ID23_IZDA,26.0,1.351282679096872,0.7443395555555861,0.7323555555555856,0.13439456150978854,1.0527040044034675,11.272478060138834,10.895455633282733,3.8613215051513072,0.17287262999467037,-1.6183987691002375,-0.29257129505782853,1.1483516483516483,0.5345238095238095,1.4363183013919891,1.4641586034222858,1.6268569677168354,0.09831976556946959,-0.8607897312556888,-0.14075164114665017,1.456906140166833,0.8445763564281756,1.4616864595780124,0.025368158186022897,43.844737024161695,0.0,0.0,0.0,0.0,1.3636363636363635,1.2516688918557564,0.8126739199500714,0.5103067628371234,-7.897214213673001,2.3461538461538463,0.2462212832428298,1.0,19.240977777778568,,0.4905998706817627
ID25_DCHA,63.0,3.1240185788194466,0.31935931899641967,0.29950000000000365,0.34835353756446497,-0.09420161507225876,4.580770236804725,4.666512937161346,2.530420476151078,0.4275454141931551,-1.617859427562977,-0.4589667452684836,1.0,0.5,0.4082691771226327,0.360010073741833,0.9218468415220266,0.47469920983508196,-1.7839286584432004,-0.47546863789834237,0.8336866586947427,0.27037593916298597,0.6025616422308343,0.1942924651082015,11.058037912452534,2.0,0.03225806451612903,0.0,0.0,2.6666666666666665,2.7545909849749246,0.308032656782611,0.8342285793431313,-7.768004788644914,2.6984126984126986,0.27112577180865477,1.0,20.16633333333358,,0.3848644196987152
ID25_IZDA,38.0,1.9956678835183486,0.49933333333333385,0.3661777777777786,1.386247337844759,4.371740161213847,2.515964801717604,2.86220999768823,1.3896170227493645,0.4476138196284162,-2.4895567417486073,-0.5431917139971941,1.0384615384615445,0.5092592592592607,0.2676720964328374,0.2558443466647867,0.5558678350556816,0.4394442703165984,-1.9198706586438337,-0.44287998156924213,0.3970881673025063,0.3539799059979446,0.4743041187211546,0.20663202228831712,9.23269364841541,2.0,0.05405405405405406,0.0,0.0,12.454545454545439,2.5033377837116126,0.3508265075660557,0.8398591851479033,-6.994446370531786,3.3157894736842106,0.13901374897597613,1.0,19.041244444444466,,0.4321818947792053
ID26_DCHA,31.0,1.5918660778474056,0.6280503703703626,0.6324888888888811,0.33008148828711653,1.1555831567859043,8.482037341512822,11.301067672083953,4.006078550814296,0.13263391933290597,-0.5521995831437018,-0.12470125915287866,1.8333333333333333,0.6470588235294118,1.1831119582783245,1.1569175789027772,1.520245151178002,0.14133245853921456,-0.052578137001689194,-0.02380644675663146,1.0841773119671074,1.0615940309630034,1.3560381269940296,0.1729261687157052,37.11544008668374,1.0,0.03333333333333333,0.0,0.0,2.4210526315789473,1.5020026702269877,0.7706886886110823,0.5507985023472427,-8.138107192884126,2.193548387096774,0.14736573195926372,1.0,19.473999999999762,,0.4598811864852905
ID26_IZDA,28.0,1.4112776767233255,0.7113958847736633,0.699066666666667,0.11957149608776681,0.17711924124402503,9.100659833374475,13.085034615827196,3.981163889373953,0.1194430234455069,-1.1668437001374574,-0.19842193449075696,2.500000000000012,0.7136363636363647,1.463734130852702,1.4438048494623603,1.7881609996039207,0.09791317179319803,-1.0047379930884734,-0.1680377944627517,1.6894998653838968,0.8049654668642546,1.6500915708094923,0.1863574399567905,47.14957458860892,0.0,0.0,0.0,0.0,1.2857142857142858,1.5020026702269678,0.8403858866304784,0.454601209030017,-8.225460524706532,2.0,0.14930068667040752,1.0,19.840177777777797,,0.49532371759414673
ID27_DCHA,24.0,1.22404292310512,0.827880193236749,0.8322222222222564,0.11142276481907827,-0.6039415130324225,10.91457345255814,14.075173140056956,4.085979203047703,0.08095462449682447,0.395930024375196,0.05556102949529795,1.4444444444444444,0.5909090909090909,1.7046435513263554,1.685614085230408,1.9083278477767018,0.06535219940572033,-0.3928794243298058,-0.06061970530317318,1.8313220959864691,0.8972925183264732,1.815480948791274,0.11083739746491882,54.7111100360543,0.0,0.0,0.0,0.0,1.16,1.2516688918557564,0.8580546498214562,0.4243787124431448,-9.881988784626328,2.2916666666666665,0.09537312333926393,1.0,19.60715555555636,,0.48547351360321045
ID27_IZDA,24.0,1.203608149764515,0.8365642512077303,0.8322222222222226,0.10901026991019641,0.1415539477823203,9.631131976459152,13.077208411483047,3.4120609315710673,0.07989096988364142,-0.8341196299326913,-0.13472058866627612,3.3999999999999977,0.7727272727272726,1.4260468456039435,1.3948442198191406,1.79033333973892,0.10615941625614508,-1.184974449223497,-0.18739783788919384,1.6264567828276415,0.799874769908309,1.5218620429521994,0.09581519734825578,47.03377602385899,0.0,0.0,0.0,0.0,1.240000000000001,1.2516688918558063,0.7857061758159727,0.5117344843828388,-10.789957866922208,2.1666666666666665,0.16442397723215707,1.0,19.940044444444464,,0.4532705247402191
ID29_DCHA,33.0,1.6945671151278834,0.5877569444444373,0.5825555555555493,0.07439946745834917,-0.5615965536034012,8.265203858170445,11.667329298148344,3.9247005131415484,0.12015404954565936,-1.0690346422013899,-0.23064938991013684,2.4000000000000257,0.7058823529411787,1.1879735513832705,1.2321860243438205,1.3761999719877345,0.11033926868586508,-0.9845134679597988,-0.207103187969237,1.305579042097343,0.7739693445763454,1.2676166291667705,0.07964307778349995,36.88261230532304,0.0,0.0,0.0,0.0,1.142857142857141,1.7523364485981523,0.8714158391540792,0.44807186230314194,-6.336850341496121,2.0,0.11017860360840226,1.0,19.473999999999762,,0.46202442049980164
ID29_IZDA,32.0,1.5758716540086428,0.6389318996415693,0.6324888888888811,0.07054820793887513,-0.004201680672269586,9.718011857323315,12.001129937713506,3.9700547854052934,0.053872267154907866,-0.27599666573134096,-0.04767315479433254,2.1666666666666754,0.6842105263157904,1.313845153425933,1.32671541167554,1.4014381657961283,0.033776311109971265,-0.10425682932858912,-0.013298491435136839,1.3172635935775017,0.9581093984618679,1.378682745880321,0.06483759245438787,41.660608830935416,0.0,0.0,0.0,0.0,1.2105263157894737,1.5020026702269877,0.9160945922399364,0.3790189985524677,-8.180987560495662,1.96875,0.12268078270178208,1.0,20.306222222221972,,0.4412049353122711
ID30_DCHA,29.0,1.4375603114383708,0.6895555555555472,0.6824222222222129,0.09728783434252325,-0.10569427929712981,8.860403102028593,14.575645571048984,4.302737231547705,0.0872584639494063,-0.6271658492862165,-0.09834109925157997,2.9999999999999574,0.7499999999999973,1.5591769216077918,1.554809401384126,1.7053604610305892,0.045476494910078144,-0.31769094803600656,-0.060308597998333546,1.608533756772123,0.9430749465465215,1.7099504726884167,0.1507735510806252,54.49216039183066,0.0,0.0,0.0,0.0,1.2682926829268308,1.5020026702269877,0.8475123593538353,0.4688937752097277,-9.04690473455762,2.3793103448275863,0.1440504959662105,1.0,20.173066666666422,,0.46179676055908203
ID30_IZDA,28.0,1.383885423073453,0.7160884773663021,0.6988333333333792,0.08424948881597533,-0.3631480395680038,7.286759028960018,9.751239137215896,3.125388433514836,0.17602152023047565,-1.859826478522012,-0.29298944349226486,1.3642857142857143,0.5767263427109974,1.1570049789812524,1.1146061117559618,1.4124894812021012,0.1357065558781231,-1.3008754997244183,-0.21139658310517173,1.3339337832102198,0.7712219611328602,1.2410447599472383,0.08403978096598581,37.87860529448865,0.0,0.0,0.0,0.0,1.1904761904761905,1.502504173622606,0.8966403883377051,0.40334209953274847,-7.575217212070027,2.0357142857142856,0.26321107837757446,1.0,20.232888888890216,,0.49894624948501587
ID32_DCHA,20.0,1.027010372804778,0.9776421052631459,1.031955555555541,0.196136289664297,0.06571087216248182,11.572567832729092,13.180573278766397,3.088505234127719,0.044107638404568356,-0.039161009915065034,0.004200824604557063,1.494047619047619,0.5986590038314177,1.4499178007672664,1.4426892827444435,1.5740260230892973,0.04091040035587347,0.3476063803801579,0.0548333412269173,1.4053825008021033,1.0512675761060513,1.506365064765463,0.05644726399819662,53.00544745576898,0.0,0.0,1.0,0.5991999999999926,1.3225806451612943,1.0013351134846584,0.818770394101853,0.47771967779552504,-11.018053242973377,2.0,0.11639551188253215,1.0,19.473999999999762,,0.48064932227134705
ID32_IZDA,21.0,1.0802073998207788,0.9254311111110999,0.8987999999999889,0.11689263891562546,-0.21636825877643656,10.316942816978043,12.243767458868845,3.1713118637986346,0.10189444919967745,-1.0347144563587543,-0.10286873513991357,2.2222222222222223,0.6896551724137931,1.4779698819962526,1.4802341047376304,1.6458377266503645,0.057510494953825084,-0.4757252862917721,-0.046483231079598064,1.5379752432476548,0.9057545522295586,1.5359971811178421,0.05802729912158957,46.804338081834786,0.0,0.0,0.0,0.0,1.3703703703703705,1.0013351134846584,0.8199260205040063,0.46033877006314516,-10.831067865169741,2.0476190476190474,0.13745360431553427,1.0,19.440711111110872,,0.45688170194625854
ID36_DCHA,26.0,1.3283016811531185,0.7643128888888795,0.765644444444435,0.06218316479991201,0.15411417850442027,10.139809359677672,12.020536801055364,4.03438560045149,0.1438977214857138,-1.527730666171432,-0.2584751336819545,1.1778846153846154,0.5405679513184585,1.5212119835808147,1.4899437365421133,1.736310480599333,0.09084779918244278,-1.1463575240539132,-0.18716354889079012,1.7105832058905925,0.7813682942135046,1.573906241013419,0.052694257432604016,49.49628829216093,0.0,0.0,0.0,0.0,1.1304347826086956,1.251668891855823,0.9331402554718506,0.3656884682521444,-8.015725742877672,2.0,0.24538970981924502,1.0,19.573866666666426,,0.47960275411605835
ID36_IZDA,30.0,1.467755052339037,0.6807003831417722,0.6990666666666758,0.09401254546216781,-0.09154420621537204,6.381202547723018,8.788259574373138,3.0534651440888423,0.10598640052207012,-0.9391767293440444,-0.16590274053250387,1.4722222222222223,0.5954545454545455,1.0755715994302584,1.0801307855222737,1.190448134502463,0.05735135902892451,-0.4259230327759534,-0.07507395837055042,1.137626220926816,0.9027139075901942,1.2118111081819434,0.1362395087516851,36.172030239166006,0.0,0.0,0.0,0.0,1.190476190476192,1.5020026702269478,0.9297595181748289,0.38013350013821945,-7.36595667967439,2.033333333333333,0.15760783013744495,1.0,20.43937777777807,,0.5266090035438538
ID40_DCHA,27.0,1.3384182209943456,0.7464393162393071,0.7489999999999908,0.08495329329015297,0.3186582809224334,4.119102401594937,6.221269150778614,1.9246367632460437,0.14270906819567242,-0.4802247483059822,-0.06914469144211366,1.875,0.6521739130434783,0.7190822943439374,0.7198617446326006,0.8291526459639951,0.076940951116083,0.06564027106739215,0.019963747602135706,0.7220012712221671,0.9920459221317086,0.8800439535799567,0.160961659236019,21.708352337335857,0.0,0.0,0.0,0.0,1.1555555555555554,1.251668891855823,0.9138000778753369,0.3820217993071715,-7.336299975520436,2.037037037037037,0.22173598356922028,1.0,20.17306666666642,,0.43146705627441406
ID40_IZDA,26.0,1.3305645460273143,0.7536604444444351,0.765644444444435,0.10216842611166747,0.7406904050013579,2.9709325555082873,4.453788101213681,1.4950978211025772,0.26908975741911123,-2.598161030086262,-0.38321369892991897,1.3166666666666629,0.5683229813664589,0.5756266192083201,0.5514808258409507,0.8126875472438213,0.20857096268980552,-1.9681448999708724,-0.30102486283282337,0.7130748094663957,0.7185872149424962,0.7267476145445642,0.15112099533624385,17.354632710188874,0.0,0.0,0.0,0.0,1.1739130434782585,1.251668891855823,0.9000273122389657,0.40517248661939465,-7.8851756360746,2.0384615384615383,0.24690146587668776,1.0,19.54057777777754,,0.5025951862335205
ID43_DCHA,27.0,1.4330060811352694,0.7003470085470093,0.6824222222222236,0.3533636885894527,-0.703635994312408,8.223969334111244,7.812151816773274,3.12733944473596,0.24576088327601853,-2.461320408319595,-0.36241833534112666,1.2727272727272727,0.56,0.9906585236281822,0.892042624389725,1.6579043322131488,0.32269410428252204,-3.656336506023884,-0.4668142065756268,1.4978988231780996,0.44983342094617984,1.1174628841739038,0.1268043605457216,29.115143651707104,0.0,0.0,1.0,0.6324888888888895,1.9024390243902427,1.2516688918558063,0.6071889038970362,0.6754897092458128,-8.606529737767454,2.6296296296296298,0.30100181988464036,1.0,18.84151111111113,,0.41238167881965637
ID43_IZDA,20.0,1.0540369615627982,0.9093122807017433,0.9320888888888774,0.2098158849763551,-0.5973025048169547,7.145149203316896,7.977456458389068,2.175730725092367,0.2132365700520881,-2.59612393951735,-0.30071459298712233,1.0277777777777792,0.5060150375939854,0.95564635825621,1.0074532672750536,1.23281198474659,0.2113584177963062,-2.4957017031123314,-0.3046435156232993,1.126040811608237,0.7152981592732398,1.0127377185121085,0.05709136025589845,29.198857664740654,0.0,0.0,0.0,0.0,1.4285714285714286,1.0013351134846584,0.8008154235274533,0.5272800680050604,-9.611975876452291,2.6,0.6529449509695752,1.0,18.974666666666437,,0.30653461813926697
ID44_DCHA,27.0,1.3747143083432714,0.7272341880342179,0.7157111111111405,0.1730016689653274,-1.593114241001565,14.413977921055427,14.951272024218948,4.956939246594146,0.14306690311621514,1.439251806218628,0.2777127681128986,1.3636363636363635,0.5769230769230769,1.797172124825725,1.8432810356293075,1.960185018083747,0.0852100504886586,0.755938462285514,0.12999328391953724,1.5249240066032423,1.2249881818594361,1.864403307163822,0.06723118233809723,65.34650883884353,0.0,0.0,0.0,0.0,1.4883720930232558,1.2516688918557564,0.7479641704993834,0.5251075942395925,-7.2408177502884605,2.037037037037037,0.10640794878357837,1.0,19.64044444444525,,0.48175159096717834
ID44_IZDA,27.0,1.3770482884933168,0.7297948717948716,0.7323555555555554,0.1212939369645165,-0.2744639376218345,7.559193626045804,9.76906605550438,3.3439166459989473,0.146511227518884,-0.47947228127425884,-0.06969743812312279,2.0,0.6666666666666666,1.2545868705547467,1.2371759628607848,1.4965014311965028,0.0908057873314646,-0.901147961745006,-0.1317991193615844,1.3931017683105442,0.819343739090471,1.3769259057290715,0.12233903517432498,42.34322237926246,0.0,0.0,0.0,0.0,1.181818181818182,1.251668891855808,0.8104662236252651,0.48431114400683906,-8.252000913738986,2.2962962962962963,0.21977169890632597,1.0,19.60715555555555,,0.46586817502975464
ID50_DCHA,33.0,1.6304634249174321,0.6220861111111118,0.5992000000000006,0.2759349342118166,0.4138918584921418,5.777746783533715,8.075344024674594,2.878492422799276,0.28626527040557054,-2.5813435802113376,-0.4520166302314663,2.0,0.6666666666666666,0.8681896100854669,0.8825612997260208,1.2470338919297632,0.2710799623896681,-2.268297082823371,-0.41290376865927025,1.1049844958186168,0.6045579097870243,0.9816098912694855,0.11342028118401859,29.01421643077614,1.0,0.03125,0.0,0.0,2.2777777777777772,1.752336448598129,0.8199486407504829,0.5175089436656392,-7.567757888972361,2.1515151515151514,0.18292180085783125,1.0,20.239644444444465,,0.5014450550079346
ID50_IZDA,32.0,1.5712461946380194,0.6408655913978915,0.6322777777778192,0.23108293951062692,0.7642378559463986,7.086883127945091,9.589887525392248,3.464983439820644,0.1513866292222254,-1.1064227435715814,-0.22973174291596166,1.7125,0.6309523809523809,1.1091073336429687,1.1179430948299536,1.3106139012667872,0.10515392817214646,-0.7228816485795931,-0.1466222780649089,1.2270589589954404,0.8308511184333294,1.1939663207868438,0.08485898714387533,34.2314904458903,1.0,0.03225806451612903,0.0,0.0,2.1578947368421053,1.502504173622606,0.8801489230331209,0.42975308465002227,-8.842242528926409,2.125,0.38789731850898657,1.0,20.366000000001335,,0.571143388748169
ID981_DCHA,53.0,2.6491228459910263,0.37770085470085013,0.3661777777777733,0.28761668129240314,0.5778889745856775,8.034938021458665,9.359021395382278,4.9432301679547495,0.20007629453962833,-1.1508191174607227,-0.3264512133093115,1.2,0.5454545454545454,1.0039028751592258,0.982531886426788,1.4162288977822055,0.19053624721783013,-0.9800958721599884,-0.28100693600328974,1.3693230899427948,0.5905610914130801,1.1094189870252007,0.10551611186597495,32.317893325414396,1.0,0.019230769230769232,0.0,0.0,3.0,3.0040053404539755,0.6209851907050145,0.5495882089120956,-5.3827208674287945,2.018867924528302,0.15703570390879204,1.0,20.006622222221978,,0.5711460709571838
ID981_IZDA,48.0,2.4356800057734773,0.4122156028368771,0.36617777777777594,0.29214675123861816,1.2344987300164358,6.568601231633809,8.687136051871631,4.282918883324711,0.18213062123254065,-1.1873534260818766,-0.32871735265778834,1.25,0.5555555555555556,0.924369442609308,0.9461112311578808,1.1293879279670946,0.15747205201867012,-0.5444594658417233,-0.19162217822452277,1.0863747871166323,0.9481957533318564,1.0321085387019175,0.10773909609260929,30.042765301086728,1.0,0.02127659574468085,0.0,0.0,2.7272727272727266,2.7536715620827925,0.7108155022153076,0.5868477846771067,-5.584689430236039,2.0208333333333335,0.10298600599278024,1.0,19.70702222222211,,0.5322189927101135
ID982_DCHA,58.0,2.9681824488301234,0.33697699805068265,0.33288888888888923,0.08289955454489682,0.2298708283887277,9.74049242782378,10.562181149506236,5.869033244254024,0.1286212514616619,-0.4623915539089717,-0.14691874673118588,1.2000000000000086,0.5454545454545472,1.1092676731025726,1.1132581930952679,1.3737355442022732,0.11539220339488979,-0.335910998212957,-0.09329148990425107,1.2592038452956433,0.7883487784925206,1.1929581043566053,0.08369043125403255,32.204636938298684,0.0,0.0,0.0,0.0,1.2,3.0040053404539355,0.8625188796293398,0.48037302244222574,-5.6948280332155194,2.0,0.0919427261765034,1.0,19.5405777777778,,0.4767763316631317
ID982_IZDA,69.0,3.501290008299304,0.2858928104575204,0.2996000000000034,0.0804612337292518,0.024445965526742622,12.646088602290497,14.971734719644688,8.191219488332006,0.10631819512865258,-0.3170879644933546,-0.14458854026465418,1.2499999999999933,0.5555555555555542,1.37069452132204,1.3983024706715754,1.7222162717176317,0.1295280575544103,-0.3082103611998466,-0.14454608197222674,1.4788525597671536,0.8351438108295134,1.4144197701155627,0.043725248793522575,43.27445638677317,0.0,0.0,0.0,0.0,1.1111111111111145,3.5046728971962113,0.871930479348131,0.4659600103994632,-5.815748984499964,2.0,0.14062216877419545,1.0,19.707022222222506,,0.4806680679321289
ID983_DCHA,32.0,1.6292910321106304,0.617455197132609,0.6324888888888793,0.16251334102572057,0.6326086956521715,4.5001564290863065,4.583533364110652,1.644052391722298,0.15751410446991823,-0.8768328737096621,-0.17734485603115535,1.4097222222222223,0.5849282296650717,0.49351199414895935,0.47350352251459316,0.7282293682120218,0.14283269713958932,-0.45718517517256935,-0.10057409957757768,0.5824735054009322,0.8659320677437027,0.5753071948972299,0.08179520074827051,2.622333986230706,0.0,0.0,0.0,0.0,1.3157894736842142,1.5020026702269877,0.8202200362017773,0.4936456004038545,-9.153738744423027,2.5,0.1981168057124795,1.0,19.640444444444206,,0.6136041283607483
ID983_IZDA,31.0,1.5757050009149265,0.636927407407407,0.6324888888888889,0.08717767249614435,0.29533395604097223,6.945959829119913,8.660293018836423,2.834578079771848,0.08418175634144194,-0.4363437915684845,-0.062415687673633036,2.600000000000004,0.7222222222222225,0.8604626007004865,0.8676178910504458,0.9958941225532485,0.07645684184984197,-0.1448439151207196,-0.005732533244084181,0.8681961085827348,0.9476141020077938,0.885497643651457,0.02503504295097046,19.6887141060098,0.0,0.0,0.0,0.0,1.2631578947368378,1.5020026702269704,0.7854350348934075,0.5170030465916058,-9.539973186216216,2.161290322580645,0.2050886629602007,1.0,19.67373333333332,,0.5134042501449585
ID984_DCHA,24.0,1.2157863097958592,0.8351169082125613,0.7323555555555554,0.47832366296024087,3.560737356231289,3.085299154230878,5.15667674367337,1.759246556567631,0.23925900100750533,-2.0926430882451275,-0.26878758800921454,1.5277777777777803,0.6043478260869569,0.615957303670226,0.5918917952545654,1.0814093494716839,0.33834962888134146,-2.3272823308420385,-0.2983496138801779,0.8163554285010968,0.521870609583417,0.7617822592858817,0.14582495561565575,17.71283537694568,3.0,0.13043478260869565,0.0,0.0,2.5000000000000013,1.5020026702269678,0.7838459772085752,0.5527424638932834,-7.334797099567276,3.625,0.12003555478666174,1.0,19.740311111111133,,0.47460660338401794
ID984_IZDA,31.0,1.6111447327694115,0.6169540740740748,0.5991999999999997,0.30290674684257063,0.15124718912300128,4.342828097173938,5.280735966630126,1.9282632957337875,0.30708432426687,-2.2431466566273386,-0.321162284993216,1.125000000000005,0.5294117647058835,0.5934728133202073,0.5725565533090023,0.9417500417288355,0.26690644586425866,-1.8142088047406886,-0.2630167497861371,0.856945624438708,0.5592810544236924,0.6880265359390982,0.09455372261889128,2.411985857819696,1.0,0.03333333333333333,0.0,0.0,2.500000000000003,1.752336448598129,0.8190638784777762,0.5112785633749078,-9.333749791405799,3.032258064516129,0.10142920677478084,1.0,19.2409777777778,,0.5539429783821106
ID985_DCHA,29.0,1.471556670154819,0.6729111111111028,0.6491333333333262,0.17357701895145058,0.07310832216400748,7.4962262510356235,7.9536497154064705,2.7197029801919825,0.15005558930535845,-1.2916208895440933,-0.24048747283510286,1.4,0.5833333333333334,0.9240334900324131,0.8932954454196111,1.30529073018596,0.18797917466753158,-1.8571832407637385,-0.32472064938235445,1.1919953548608513,0.6580488602947393,1.130997920624535,0.2069644305921219,32.72800816982308,0.0,0.0,0.0,0.0,1.435897435897434,1.5020026702269877,0.7929789907051485,0.5194587495262536,-8.923973043519538,2.4482758620689653,0.2870156137888135,1.0,19.70702222222198,,0.49316316843032837
ID985_IZDA,30.0,1.586622538972149,0.6267494252873569,0.63248888888889,0.1098901098901101,0.19884877027733694,7.6464553038249266,8.033118037389455,3.1488640906757683,0.09389521547654439,-0.3175400981377405,-0.05532881935798717,1.401785714285714,0.5835913312693497,1.0407871925147967,1.0327666757737357,1.3290743755483816,0.08188574318214435,-0.4708423196124996,-0.07697524639867148,1.1561069276381584,0.8933222817067772,1.0966416544567892,0.05585446194199198,34.22515562014434,0.0,0.0,0.0,0.0,1.2631578947368411,1.5020026702269678,0.8289917239587813,0.4617302600139168,-8.795523985930933,2.1333333333333333,0.14983274673420244,1.0,18.90808888888891,,0.4899347424507141
ID986_DCHA,20.0,1.014866669072289,0.9706339181286432,0.9653777777777659,0.12202486484588883,0.1564380264741278,7.8558376593813986,9.298010932041933,2.8683600128463307,0.12546298122856112,-1.612388851420307,-0.19467706857455336,1.7636363636363637,0.638095238095238,1.399381617316604,1.4106212227029444,1.5895104160442262,0.06599133252348945,-0.8398077541155888,-0.10033237829318897,1.5196709096276568,0.8939103150944636,1.4833771022448727,0.08399548492826844,43.56629237531114,0.0,0.0,0.0,0.0,1.3448275862068984,1.0013351134846584,0.8423242201808008,0.43864019370062274,-8.612886833835587,2.8,0.2392533831775018,1.0,19.70702222222198,,0.5070444941520691
ID986_IZDA,20.0,1.030533564478187,0.9706339181286625,0.9320888888888961,0.22510407607393354,-0.012033694344164549,7.729203763416791,7.757019880550712,2.779464173545045,0.14205987165804385,-0.9710439122321203,-0.14429171343437297,1.5641025641025634,0.6093749999999999,1.0744901531011215,1.0740401396145318,1.3982566376104477,0.15324106062018217,-1.2978074835170326,-0.16547832336286816,1.2224238545887605,0.8589106202758432,1.1280139899306882,0.053523836829566594,33.87170725445263,0.0,0.0,0.0,0.0,1.6071428571428574,1.0013351134846384,0.5980953142611634,0.6255856584467697,-9.927740520235243,5.0,0.12196295956758858,1.0,19.407422222222372,,0.4735581874847412
ID987_DCHA,14.0,0.7128148265484201,1.441664957264901,1.4314222222221673,0.14042085524726375,0.9642222786094923,13.277765709269106,14.438846374341406,2.3915579193856487,0.06552386303623049,0.7048893505014795,0.09133347653186852,4.099999999999954,0.8038461538461521,1.4602479843124618,1.4548886052541867,1.685097973539069,0.0683059578080242,0.5851241454558247,0.07052966084036294,1.4366820118506276,1.0725507038724318,1.5611617647567517,0.10091378044428971,50.95657059472257,0.0,0.0,4.0,2.130488888888806,1.232558139534883,0.751001335113514,0.8682011263644478,0.41817230640499603,-17.15306057619835,2.0714285714285716,0.15876019363190866,1.0,19.640444444443677,,0.48245689272880554
ID987_IZDA,13.0,0.677987316421868,1.5146444444445066,1.5978666666667323,0.14397980957533735,0.06147698455391149,9.993704271707442,14.012234012117098,2.5390620494493987,0.1266834372883565,-0.7401947497497828,-0.04543415889363811,0.875,0.4666666666666667,1.7363059507346938,1.73180551282041,1.8176544076659344,0.029147706318129983,0.3084268860914841,0.022842555901108952,1.7219499258551916,1.0262147192929254,1.879772191826747,0.14346624109205267,52.98170666529366,0.0,0.0,9.0,5.093200000000209,1.1041666666666667,0.7510013351134539,0.9009922980683153,0.38112311053932685,-13.849564066545273,2.076923076923077,0.21056364596814245,1.0,19.174400000000787,,0.5187131762504578
ID988_DCHA,12.0,0.5958357700074001,1.7007595959595754,1.664444444444424,0.262526379238548,-0.8362989323843321,6.501698420827381,8.894512697210246,1.6808726996631396,0.4232123507551202,6.573520680960068,0.5340041908481401,1.228448275862069,0.5512152777777778,1.2876055723496405,1.29819384160594,1.7185584601575685,0.1522121029327101,1.9080091217880006,0.11293070156708462,1.2174825356079042,1.1145736853938195,1.6412661307895047,0.35366055843986444,71.037497995269,0.0,0.0,8.0,5.525955555555488,1.42,0.5006675567423292,0.8506934604764129,0.37245985796754305,-15.030773808893201,3.8333333333333335,0.3827089247069838,1.0,20.13977777777753,,0.4209239184856415
ID988_IZDA,13.0,0.6596633348969789,1.5673518518518537,1.5479333333333352,0.1350130445631404,0.3490314994739875,2.504404723275967,3.795544304032652,0.8771603015040925,0.1949820491148745,0.08610237777735598,-0.009822432655997693,1.125000000000005,0.5294117647058835,0.6191183959356665,0.6505071807558327,0.7267912920600859,0.14680822979783062,0.5124577878453687,0.036169537011948805,0.638406680349437,0.9681766945401069,0.6910196189940853,0.07190122305841885,16.01020641296579,0.0,0.0,1.0,0.5326222222222228,1.311827956989248,0.7510013351134839,0.9333309853941825,0.3486760879971413,-9.804485312393242,3.6153846153846154,0.2211061182886283,1.0,19.707022222222246,,0.39118799567222595
ID989_DCHA,12.0,0.5899846822495454,1.676549494949497,1.7643111111111125,0.3006810638612975,2.0938628158844783,3.5153219713533024,2.762054571042169,0.7182270710717168,0.21243487304069517,-1.5979344543636465,-0.08271971792747257,0.2896742896742902,0.22458333333333366,0.5561098082722457,0.5090575347611817,0.8110829118522824,0.21206568522690403,-2.2965717491069397,-0.10411717066020232,0.6083971847717976,0.8166531639028805,0.7084915766697993,0.15238176839755377,16.71758428234184,0.0,0.0,7.0,5.326222222222228,1.4339622641509437,0.5006675567423226,0.5851210560254035,0.5158383896406685,-10.36308436403332,3.5833333333333335,0.1305488887144967,1.0,20.339511111111133,,0.5029845237731934
ID989_IZDA,15.0,0.7795861610174625,1.2768666666666595,1.2982666666666591,0.2606344669872268,-0.07448789571694468,5.484718036885217,5.670594586408995,1.4520611696625387,0.14407614060295848,-2.5350995209782003,-0.24141811309519579,1.7857142857142863,0.6410256410256411,0.7864326207155823,0.7484661869460361,0.9991518787010609,0.18303403723712397,-3.750136599559232,-0.3142673378739266,0.9637417448410511,0.6857326621260734,0.8803539860859705,0.09392136537038828,21.618595754271073,0.0,0.0,12.0,7.323555555555513,1.5128205128205139,0.7510013351134888,0.7638356554991937,0.5253026871129785,-10.16369207761726,3.466666666666667,0.12404985086795495,1.0,19.24097777777767,,0.541465163230896
ID990_DCHA,26.0,1.3215590330254376,0.7589866666666574,0.7323555555555465,0.20869082900649658,1.5283400809716583,8.166879927029893,7.46579523348675,2.7216291999316606,0.22543992350829467,-2.492634251489743,-0.3286363793787017,1.0833333333333335,0.5192307692307692,1.0107715275500948,0.9950753330012148,1.2869036513894638,0.12266700077024603,-1.2105647432383613,-0.17259601338005948,1.1564791205570528,0.7700366230852733,1.1226310189228235,0.1118594913727285,31.984506716669138,0.0,0.0,0.0,0.0,1.5909090909090884,1.251668891855823,0.7441020072809673,0.5310305980355614,-9.595733266500659,2.1538461538461537,0.14411504419020138,1.0,19.67373333333309,,0.5344125032424927
ID990_IZDA,25.0,1.324517345879178,0.765644444444435,0.7323555555555465,0.3699912293107171,2.8620037807183354,5.47341476949454,6.918430718872311,2.1644802569403323,0.22061767028692075,-2.274153288694416,-0.332259093756591,2.1666666666666665,0.6842105263157895,0.7394951679777315,0.6841489834775701,0.9798560885470677,0.1739832714160917,-1.4635739056385977,-0.22334736348775364,0.7832073592130395,0.7868704036988251,0.8323681484202203,0.09287298044248862,23.24185823462153,1.0,0.041666666666666664,1.0,0.5659111111111041,2.0454545454545454,1.251668891855823,0.5131003782764096,0.6967309826979349,-10.624305020082812,2.72,0.07516080231277848,1.0,18.87479999999977,,0.5393570065498352
ID991_DCHA,24.0,1.2016021361815743,0.8264328502415468,0.7989333333333342,0.1547114733825416,-1.4010507880910723,8.391301409398928,9.698482768726178,2.568507806100916,0.07877739938743006,0.1293991402818276,0.030615205143186053,1.577777777777781,0.6120401337792647,1.0471645068901017,1.0568454280443476,1.162777451308231,0.07181437392068951,-0.10942386699517155,-0.023209713572824642,1.1121981849136042,0.9545574744005282,1.1499582797439671,0.1027937728538653,29.651629562966715,0.0,0.0,0.0,0.0,1.458333333333334,1.2516688918558063,0.8650737849633727,0.47525427196547465,-8.883810082181242,2.25,0.24586905286066582,1.0,19.973333333333354,,0.4607144594192505
ID991_IZDA,27.0,1.3540591684850252,0.7400376068376372,0.7656444444444759,0.1053518155545905,0.015378700499807059,4.770131102641456,8.559960589962643,2.577765312013977,0.1901721096165227,-1.7476353667884987,-0.27213253563246176,1.75,0.6363636363636364,0.9778131936130452,0.9564203819787744,1.190380305187412,0.1317090359514675,-0.9759007808996528,-0.14934359923659346,1.1138689094460825,0.7707732086568689,1.1150559522946588,0.13724275868161323,29.411220103352107,0.0,0.0,0.0,0.0,1.1304347826086956,1.2516688918557564,0.8154248064225391,0.49155499484235055,-8.155563116236252,2.2962962962962963,0.2021264057382138,1.0,19.940044444445263,,0.4907389283180237
ID992_DCHA,35.0,1.7581971056168753,0.5649320261437839,0.5659111111111041,0.07760351187950833,-0.5662967881338773,12.072864423247074,15.559458023231004,5.329365069648526,0.09443516014525287,-0.6644789149129406,-0.13753543155658998,2.2,0.6875,1.6052210487766339,1.603150769752464,1.7842923760515472,0.06737104567381681,-0.20744210622581163,-0.047672416056781075,1.7398332901783629,0.9558265107918152,1.6279411224764562,0.02272007369982214,51.73730401837784,0.0,0.0,0.0,0.0,1.1176470588235294,1.7523364485981523,0.8805411782003202,0.4552830553958532,-7.52726496825947,2.057142857142857,0.19413350893053494,1.0,19.90675555555531,,0.46599361300468445
ID992_IZDA,33.0,1.6916753623716816,0.59295833333333,0.5659111111111068,0.19770925736113398,0.4177599423779432,15.654948664586557,18.24487040325699,6.309556117722879,0.07141998523835474,-0.2492302943998099,-0.0672129117245549,1.8000000000000298,0.6428571428571467,1.9261573817203526,1.9350213831322163,2.1524213808492747,0.0743105613326151,-0.27772224971382864,-0.07619404981091649,2.0006392575695093,0.9532535400340841,1.995583231854661,0.06942585013430823,61.18594145531651,0.0,0.0,0.0,0.0,1.588235294117649,1.7523364485981405,0.8247199583688493,0.49844655861457254,-9.618689371579583,2.0,0.11541175602825221,1.0,19.507288888888777,,0.4771106243133545
ID993_DCHA,29.0,1.6508538899430798,0.599999999999998,0.5999999999999979,0.0839921051131618,0.5990391047862345,6.723555438314237,7.528606699411026,2.921559439487724,0.12967958503422752,-1.2948825439669682,-0.24218859479834398,1.4285714285714286,0.5882352941176471,0.9208247940759251,0.8856280495056894,1.1226135286433536,0.09011139304437167,-0.8596970806500385,-0.1646623594287857,1.0389750611432202,0.8277101366926952,1.0603096721826881,0.13948487810676283,32.467872499374906,0.0,0.0,0.0,0.0,1.1666666666666696,1.7500000000000062,0.8965038242740416,0.42862187349132397,-6.901538589954785,2.0,0.16529397552652617,1.0,17.566666666666606,,0.5717527270317078
ID993_IZDA,28.0,1.9134396355353143,0.5209876543209858,0.4999999999999982,0.3743475865301934,1.1483776886620491,7.932012669010186,8.515706780398054,3.8887633231352394,0.3925123348126005,-3.2920764597743712,-0.5091566048449834,1.3095238095238095,0.5669642857142857,0.9890695690279184,0.9621039564909288,1.707142973189642,0.22723737510637126,-2.0238203993433586,-0.3504432244994138,1.225942133892812,0.6378793326553456,1.1174672071335172,0.1283976381055985,30.29169008988643,1.0,0.037037037037037035,0.0,0.0,2.6,2.000000000000007,0.7093274708788478,0.63131916856626,-6.645223011221196,2.1785714285714284,0.2553547528773659,1.0,14.633333333333281,,0.5417856574058533
ID994_DCHA,31.0,1.6000715730940205,0.6213925925925933,0.6324888888888891,0.12550916707718338,-0.1763864611473078,11.475363720146142,13.112473517182604,4.479316170021351,0.13354823349753672,-1.3868538472316991,-0.25742072916559977,2.4000000000000066,0.7058823529411771,1.4587490124361935,1.466176320317,1.732430891940349,0.09983990789597007,-1.064228121237474,-0.20272734288526328,1.6813270231680595,0.7683703906572089,1.5081345707834823,0.0493855583472889,46.774747244415025,0.0,0.0,0.0,0.0,1.263157894736843,1.5020026702269678,0.8632123004842849,0.4177179256136866,-7.2946466514551505,2.096774193548387,0.170706631882182,1.0,19.374133333333354,,0.501177191734314
ID994_IZDA,33.0,1.6802063768640683,0.5971194444444441,0.5991999999999997,0.12461013757663933,-0.2861025677705421,13.472785886459373,16.871452264847765,5.929768584537795,0.054258530053022294,-0.3102478280944125,-0.06186835940006352,1.83333333333336,0.6470588235294151,1.8554634117235176,1.8715046777179727,2.0508501437482742,0.06086547628703312,-0.08937454751442298,-0.011662500287853761,1.8661320785094315,0.9030705305893579,1.9965703958157341,0.14110698409221673,58.57126882842074,0.0,0.0,0.0,0.0,1.2222222222222225,1.752336448598132,0.8841233929489772,0.38788169746735335,-7.37389640206517,2.0303030303030303,0.10520927094433484,1.0,19.640444444444434,,0.5394591093063354
ID995_DCHA,17.0,0.8427077687742176,1.181755555555541,1.1651111111110968,0.09289370393149948,-1.1350455675227804,12.504693290259263,16.3528389991478,3.9606062567633367,0.13701633558971185,0.19261627848236468,0.0152859858911778,1.75,0.6363636363636364,2.3352873481672622,2.3051181166484245,2.563867719428771,0.0576279338422954,0.3266942246765079,0.029845944945451786,2.2441548034184926,1.0298459449454518,2.403931674025209,0.06864432585794639,103.31398865432017,0.0,0.0,0.0,0.0,1.2571428571428571,0.7510013351134939,0.9282495770292434,0.36126643919040047,-9.18035000470277,2.0,0.2445643982854935,1.0,20.17306666666642,,0.4950069487094879
ID995_IZDA,20.0,1.0217705239639372,0.9846502923976487,0.9653777777777659,0.07933628757867608,0.2075919335705786,8.947829833979137,7.853068064482853,2.5338182297480643,0.20150202554486288,-2.233058491134849,-0.3003437916743269,0.5250626566416033,0.344288793103448,1.2321056268309765,1.1557781575114743,1.583071297253503,0.15526426556602557,-1.0227043356650225,-0.15568753871783125,1.4569342258015103,0.8415062101233521,1.2646897074866978,0.03258408065572147,43.54567707336559,0.0,0.0,0.0,0.0,1.1724137931034482,1.0013351134846584,0.9199216168897972,0.39002851459157156,-10.116921087306217,2.35,0.27457003483892256,1.0,19.573866666666426,,0.49647411704063416
ID996_DCHA,28.0,1.4136495719783226,0.7039983539094659,0.699066666666667,0.07796787842224875,0.4387906314351164,6.22720348777584,8.560780927637484,2.8276887390392345,0.12358215436942821,-0.8789089544085117,-0.16665742318864696,1.7083333333333335,0.6306818181818182,1.022369203719032,1.0142213159070268,1.2128348833803522,0.09698753802725374,-0.6031599546910164,-0.1250338653142684,1.0686006302718654,0.9474596406870934,1.2392708795966936,0.21690167587766127,35.47536403316141,0.0,0.0,0.0,0.0,1.1428571428571437,1.5020026702269678,0.9443695163263819,0.3515585157529338,-7.9226330383864205,2.0,0.11451832871855942,1.0,19.80688888888891,,0.4935043454170227
ID996_IZDA,27.0,1.351802403204289,0.7387572649572558,0.7323555555555465,0.0866031039767694,-0.13094550356248685,8.399508862444877,10.273445012355184,3.1393512265965593,0.1172588599389046,-1.1099037447340543,-0.16071392544302754,1.5,0.6,1.1815036402910832,1.1919947492425094,1.5791085499140962,0.10531134687322753,-0.6497586759078189,-0.09183373637988068,1.323107097708192,0.8671071831516126,1.4304918507657798,0.248988210474696,45.812292305227224,0.0,0.0,0.0,0.0,1.2727272727272727,1.251668891855823,0.9205958797875683,0.35791849116744356,-9.12179592415843,2.037037037037037,0.1235090380262178,1.0,19.973333333333088,,0.4990866780281067
ID997_DCHA,28.0,1.4256296530968018,0.7015325102880573,0.6990666666666581,0.060473288344763634,-0.45771451746847214,7.915535174868121,11.38975144962357,3.2067740411662755,0.08292647616972418,-0.7929074798909735,-0.13585925592781756,3.100000000000004,0.7559523809523814,1.1663140040058315,1.1675856989551079,1.2810608990563455,0.05082730256749865,-0.4464399099920032,-0.07933672878257114,1.2016676742199783,0.9177018452580891,1.2671225485369233,0.1008085445310918,37.652769629310185,0.0,0.0,0.0,0.0,1.1428571428571428,1.5020026702269877,0.8802396276954897,0.42552855379957677,-9.069790326769805,2.4642857142857144,0.13983630290357044,1.0,19.640444444444206,,0.5200945734977722
ID997_IZDA,29.0,1.5045968026452616,0.666966666666694,0.6657777777778051,0.10025054324876197,-0.015025167154982647,7.818860293546253,11.963619916270865,4.027991139393993,0.12400516719182376,0.06002826995168897,0.05596180946451956,2.142857142857143,0.6818181818181818,1.3606493367454267,1.36213287248848,1.593071805000376,0.08415914277496449,0.3587975633664008,0.10263998838982724,1.3232406508280576,1.0427261348979844,1.4893393176617882,0.12868998091636194,44.41220244515016,0.0,0.0,0.0,0.0,1.2,1.5020026702269078,0.8543728321675853,0.46137862271838354,-8.486884200516492,2.8275862068965516,0.14578054268770646,1.0,19.274266666667458,,0.4846118986606598
ID998_DCHA,36.0,1.7757667037166356,0.564008888888882,0.5659111111111041,0.061406885180550076,-0.12730218562973117,5.889438959341067,9.652463409819141,3.335021955284999,0.12994557141881222,-0.8053737803521661,-0.20054412605024374,2.2000000000000344,0.6875000000000033,1.0045563621498999,0.9847534589423317,1.1691380956023163,0.09578421839238002,-0.5470005537964022,-0.14641409232900415,1.0804917778896326,0.8886134554631034,1.0986684604672636,0.09411209831736385,32.56412979572466,0.0,0.0,0.0,0.0,1.1764705882352942,1.7523364485981523,0.861855460919335,0.45724364722454014,-8.373824894054044,2.0277777777777777,0.11237155094307172,1.0,20.272933333333086,,0.45799747109413147
ID998_IZDA,35.0,1.767061964972927,0.5668901960784245,0.5659111111111041,0.07466655033235675,0.16239373752327346,5.319701907266054,7.5490861458864025,2.8525194413578396,0.14512154651129394,-0.7596552417024323,-0.15463781254983866,1.5714285714285714,0.6111111111111112,0.8509087473295992,0.8239581958380735,1.0398470549047567,0.12212504869707455,-0.7603752505544754,-0.15994344756585088,1.0075104459775663,0.7754534642234024,0.980026286942999,0.12911753961340025,28.85551874575593,0.0,0.0,0.0,0.0,1.1764705882352942,1.7523364485981523,0.9228168776869062,0.38916659028669826,-6.61645219649847,2.085714285714286,0.12763836945639545,1.0,19.806888888888643,,0.44043728709220886
ID9992_DCHA,28.0,1.3730066885040557,0.728152263374462,0.7330888888888651,0.16320546599607758,0.18159806295399472,7.425986557611706,7.708422514298806,2.7948320362412775,0.11229085742484238,-0.6452955179868698,-0.13261557515564526,0.9615384615384616,0.49,1.0207963371790294,1.0390480860102664,1.288361906437509,0.13648671532202766,-0.9247535186519684,-0.1662655824503927,1.146294247388019,0.8165901641923292,1.0924301781527859,0.0716338409737566,31.776373529293476,0.0,0.0,0.0,0.0,1.2272727272727273,1.2504168056019078,0.8629410497993302,0.46214479013330156,-9.60650501015115,2.607142857142857,0.1272040282359896,1.0,20.39319999999934,,0.5106145143508911
ID9992_IZDA,36.0,1.7652943137909287,0.5664777777777594,0.5331555555555383,0.286799717750609,0.5585763717251613,6.461048053885003,6.933960761937685,2.8757389536014117,0.23422856986537127,-1.8105874185015618,-0.34029272106868014,0.7350427350427351,0.4232954545454546,0.814466303187828,0.7985566158043567,1.1939673440120657,0.2097247827734539,-1.3230925719309408,-0.26028419955459137,1.080644094799237,0.6279869419742966,0.9062309673479818,0.09176466416015391,24.439954821545292,1.0,0.02857142857142857,0.0,0.0,2.5,1.7505835278426707,0.7063736229466941,0.6303221044014725,-8.24121665430009,2.4166666666666665,0.11802230191987247,1.0,20.39319999999934,,0.5320056676864624
ID9993_DCHA,20.0,1.064937523665274,0.9475555555555594,0.9120000000000035,0.1673899288795157,-0.8943089430894272,9.499740080186905,8.746103340130496,2.7075579151001348,0.18060818213972052,-2.2133662663646767,-0.2728174390362309,0.7083333333333333,0.41428571428571426,1.2096721097131744,1.2522218998044898,1.420853856183231,0.12018595731981098,-1.6919000949465144,-0.2140832247799539,1.3311031008310508,0.7718642489166713,1.295484175248355,0.08581206553518099,38.47189347467928,0.0,0.0,0.0,0.0,1.5185185185185186,1.0035682426404957,0.7822635461528377,0.5330210182833626,-10.850691971302448,2.45,0.20015041690360197,1.0,18.78044444444452,,0.4729331135749817
ID9993_IZDA,19.0,0.8971291866028673,1.1278024691358068,1.1315555555555603,0.22680888817351916,-0.4172612209784516,7.867320269754509,6.618496882331492,1.9082173317258,0.3120104840294202,-5.3633977511377315,-0.5304419566043561,0.5652173913043425,0.36111111111110894,0.9761067998464328,1.0704091724776288,1.2947476875277812,0.2574286764753201,-4.342756773725902,-0.46339388477229493,1.2420089178365044,0.49314808541136335,1.0074845866509776,0.03137778680454481,28.928716066989566,0.0,0.0,0.0,0.0,1.641791044776118,1.0035682426404957,0.820599872987185,0.4767574665417066,-11.061881574077088,2.8421052631578947,0.2099453411311895,1.0,21.17866666666675,,0.4685446619987488
ID9994_DCHA,39.0,1.9901625866443633,0.5016500000000004,0.5003333333333337,0.0812141710943656,0.03237641032916566,6.501949848009674,9.602501172116712,3.5031101435842276,0.15733023204776458,-1.074775199383462,-0.24943294281430384,2.0,0.6666666666666666,0.9096526035761542,0.9051414462110485,1.1254105633637592,0.14345249404778315,-1.0732200088979738,-0.24766459531646257,1.0687313821078983,0.6831610093770434,0.9603282550806157,0.05067565150446147,28.699694607991066,0.0,0.0,0.0,0.0,1.2,2.007030180716341,0.9180038749388668,0.3965998025943584,-7.838519535579801,2.0256410256410255,0.09802113008744705,1.0,19.596388888888903,,0.542473554611206
ID9994_IZDA,38.0,2.0074722578486575,0.49988258258258295,0.5003333333333337,0.08928327354002921,0.4785408064796796,6.92441673582132,11.320403968238582,3.89775467748114,0.08126096214203328,-0.315110589264202,-0.0999883988504976,2.277777777777791,0.6948275862068978,0.9877916803092044,0.9898408309182614,1.121368429340643,0.08486509481853144,-0.21223547720133215,-0.06583503252108802,0.9380589066988858,0.9559014993561059,1.0246824997604562,0.03689081945125234,30.91579149617718,0.0,0.0,0.0,0.0,1.1666666666666667,2.007030180716341,0.8681480495831946,0.48529475604623656,-8.262034412635849,2.0526315789473686,0.09745021018053938,1.0,18.92927777777779,,0.4925314486026764
ID9995_DCHA,36.0,1.723062392408187,0.5883752380952818,0.5664777777778198,0.06195530653422863,-0.31569262009010496,5.0791813279638,7.580752678240703,2.630248805337893,0.15039059651576134,-1.1569188044103778,-0.2464006593233965,1.6,0.6153846153846154,0.776462512874915,0.7683037287494678,1.0753183870060763,0.16553151703401048,-1.317122969903504,-0.2720818397043234,0.9678808984599888,0.6226454642596767,0.8236591221179629,0.04719660924304779,23.492193591356816,0.0,0.0,0.0,0.0,1.2352941176470589,1.7505835278424842,0.8719509049397007,0.43934637623760997,-7.919162245608626,1.9722222222222223,0.11662272340155638,1.0,20.893033333334884,,0.5364130139350891
ID9995_IZDA,38.0,1.807258520933151,0.5511675675676084,0.5664777777778198,0.09280700536707796,0.005733287467034754,5.932400482382962,8.191764785568651,2.853422768693693,0.1296786847271544,-0.6655675353811317,-0.14002631328972925,2.4,0.7058823529411765,0.8091698895132049,0.7953337410461794,1.0402588497879446,0.11649229610285017,-0.6163054035520592,-0.12245163236915335,0.9671942669062258,0.7147819990881773,0.8366877050714884,0.027517815558283452,22.90541539990284,0.0,0.0,0.0,0.0,1.1764705882352942,1.7505835278424842,0.8500303321903888,0.4758573121793216,-9.601320146369119,2.0526315789473686,0.13326891565988547,1.0,21.026322222223783,,0.5301311016082764
ID9996_DCHA,79.0,3.8338678820008303,0.26033618233619304,0.2330222222222318,0.2595967766140008,0.21764498211893904,6.404537727052513,6.539315799563949,3.840705570658882,0.2305861091979062,-0.8612089874512295,-0.39676787561269966,1.0,0.5,0.5781728471392713,0.5951871888151478,0.8357677310341205,0.21785725223193478,-0.6685546032865071,-0.3292922628156255,0.6695898792225837,0.7391784291898699,0.6892083452325545,0.11103549809328328,16.081714904952598,3.0,0.038461538461538464,0.0,0.0,2.2857142857142856,4.2556742323095715,0.6462867276646825,0.6568318910384651,-6.304622266903645,2.088607594936709,0.044403082886407416,1.0,20.60582222222307,,0.4862706661224365
ID9996_IZDA,68.0,3.273595563315055,0.30506533996684504,0.2330222222222318,0.5011525300708114,1.130049295406643,5.894905846696602,5.679721783530689,3.3623524495039105,0.2661103655860084,-1.1738701981973936,-0.4280060906889962,1.0,0.5,0.528951985676282,0.48546773938444254,0.990774779179592,0.3217567835217944,-1.0685087365871926,-0.37558516897621796,0.8844920048853782,0.5788838961680236,0.6651384750218675,0.13618648934558553,14.865537659811148,7.0,0.1044776119402985,0.0,0.0,3.5714285714285716,4.506008010680723,0.3602109664303321,0.7973629801360833,-7.03658774913492,2.426470588235294,0.11858621130788885,1.0,20.77226666666752,,0.42464834451675415
ID9997_DCHA,59.0,2.8594507269790084,0.3499999999999988,0.29999999999999893,0.45956188106409745,0.03486214074051183,1.895922818008507,2.102114689799384,1.0915599307397683,0.25175460653198717,-0.6067599726639927,-0.2110467803056707,1.2499999999999867,0.5555555555555529,0.19094375666998084,0.18252760468796286,0.29548247764003854,0.274695322495993,-0.59440662006346,-0.20443253229261393,0.23584973622580074,0.6370872202734604,0.32364856652551566,0.13270480985553476,5.520239785412051,3.0,0.05172413793103448,0.0,0.0,3.7777777777777777,3.5000000000000124,0.5910771414714332,0.7090161880088541,-6.972212159488581,2.5084745762711864,0.14300745290523934,1.0,20.633333333333262,,0.5217141509056091
ID9997_IZDA,34.0,1.6915422885572198,0.5999999999999979,0.6333333333333311,0.4566915293845481,1.4594474153297685,1.828545165542824,2.148540465798992,0.8435728903433609,0.33723508435062044,0.46409674073147866,0.13618013702614373,1.225,0.5505050505050505,0.22616692919021472,0.20981600534158165,0.46266499223695107,0.43504129118648205,1.9496898482427687,0.5431674256584558,0.20371867715760242,1.4793620052604313,0.38422938256042544,0.1580624533702107,6.937349625504467,0.0,0.0,0.0,0.0,1.9473684210526343,1.5000000000000053,0.5960266813089709,0.6846900598583092,-8.868230129206351,3.1470588235294117,0.37277392205912246,1.0,20.09999999999993,,0.5405941009521484
ID9998_DCHA,30.0,1.4639026016802823,0.6813819923371427,0.6331222222222017,0.25607958546682247,1.0961214165261381,3.4562523490122192,4.945577998771924,1.7233646680249102,0.23338563752166921,-2.3057410847887785,-0.3548948751867067,2.071428571428571,0.6742424242424242,0.5787218691660371,0.5951486509888684,0.8188580011688547,0.19475337601754714,-1.7136150739262699,-0.25574086079107616,0.7041767146984318,0.6334989638945221,0.7225264412701107,0.14380457210407346,18.73142836315787,1.0,0.034482758620689655,0.0,0.0,2.0526315789473686,1.7505835278426707,0.6384714714486007,0.5877891440566176,-7.8437799377651745,2.2,0.09230582221168097,1.0,20.493166666666003,,0.568389356136322
ID9998_IZDA,23.0,1.1008454173720146,0.9118171717171422,0.8663777777777497,0.29904023397117846,0.6314355873795419,4.392821641348036,4.645751148474555,1.7753912062321529,0.20274785747947968,-1.9313189828910415,-0.21057596779568744,1.7272727272727273,0.6333333333333333,0.7986793552202832,0.8217563029442805,0.9666995536713033,0.13431668012303302,-1.5149466718828486,-0.1891680058051045,0.8863042784381339,0.757344288553486,0.9787626037848142,0.18008324856453123,27.342000770741986,1.0,0.045454545454545456,1.0,0.6664444444444229,2.3846153846153846,1.2504168056019078,0.8403473968620631,0.43783745489426223,-8.523253393996708,2.260869565217391,0.14977929915716381,1.0,20.893033333332657,,0.47834786772727966
ID9999_DCHA,86.0,2.9380916752929918,0.3380929411764762,0.29970000000000496,0.48898090523819243,0.7718574238825388,5.267199659088022,5.5072342834017585,2.9461261503287766,0.3149191578400975,-0.9866294542788051,-0.4392612084253539,1.0,0.5,0.5184096213774957,0.5019379178937864,1.001751130884893,0.32659928818043293,-0.9283918189984048,-0.41516965547923734,0.8432587574651749,0.45320333510350325,0.7702576438790941,0.25184802250159877,20.935226853816935,3.0,0.03529411764705882,0.0,0.0,5.333333333333333,3.5035035035034454,0.6685761635342834,0.6322760298668688,-6.619215931864705,2.313953488372093,0.20211211153195194,1.0,29.270700000000485,,0.5212395191192627
ID9999_IZDA,49.0,1.9060511288490247,0.5237812500000086,0.49950000000000827,0.27460055475654466,0.17426161672221196,2.3971289999047185,2.5763916744586024,1.1847108748550286,0.24174122103196086,-0.43249052029856117,-0.14076322109443606,1.0,0.5,0.309052647684297,0.29831962850685434,0.4821892020654876,0.22810240978250276,-0.18508463925367005,-0.05684919681702705,0.2697924643240836,0.8772618775844284,0.5208508559766538,0.2117982082923567,12.477085505592957,2.0,0.041666666666666664,0.0,0.0,2.2,2.002002002001969,0.5747097628156995,0.7099897589081455,-7.3249923707758064,2.7551020408163267,0.16946473173262808,1.0,25.707600000000426,,0.5487560033798218
ID999_DCHA,24.0,1.2670672789261055,0.8018280193236617,0.7989333333333235,0.21130701265937768,0.545618641286513,8.235933845575348,9.231008426381218,3.101331718246596,0.17227181103164171,-1.2349323590762304,-0.20518874035019252,1.1769230769230767,0.5405844155844155,1.164620833408325,1.2007919738369028,1.3003133337167154,0.10275879586048617,-0.6209649055424115,-0.08068080589384474,1.181251690533632,0.8783962206387875,1.2966681709872903,0.13204733757896556,42.462762602947386,0.0,0.0,0.0,0.0,1.5,1.251668891855823,0.8479433192245365,0.4873278350566751,-9.230233979619891,3.0416666666666665,0.09786591835808484,1.0,18.941377777777546,,0.4603036642074585
ID999_IZDA,26.0,1.3283016811531005,0.757655111111112,0.7989333333333342,0.2703533852095524,1.2234689739083384,7.4444462615881815,10.833343066594795,3.2779109557223736,0.14732878799078042,-1.219860270060066,-0.1917398464992247,1.777777777777779,0.6400000000000001,1.1525510107796069,1.185979998712129,1.4339414272261803,0.15287981773933756,-0.47894317402352443,-0.059295159075295145,1.2080420319674068,0.928156181078902,1.2310731819814873,0.07852217120188042,40.44838822617327,0.0,0.0,0.0,0.0,1.2916666666666672,1.2516688918558063,0.822278614990349,0.5124293483768958,-9.840188283186047,2.8076923076923075,0.14024422272671022,1.0,19.57386666666669,,0.5222105979919434
