ID,SMOOTHED_AMPLITUDE_mean,SMOOTHED_AMPLITUDE_std,SMOOTHED_AMPLITUDE_max,VELOCITY_mean,VELOCITY_max,VELOCITY_std,ACCELERATION_mean,ACCELERATION_max,ACCELERATION_std,DISTANCE_ANG_mean,DISTANCE_ANG_std,FREQUENCY_mean,FREQUENCY_std,FREQUENCY_count,INTERVAL_STD,INTERVAL_CV,AMPLITUDE_SLOPE,FREQUENCY_DROP,ACCELERATION_INCREASE,SKEW_AMPLITUDE,KURTOSIS_AMPLITUDE,SKEW_VELOCITY,KURTOSIS_VELOCITY,FFT_DOMINANT_FREQ_AMPLITUDE,FFT_POWER_AMPLITUDE,FFT_DOMINANT_FREQ_VELOCITY,FFT_POWER_VELOCITY
CONTROL01_DCHA,0.622028890970312,0.3589746419569636,1.1311444580448686,0.03571817296685996,8.03255363717634,3.9624277555263756,-5.159056167235051e-16,207.10239984058848,65.45519131602083,0.4840519857469185,0.3423586567744611,1.9278274072000905,0.49556330960838213,35.0,0.12234261674333342,0.22293111944839478,1.4489052647641178e-05,0.3201070633996912,0.09185560852522674,-0.2935881808126575,-1.5869956985290392,-0.47263403573693963,-0.034817475341248016,0.0,165713.38883052417,0.054455445544554455,2878044.9955900596
CONTROL01_IZDA,0.5474289411622281,0.26694107374380266,0.9446065833341478,0.03197236122044058,6.3764897957577995,2.369131600708123,1.509322804719167e-16,207.72966567272798,42.552464085498485,0.3460235700546022,0.2268677228948156,2.143065848510014,0.6055504330098311,38.0,0.1843566200147151,0.35790330443444623,-2.6229912515798816e-05,-0.10503020972607358,0.023839143848814477,-0.4680894976186934,-1.3243006264415031,-0.5293637224213201,1.141874380144209,0.0,125565.37538008517,0.03758169934640523,1049727.914012754
CONTROL02_DCHA,0.3507906773176338,0.20351783988186511,0.6163907392771502,-0.020295394367746716,4.449696339902646,2.3794386417904163,2.1316282072803005e-16,110.00015832626268,40.593790511324464,0.2214910323972089,0.14545654654197188,1.70654820592444,0.24234770060710253,32.0,0.08066010949589285,0.13508203466885108,7.26248594623221e-05,0.30293973087915593,0.05692717806840809,-0.30954481928216604,-1.5707308872428276,-0.5203761631049735,-0.10094732027412645,0.0,51742.532390576984,0.05166666666666667,1017557.9275565547
CONTROL02_IZDA,0.3582546846669664,0.2163537673665118,0.6214715854002631,-0.012537429195708978,4.68104956748278,2.4132524512148397,-2.314471451987297e-17,168.89756471520943,45.65482714092703,0.2201596600440116,0.16533495468819678,1.9357241368519869,0.6450063003051711,35.0,0.1460691164660917,0.25898371345503646,7.061576796944844e-05,0.7812919864154275,0.16732891664543934,-0.26630805577633154,-1.644783134335658,-0.7132838738868208,0.27354427729667474,0.0,57195.069673959246,0.050488599348534204,1095735.9513783653
CONTROL03_DCHA,0.5893433886216702,0.20137861069920301,1.1485215733559604,-0.005797494011907349,8.791401213718993,2.732793286560365,-5.950944185595479e-16,324.47672535347505,77.53496542913481,0.3183793625524422,0.1624804625828506,2.026561871557472,0.5788273623926814,36.0,0.15502582301819445,0.2895534094849299,-0.00014959452132147247,0.011419016436556628,0.12324828237817956,-0.5879912917223695,-0.5241817665653015,0.07080388637105732,0.5563028584838299,0.0,131004.62456041742,0.048576214405360134,1328562.1318415639
CONTROL03_IZDA,0.3995453163077145,0.21327451939310094,0.8026649634493465,0.01938346402065165,5.607724394677602,2.178271391071498,0.0,87.8951484407956,33.67749434471795,0.24343696341194487,0.1542269810251097,1.5091772008758977,0.3552057641074027,28.0,0.11261231869110636,0.16387654306179372,-0.00022930337630235823,-0.20913659246852023,-0.596972052326158,-0.4932375747889028,-1.1612911534499963,-0.14109458193396857,0.18978106928187266,0.0,67183.66447387324,0.047775947281713346,872800.5563141236
CONTROL04_DCHA,0.5237755524277722,0.2750890322725436,0.8230178957510305,-5.7825260828460856e-05,5.743264829436327,2.4406178109628773,-1.6044513388131294e-16,151.34754772821142,40.8315232943989,0.35882888102650373,0.221192593226779,1.7487229271636395,0.6834498936453458,30.0,0.22678017380191845,0.3458116006142354,-5.582217725059231e-05,-0.582294971370692,0.031210436628711376,-0.6232254540882888,-1.3522382804186022,-0.629316599513076,1.5057134976998192,0.0,119977.69317156354,0.035483870967741936,1143011.8924913155
CONTROL04_IZDA,0.5292361693202317,0.2985062233963035,1.0882199970795894,-0.027326751517529325,5.826508644172885,2.6327618851866874,-1.6361181415528622e-16,149.02882355967225,44.75292119161046,0.3237431183356269,0.21411434765133083,1.6830174899159436,0.6400584579427864,29.0,0.24313657670768551,0.35778925121280336,6.183396704354218e-05,0.14264584657941426,0.3231050431993499,-0.397772601288882,-1.3564317349881756,-0.45160818648351203,0.8670072130422746,0.0,119981.85712525735,0.03782894736842105,1279051.1965064188
CONTROL05_DCHA,0.6249441197017153,0.269278244698343,0.8913657970963973,0.031155514292625756,7.216146187108262,2.5714323335327913,2.8883851047158543e-16,147.5519473010251,43.05404202513155,0.4439754199822976,0.2205700557629247,1.4397940786296335,0.620994634029733,24.0,0.2327206768042173,0.29487275470814556,5.704179564434443e-05,-0.627490032163146,-1.1777051039904578,-1.0127812512103431,-0.5333898818795992,0.01821408830741791,1.4098376035109954,0.0,161407.97735138494,0.03414634146341464,1248718.723858832
CONTROL05_IZDA,0.701627411770412,0.2788693371062914,0.9980441868744488,0.022281896503247033,6.345512397587053,2.4416458282107696,-6.491669512758391e-17,112.57039326030255,36.89937680338218,0.5023473463913894,0.25250808147916737,1.1015505241796097,0.3566999612926564,20.0,0.2234510475259372,0.22956316684312064,-0.00015714608261976684,-0.23697751817576695,-0.2676839423359991,-0.975083739860582,-0.5810083087188209,-0.4021372273179712,1.5394083494118043,0.0,192472.924447469,0.06478405315614619,1078642.4068198241
CONTROL06_DCHA,0.49839430971364773,0.2890381916667126,0.9567802654322352,0.013423214237772872,8.38038374873942,4.256025881932241,-3.19858466258566e-16,182.642441761464,77.80910376201707,0.33825366224433856,0.2602998646709041,2.286929247877085,0.18802401339702218,45.0,0.03570793588631942,0.0811261740245188,-0.0001031613747076033,0.21646646584969265,1.219883908634625,0.06624851934170316,-1.5594531421722129,-0.09184441358531781,-0.7298836111399276,0.0,112235.53919150711,0.07234726688102894,3498350.2007931257
CONTROL06_IZDA,0.4311991846688795,0.2807536206755587,0.8537721257767052,0.03130488603997175,6.8645827241685815,3.186975241904744,3.9154705049989313e-16,178.20363871689776,54.54280068519594,0.2877741718414004,0.23230011582929327,1.6416535088748399,0.09914403996909871,33.0,0.036482889828144516,0.05968033438952186,-1.5304813919380584e-05,0.10451204855513718,0.14765372245948952,0.04319717336018613,-1.7229606110410354,-0.25396670320231773,-0.02707666734730374,0.0,85761.60321727891,0.055105348460291734,1930519.124508965
CONTROL07_DCHA,0.5261354135023908,0.3164433088094909,0.9482082104697088,0.026987333604560192,6.857016499030281,3.319533260589247,4.924553614178913e-16,193.24719806653366,56.23986841936155,0.35341389268154877,0.2738314464132558,1.7911600226947302,0.5925905827192137,32.0,0.14320737595854652,0.23694084525818765,-6.1173824983179956e-06,-0.22922136359249068,0.06590302373273504,-0.13956219253616947,-1.708851287940625,-0.4828466496877487,0.30991115541062353,0.0,120014.112845406,0.04785478547854786,2020223.2668731117
CONTROL07_IZDA,0.42787506255026225,0.2755804135882313,0.7887739620112991,-0.032335248032677344,5.930930358209158,2.816314376149842,-2.3258354689364983e-17,164.43907451321792,49.12953580939273,0.2845973406720338,0.22156961495305677,1.7008146477639468,0.5785753511336581,31.0,0.14736210904095717,0.23141607822473453,-3.2382577139340497e-06,-0.09377087473969903,-0.9519953448014632,-0.028824612296510076,-1.771283794308082,-0.34322291814916706,0.41034773087590226,0.0,82499.02436295322,0.0458265139116203,1478443.90360655
CONTROL08_DCHA,0.5904299692156117,0.275401951871381,0.9261396574815205,-0.023835851319065342,5.753677311562338,2.960838823503079,-3.709195357964634e-16,223.16226307944703,47.92858362491206,0.4145800951988916,0.23452986548503596,1.6551573164294977,0.5424675437874695,31.0,0.14120013189514533,0.21770106719968862,-0.00010593811727971289,0.15211434401145918,0.09043022561709559,-0.5903565772891204,-1.1729631209336304,-0.8011708375846348,0.38381229133917616,0.0,145222.98108344767,0.04404567699836868,1644524.0922554072
CONTROL08_IZDA,0.5160664051689988,0.2313662130085429,0.8665043775239539,-0.0017989560572093841,5.119930976068769,2.4351918915516966,-4.674623261579606e-17,194.279565775647,39.80130825087103,0.34431781690809193,0.19362243392770787,1.5974777196030425,0.3081082197178716,30.0,0.09622478849256691,0.14951367854261252,-0.0001632101331492529,0.2177938529586101,0.12340909110911154,-0.48912416138716164,-1.0446313847317241,-0.5865708733228223,0.15548426544973948,0.0,108328.43630977138,0.049342105263157895,1094281.6763380887
CONTROL09_DCHA,0.4345565749722085,0.2096936529604488,0.7707245491647723,0.01548810547026732,4.940632974257345,1.9178557666540967,1.1705811132785835e-16,104.38709885145364,28.818036922153542,0.23475952752631285,0.17352815080481138,1.753097063204855,0.5921737402251163,32.0,0.16763326745959886,0.26812444895115317,-0.00031016180872537284,-0.10496102209606084,0.2729862629480988,-0.09025664311051027,-1.342157682225057,-0.32861295508731464,0.5323177506162873,0.0,77664.95015240049,0.044481054365733116,676572.2526584623
CONTROL09_IZDA,0.45538807310115587,0.23824846258264976,0.7851663429562891,0.01878729858932691,4.375469071176568,2.158992162458947,1.2291101689425126e-16,86.23065337693808,27.333483424556622,0.2984973097447457,0.18943770101417912,1.3496818960681578,0.1887565196174068,26.0,0.08004953008699547,0.1065110666599016,-9.037349102300588e-05,0.10235210965504593,0.28458570235228436,-0.3811569889710084,-1.4141448114035802,-0.4549756166860331,-0.33925787197935264,0.0,86848.04530329394,0.042833607907743,857345.1969902145
CONTROL1000_DCHA,0.4436954485903143,0.24293964663536802,0.7611630297060584,0.022667903067149057,5.182813468579984,2.250619077736943,9.411162063047685e-17,114.0942964316092,37.14385256242397,0.27875180040869935,0.18975202686442602,1.501720533923957,0.5940055422608667,26.0,0.1831426016483706,0.24963691429013693,-4.404860172903373e-05,0.22849655347332654,0.6118214104600739,-0.38374713916232883,-1.5264003342658452,-0.5621388843987231,0.6234653668926646,0.0,82567.52467883693,0.039735099337748346,922591.2956740714
CONTROL1000_IZDA,0.4076997794945043,0.22015530874571973,0.6835071256755189,-0.0028103467568047547,5.442901329154066,2.033473565960645,7.011934892369409e-17,88.29721869795796,30.473009684577264,0.2390080167347511,0.1594234678764178,1.73312917266463,0.7036564105347827,30.0,0.23950784283546284,0.359142848065728,-3.7456904135665176e-05,0.14563386662722366,-0.28544688539597707,-0.43994785038043205,-1.4558995843505338,0.15680566639126367,0.4479048465000601,0.0,70388.98811194644,0.041118421052631575,763010.827121427
CONTROL1001_DCHA,0.39219734516887467,0.2227850602852127,0.769730635016978,-0.0007168366220650708,5.1824479545749735,2.4828028291134365,2.415609632351916e-16,88.27658333341205,36.77798285643335,0.22711036210882068,0.1751080051084205,1.7239616615720548,0.1354486632640811,34.0,0.04512296600120646,0.07732697061612692,-0.0001956853019107867,0.08054746738832952,-0.9693231248598304,-0.06422227656315668,-1.527270729215187,-0.07862674885879187,-0.5370019509584214,0.0,64938.45561302162,0.05472636815920398,1118839.7538760586
CONTROL1001_IZDA,0.4467487780184223,0.28292802861388505,0.9876008412161449,-0.0018477742112935514,7.721438373713142,3.263454747456459,7.00042104197143e-17,137.87370022753723,54.945141987495774,0.15483766615224004,0.19530802274685616,1.746849548442603,0.1260333137531129,34.0,0.04310982552869876,0.07490719573314741,-0.00029514178928049216,0.10353650704274409,-0.43638303599939066,0.23105627575236531,-1.476508145089289,-0.01595111170499012,-0.3010991436212329,0.0,88841.85472397353,0.05747126436781609,1971534.505891151
CONTROL1002_DCHA,0.24478290874295677,0.16198087595282115,0.5579633071550884,0.007899177083540987,4.052808703700718,1.9823151329070827,3.51174333983575e-17,91.1362399183036,36.151412841728295,0.1188301607015663,0.12305710549090172,1.9673236758872936,0.23934812672358857,38.0,0.06468944897212367,0.1253725485053448,-0.00027781560058387115,-0.30311682215832736,0.12739040029434576,0.41824600468120277,-1.3649713673019603,-0.37868825446902926,-0.26872004128341187,0.0,26902.630255302043,0.06919275123558484,722723.4394136624
CONTROL1002_IZDA,0.295375563492812,0.16855820194619436,0.6661256974743945,-0.01572869223127528,4.94626190960063,2.464752996084474,-9.364648906228668e-17,113.21191476601824,45.72612895915616,0.1510098464644104,0.1422189597250047,2.430391906827768,0.36838505194381477,47.0,0.07303128221074552,0.17300602355235242,-0.00017544031055547734,0.3651871624944496,0.09116666364149202,0.3522626326145697,-1.268549373462574,-0.2892811000747666,-0.6729950605025392,0.0,37371.49904380827,0.085667215815486,1117376.3305699707
CONTROL101_DCHA,0.3359633698511437,0.22476818567675613,0.79111356188064,0.010298446864821344,6.372229598523034,3.5537250683766612,-4.518554758410812e-17,168.26207273714337,65.09682492124625,0.21749603615507446,0.18379243065141365,2.6345777469653577,0.24762853394013135,54.0,0.03838952294216321,0.10020790043231666,-0.00017002005610628835,-0.037103640231282764,0.17259104862271812,0.3503676792831152,-1.313104325830337,-0.13981158975300526,-1.0585541858263485,0.0,54634.65504490152,0.08426073131955486,2494304.0632216735
CONTROL101_IZDA,0.4091847142682391,0.2753637607318347,0.9503289515900121,-0.0006217224415026586,7.633823323230405,4.0094901959007485,5.988366654704248e-16,142.51720995160622,69.97937031753027,0.28152659918592843,0.22417861651405113,2.4590793821563,0.23683311235726168,47.0,0.03888441702572144,0.09476168814968271,-0.00015037306149269205,0.06119119278687002,0.4855705905200284,0.2832207091716748,-1.4131940611443472,-0.20259342511097672,-0.8389978427977218,0.0,78149.06803306004,0.08103727714748785,3054950.3233748334
CONTROL102_DCHA,0.5661648734101169,0.3273135293293556,0.9948076785973057,0.0064446965348181175,7.455681841085846,3.4236967544866665,-6.94341435596189e-17,131.8277248068065,53.410140110220276,0.3983195219754887,0.25402836479555485,1.834169352409621,0.6274272221673659,34.0,0.14024016316680488,0.2369851813694441,-9.960996099132327e-08,-0.2796140840921544,0.04418446248169569,-0.3956836215397817,-1.5457592733321446,-0.04054317420926581,0.013973088049780813,0.0,141004.97114951533,0.050488599348534204,2205917.4472709377
CONTROL102_IZDA,0.5556574648477258,0.34721444579609007,1.0186886862140379,0.003906308809907565,7.647988014576308,3.051059592479819,-1.6174956586408786e-16,143.3849535849647,51.27244017287561,0.4097866872475882,0.28682413036324017,2.1737156654836163,0.5929913061684413,40.0,0.18349960337339882,0.36240452142269247,7.457985822413924e-05,-0.42544384387609924,-1.006161332468842,-0.14902826248200615,-1.7764938400451373,0.05193938712824772,1.1611975588937673,0.0,139540.8480580399,0.03739837398373984,1757538.5676744378
CONTROL103_DCHA,0.609367362632211,0.4294992445108059,1.366801203933435,0.016002223243091453,10.804283861368434,6.088452664927543,8.305044963429742e-16,223.78780482410286,108.61526413050632,0.47506500269745405,0.40907813319171743,2.2216756112105025,0.18804574202787372,43.0,0.04075485093982903,0.08986967130321305,0.00013528706933736627,0.039039333682191035,0.012512600377095732,0.02006760177697527,-1.6254153914065859,-0.1925284930965573,-0.7935036643477265,0.0,175845.08831912876,0.07467532467532469,7021660.330918479
CONTROL103_IZDA,0.6316779941259495,0.4053323218069855,1.1846000757976904,0.004046817132904163,10.179658675376944,5.658123664654039,-5.54569940105444e-16,169.81297793559438,93.50354460724428,0.5076224933738659,0.3991322121218918,2.2507936507936583,0.17286532089500672,45.0,0.04186332192872514,0.09356868311883963,-4.503591371094599e-05,0.11034617556356752,1.7221311408510065,-0.15947458284035756,-1.611157069093445,-0.07916311072968298,-0.8577957067266881,0.0,181937.71599497605,0.07804878048780488,6044187.977414168
CONTROL104_DCHA,0.5596752023195816,0.37166387954533747,1.4750244800022265,0.004329016142090891,11.018397706191568,2.0775755531868443,-1.1102230246251565e-16,282.58966752013515,48.971343641794554,0.3646888380693448,0.24105755816698043,1.557273053966891,0.5404680793976103,27.0,0.2431056569142629,0.3398154582237013,-5.294644764206575e-05,0.24845409015974163,0.05954418286143306,0.1917204647818019,-1.0210508986143523,0.28099506653233286,2.4623654968237814,0.0,156547.22111532098,0.021875000000000002,882459.9990760267
CONTROL104_IZDA,0.49152332953022326,0.3150044720917107,0.9891700700884055,-0.03994980966203012,4.896379520393599,1.515765791675911,2.332315850204909e-16,82.41748570089142,19.57590992086674,0.3472648807418638,0.24259162593541614,1.8198193750055733,0.6548801375073211,33.0,0.23915513912145292,0.3816918595834388,-0.00030492384388102194,0.044003832550937094,-0.6617120068696345,-0.1930017548585645,-1.6830104670171167,-0.378905466751238,2.2760312496493125,0.0,124903.31751497548,0.01984732824427481,492768.94574003917
CONTROL105_DCHA,0.41508229399002367,0.2810318860783112,0.9050934971732051,-5.7649707805945294e-05,7.456763549109192,4.117245181123961,-7.29931542353875e-16,188.23967122590162,72.17406585971747,0.2706793460972122,0.24598522866711167,2.3002821915865015,0.2215553645295678,46.0,0.041836913314560374,0.09536754638151743,-0.00017858972275392132,0.2912711246044535,-0.8650753818644429,0.22871161223321487,-1.518822323839594,-0.3110116712966795,-0.8484731249745563,0.0,82174.35919980115,0.07223113964686999,3284178.107563041
CONTROL105_IZDA,0.3343986662461982,0.23826442323142835,0.8946902775152226,0.0011079964105867417,6.289457309997407,3.1653683547627636,-1.1460366705808067e-16,151.3971922728964,52.994184209874746,0.2166084428970985,0.18662859130520848,2.077349766425362,0.18625329847620772,42.0,0.043686356624260896,0.09003253146376412,-0.00020164802329626755,0.24392009686126914,-0.1530851753840843,0.4757142286134028,-1.183269791718564,-0.4233277472566361,-0.5829327217263769,0.0,53878.13602265218,0.07096774193548387,1922643.5989411818
CONTROL106_DCHA,0.4498515085303379,0.24879879023706633,0.8927408461198153,-0.012939184383436308,7.613679499844466,3.4543440472426283,-3.416070845000482e-16,233.81616634869158,65.08001330782842,0.2691366252621351,0.235986112752121,2.139559674555337,0.17659537338938577,43.0,0.04097933527909732,0.08706237018332927,-0.00015643421019378138,0.07130346815716848,-0.06283017409522078,0.11069786637787064,-1.5456979614395658,-0.25046703159021905,-0.5455403727165069,0.0,90828.51397970438,0.07211538461538461,2319188.1530309343
CONTROL106_IZDA,0.434123886371088,0.256577526605055,0.8535066606756269,-0.001674205168488971,6.435865839849576,3.5383376084602065,-2.5759857489792154e-16,142.9676443763109,59.71796537855612,0.2697020009409685,0.23561002716440818,2.141469456222461,0.11368305394588904,45.0,0.024712625231168496,0.052775017657156593,-0.0001784181363558682,0.032410303169866594,1.0110464056621555,0.18895616317361838,-1.5714431011262513,-0.27006248416098755,-0.8040300067434143,0.0,96996.47245835667,0.07099697885196375,2739224.2924562697
CONTROL107_DCHA,0.4879608407373086,0.2838398920053874,0.9202547298514268,-0.02625172338145866,7.299966562443239,3.9368685422377143,4.780409843034313e-16,194.25216880023888,67.8875830386357,0.328773333620477,0.2515492108100937,2.271388787651216,0.26151252335622976,47.0,0.0686039554054348,0.1532606404346052,-9.25257252758098e-05,-0.11570010332085401,1.1403937921129856,-0.04396224681281094,-1.5940517594632475,-0.1869058003401771,-0.780764215765962,0.0,119044.79542044655,0.0764525993883792,3309673.938920033
CONTROL107_IZDA,0.5147236215204926,0.27688369229567167,0.9239269991960423,-0.008906247160496098,7.53581657833294,4.040534901148305,3.195844388726088e-16,197.32151991810568,70.80627566909737,0.3473696968938598,0.25208242978512313,2.3042286485210393,0.23645316858196047,50.0,0.055303655762894685,0.12585793731694084,1.138391859147294e-05,-0.040957617405702695,0.7130503813502146,-0.1849948058380757,-1.4592884389379195,-0.23395915243321094,-0.8449456186873987,0.0,134897.08186040388,0.07796101949025487,3626096.05823578
CONTROL108_DCHA,0.4942558253164357,0.30902398615042287,0.9087856953562756,-0.031884534734875535,5.55545691403088,3.278499438884586,4.682324453114334e-17,194.14844716113612,54.37616386027633,0.3408454993900138,0.2578198595819452,1.5082916605305619,0.11591066064032336,29.0,0.04873888516577957,0.07310832774866961,-7.107208872598117e-05,0.0633400243115072,0.8171117835732911,-0.2371504207578602,-1.5403443517868642,-0.9625110687072785,0.2999095425834448,0.0,107571.50517749884,0.04942339373970346,1977024.317127828
CONTROL108_IZDA,0.42278761210246896,0.23101352395562083,0.7936845730052333,-0.029778495175546375,5.543727260526772,2.1528239769543696,1.8219044506669235e-16,131.2506893670737,29.72408136386951,0.2662426532603649,0.18279034068702574,1.4786500122566462,0.24273181696535112,29.0,0.10044161965495804,0.1451564935212854,-0.00015899447222646334,0.3169407161679494,-0.5394279141854917,-0.17849024410436787,-1.515711449867004,-0.3796454581635805,0.20482438760875565,0.0,79973.93445999439,0.05128205128205128,901186.0944148714
CONTROL109_DCHA,0.36817959407877,0.20864376117394912,0.6986811426235483,0.0022264597788671896,5.13124352323278,2.1840001180415722,1.195864351910407e-16,129.06168650470397,39.12718710467745,0.23075757130341215,0.15590055165156114,1.7912894638900896,0.30223714074463437,39.0,0.07310565736869408,0.12823631052679516,-0.0002779813482503169,0.2168685257196985,-0.016199708535054126,-0.17512536733580983,-1.483527274400392,-0.5443724210541253,0.4761412415773356,0.0,79962.24649861197,0.05750350631136045,1210615.520542446
CONTROL109_IZDA,0.4307044989126123,0.20669868287051316,0.7276278117779104,-0.02140654808517708,5.5528622617499,2.395432400173895,1.5187172978078477e-16,152.68250867405587,44.86694361081159,0.2786264130249212,0.16049648073578643,1.7815760300280488,0.26583023016867946,37.0,0.08047823940226027,0.14045730461715283,-1.7807644080245586e-05,0.09580021906891734,0.04741598564276557,-0.4532306531945981,-1.240259437617253,-0.48743162320275446,0.3685300359651258,0.0,88737.67582884882,0.05801526717557252,1229163.386361863
CONTROL10_DCHA,0.5579894170186597,0.28308552606093335,1.0468255833351796,-0.008110751995771229,6.004822707937416,2.193684336357032,1.388682871192378e-16,127.79100804096117,33.88445427981878,0.3203002697555725,0.2449049182363679,1.4803968363970263,0.6786580421642467,25.0,0.27332265856085103,0.344405505865701,-0.0002674914497638112,-0.42616258692524545,0.007614683488277589,-0.38749788793338824,-1.4672271717778265,0.04322290543146405,1.4114448747151718,0.0,132459.66959801476,0.03420195439739414,905643.455827837
CONTROL10_IZDA,0.4049215384957828,0.20284493620276212,0.6667242814913968,-0.0045012397092019955,4.319516352092041,1.6358796182362356,-3.0485331897298027e-16,115.22814411891244,26.6346568015204,0.19520747578342681,0.1439977434484479,1.6202044602619083,0.6313094027626462,28.0,0.2503197015078179,0.35386433889426827,-0.00022617553640799632,-0.30227075338579845,0.014197871912554736,-0.4022825314003975,-1.4368058973614322,-0.569778346106032,2.0117034807112786,0.0,67755.23009802726,0.033003300330033,490562.1763181403
CONTROL110_DCHA,0.49473444538190764,0.252690609111545,0.8245960624360897,-0.0022639640550535796,6.000712076525696,2.28975939803324,2.5131736634601615e-16,98.83395306863459,32.90124316201958,0.336865729599144,0.19222086188876109,1.4607008293603416,0.45471248525687646,27.0,0.16286188691824288,0.22253307887976848,3.3087173694625698e-06,0.3286046559949558,0.02662204970412211,-0.5594458592597745,-1.3227017945797648,-0.10961033766428503,0.40963866361397017,0.0,107026.47349390763,0.04180064308681672,1012584.8388279726
CONTROL110_IZDA,0.4773013842979354,0.24565516674143248,0.832769751543637,-0.011532263174947264,6.099710338778626,2.064025565227729,1.8294241034703838e-16,94.85453197360204,31.1985695203587,0.2884882916171444,0.18048450593535748,1.720797842787889,0.6734429300829646,31.0,0.24013122900517464,0.3591583737582629,-0.0002815566145397434,-0.46925273207214335,-0.7187115278250141,-0.4820883657372588,-1.2501162360850004,-0.042330176722930164,1.3533345239341044,0.0,104336.66889763038,0.03459119496855346,860292.5607194487
CONTROL11_DCHA,0.30573953360912864,0.23178323765404624,0.5966278508234548,0.0008982347728986768,4.392485534797305,1.8498900705715389,-7.244522183524676e-17,102.70559319842302,29.372549144598924,0.18970322910400625,0.16327851275045904,1.944808557088996,0.6335196893782987,34.0,0.2084968277009227,0.3609333873214132,-0.00012206077639010246,0.14895450960383538,0.0025986484833720415,-0.1171619087394572,-1.7605805300913746,-0.6158767298278975,1.411291174052848,0.0,45202.97034844945,0.03425774877650897,641899.2662522902
CONTROL11_IZDA,0.3711598281240722,0.2575444853336126,0.7263847143258385,-0.006361089218142524,5.406368010505886,2.15173375891511,-4.659296627935083e-17,105.98214802489848,32.22751720565572,0.2311818187441302,0.1933933356824969,1.7866557231647642,0.6463875917718028,30.0,0.22137752731475788,0.34866995419071073,-0.00010808387958299333,0.12638295545229616,0.03840918567115554,-0.12004577374221066,-1.6838919419320675,-0.5249957868400477,0.975342175449248,0.0,63580.65882727433,0.03770491803278689,860004.0943991891
CONTROL12_DCHA,0.4757545876136941,0.26050613815668966,0.8277407629198699,0.017384127755375244,5.255587643562788,2.87281028653686,2.5668210487228576e-16,86.14424046627875,40.99751734543144,0.32563074745017245,0.2075103809051555,1.6613295742547098,0.12989283345889924,32.0,0.045913859143179324,0.07583531440107891,-0.00012503916468431726,-0.017228181165698464,0.09462346222422303,-0.2981512202090003,-1.5124849164616554,-0.458828624726349,-0.4581894198076655,0.0,96510.040111265,0.05582922824302135,1528042.1651740698
CONTROL12_IZDA,0.5034300818922843,0.27961394428890457,0.9217667447255069,-0.008072669234687482,6.877778806198764,3.3336014863318124,-9.364648906228668e-17,113.22906401768111,49.468230077783915,0.350301324109918,0.22507871822205894,1.8092477580135602,0.11891336280531575,34.0,0.03762795623289152,0.06778087777980839,-0.00023414889399094745,0.018767814987457276,-0.21608046617620366,-0.3298999056801786,-1.4164612704146122,-0.2419299919574906,-0.5545302469750402,0.0,107760.06271635437,0.060955518945634266,2043879.5854260921
CONTROL13_DCHA,0.3669738018407548,0.18323548508300427,0.6966695883050354,-0.004401475370226773,5.541522228190234,3.339700181776281,-2.8047739569477637e-16,142.31099568314932,65.69097454881972,0.1864043427571911,0.16505302962826138,2.3620021496927324,0.508106279304842,43.0,0.11693663655843815,0.2613315929204043,-3.8870597551747896e-05,-0.45501663161121764,-0.9835787163973515,0.13138359848101042,-1.4566346049850147,-0.21317059290836493,-1.244253109894763,0.0,55978.13874424627,0.11184210526315788,2058155.2539729695
CONTROL13_IZDA,0.3455442286940053,0.20299784303716312,0.6969060665262212,0.008538617030716006,6.2603927496413485,3.354865644791354,-4.705581031523842e-17,137.90955618230197,61.07085674872869,0.21586821760305458,0.16381188574399344,2.562708895933929,0.460189129845555,48.0,0.09340641493216562,0.22983757211376282,-0.00016276205374683904,0.18622314139143903,0.5891914761155806,0.014795242743056415,-1.4610542173596424,-0.13791461106540306,-1.1505025834030285,0.0,51063.57326390642,0.09933774834437085,2049623.8779842255
CONTROL14_DCHA,0.43040227273849935,0.30288633747514127,0.9284888183260156,0.01529150103693956,7.3731457562270535,3.1940895025105376,1.9219598590232218e-16,140.10865243594571,50.775572496000535,0.2958751645313783,0.23230493836259097,1.837718050149922,0.5332258932862359,33.0,0.11637893737473091,0.20169400926349063,-0.00012508657667899522,0.4156072385263292,0.4525547823149444,0.09369879699977114,-1.6065186544939778,0.0037159928875023706,-0.23254456395661505,0.0,85970.17130421482,0.054098360655737705,1894739.946192488
CONTROL14_IZDA,0.5182225467027508,0.34480059618449704,1.0346340702337227,-0.04300669641124083,8.061862324930363,3.7352068111042858,4.682324453114334e-17,189.00964097475966,58.52778364629943,0.3618330570605605,0.27647406619294573,2.0121930146054137,0.6037377617254531,36.0,0.12442855269757701,0.2332101442825842,-0.00016810431787903164,-0.05692890549167906,0.02921229859676816,0.016146893072872415,-1.600668287049404,-0.20592224442977025,-0.3039627404708032,0.0,120814.52284620807,0.054365733113673806,2565647.642831392
CONTROL15_DCHA,0.45529164125602095,0.21607096242230792,0.7710881325239699,-0.009869452461673716,4.367166508916529,2.223174719421943,3.52335240872777e-17,118.92185820316602,32.31390446407596,0.29307039029141746,0.18167834742686303,1.591013695508922,0.2334891107659119,30.0,0.13195264679170185,0.20397244716087964,-0.00025332170153065256,-0.23917130761958827,0.056054047101600474,-0.28403255780727354,-1.4730605543824398,-0.5669490859138401,-0.184175417193571,0.0,84403.56399577673,0.05454545454545454,903012.7051259824
CONTROL15_IZDA,0.4018993817449964,0.2179274001472866,0.7002324784535188,-0.023827749043271246,5.280654736907659,2.418480276432871,-4.674623261579606e-17,113.18724475391178,35.70173204955077,0.2557889042659427,0.1755900625641419,1.714344920283438,0.10772757507289572,34.0,0.03530141052709196,0.0602934995896989,-0.00020368811956561424,-0.06353070003210348,0.9360878306038658,-0.1551099293249293,-1.5707306416721674,-0.18134053847477785,-0.44494415342856897,0.0,68472.9471391525,0.05592105263157894,1079461.3566048741
CONTROL16_DCHA,0.39814708942723565,0.25104298391210866,0.6838360194504901,0.029132142956412883,5.081493867095792,2.046371682862916,-2.3606070955485057e-17,80.43263771234551,30.47077513154812,0.24259242836650585,0.19067563947045943,2.0175974245549826,0.4277534123977132,37.0,0.1434224043706031,0.2734329629638305,6.342879172515213e-05,0.02579447449696426,-0.004462580365487081,-0.3002096748361369,-1.6939527835168666,0.008991428103855842,0.9618889790317353,0.0,68849.48609989636,0.03488372093023256,757855.2532133135
CONTROL16_IZDA,0.413191091279632,0.2880678709505857,0.8026189097062709,-0.028769895230673137,5.826281025951953,2.2391598620059003,-1.1667368403285718e-16,89.10985170153499,30.922095651425796,0.27567501784642695,0.21825296711416353,2.027149568309258,0.5852410994477275,36.0,0.20497927649797024,0.37381649723712856,-1.0863922832309288e-05,0.1755334092408647,0.4344003854836739,-0.1799604130645419,-1.675445713925661,0.01676461122461479,0.5552979845289121,0.0,78682.38148609966,0.0361247947454844,928524.9313747513
CONTROL17_DCHA,0.5376841644076785,0.3331663527286998,0.9761480958853276,-0.04317102069463081,8.196038120890568,3.639801514561495,-1.638813558590017e-16,175.00078441454954,59.94137456203031,0.38370100281428504,0.28707146523527566,1.7046176688811396,0.28203419117862233,33.0,0.09484435604992558,0.1577538157522572,-0.00016469280070492698,0.18193420273842675,-1.4830205524865674,-0.28016141684527057,-1.5791901264348527,-0.5188754480090024,0.1142034865444237,0.0,126935.23752952492,0.057660626029654036,2437282.094283652
CONTROL17_IZDA,0.4454607525240873,0.267026054975102,0.7850321788663033,-0.001977022449361859,5.724147422379506,3.0562021494153306,-2.341162226557167e-16,176.7492521504144,53.871592985873214,0.29741097888899415,0.2150912820476914,1.5915537388498806,0.14081823635136692,31.0,0.058245385804904445,0.09196379638135956,-2.4916540872050676e-05,0.14476085023876029,-0.3109282305978493,-0.3575502088174868,-1.540505010880671,-0.6770229960312446,0.1878874748698527,0.0,86227.37347594122,0.054365733113673806,1717860.7534484176
CONTROL18_DCHA,0.43986484586249025,0.23131636914868492,0.7142766151537311,0.022162175220724722,5.3088111927456545,2.5579921849558134,-1.1686558153949016e-16,107.83662989623015,41.39210791992519,0.27770893356122306,0.18779887501686818,1.5360686048383432,0.15033346138113488,29.0,0.058576280556674694,0.08921224351170022,-3.616178088948559e-05,-0.057981902286382114,0.48790626160463596,-0.5007526048700067,-1.3952455618935422,-0.5339364831906617,0.13619645947259684,0.0,81396.57525870457,0.05098684210526316,1207574.2983958223
CONTROL18_IZDA,0.36660700861384377,0.22095101390160263,0.6451138052875707,0.0053270361830168545,5.413888196039409,2.7503235123708976,4.705581031523842e-17,148.38812612526283,46.463892418703004,0.20902903323601518,0.16645815379509793,1.858935096608546,0.21933680951167586,36.0,0.066243019860448,0.12142030297337203,-3.648258709720986e-06,0.18754758704722896,0.11284294404407116,-0.22471043602887808,-1.605560194257939,-0.47287448452789743,-0.3568571301220489,0.0,57921.82195416933,0.06291390728476821,1377504.6710803513
CONTROL19_DCHA,0.3748425639043509,0.26170589456164867,0.808791200184808,0.01939613498274037,5.833709801635297,3.3247466924487776,1.8698493046318425e-16,139.8232155974197,55.35053076496053,0.24814756681580113,0.20757778127988238,2.0109478841029587,0.16460325015881874,39.0,0.04704663622045085,0.09389787924715959,-0.00031486547415016596,-0.05683866209845956,0.1234105517864926,0.1198599687625895,-1.5621193795676136,-0.4790618857393633,-0.5510360965555106,0.0,64578.657546624585,0.06743421052631579,2039900.4925372396
CONTROL20_DCHA,0.48938349051906865,0.2995280547614049,0.9803062567467,0.010566351992099626,7.660512141316493,4.068609169467078,1.8667789445257147e-16,179.52007188245335,66.93550621952102,0.341660131004079,0.260922348309709,2.187001146009554,0.2430363942635395,43.0,0.05413180507033602,0.11688951249030977,-0.00024062904693379565,0.0786129680669978,0.28066132967403024,0.1007247614695821,-1.5347443820463078,-0.14912675596451436,-0.787741991812053,0.0,105434.39886755147,0.0722495894909688,3064602.418379035
CONTROL20_IZDA,0.48718327296226227,0.2771073187179856,0.8869440165209754,-0.012995764074242171,7.134525426996482,3.708070737116238,-5.193335610206713e-16,140.04179312522487,58.15259183584815,0.3393227633341688,0.2290871695506768,2.1366946357081718,0.2535426290800502,41.0,0.05290606215144005,0.11157763395647176,-0.00010208424036630743,0.23251407171213723,0.8593940662886024,-0.12027405852966357,-1.5591346887698407,-0.16697552716118394,-0.8739403597666189,0.0,99906.7811793306,0.0664451827242525,2487392.017147565
CONTROL21_DCHA,0.5696309901514902,0.2786786695915861,0.9376526758301812,-0.010293927800378504,7.002375019434993,3.703230228686716,-1.4023869784738819e-16,160.1630444924932,60.36514221697257,0.392144148121127,0.24954114569373412,2.0508300096016097,0.19106607387512356,39.0,0.04425367323630704,0.09001028747788696,-0.00018960639614647368,0.11581908199353874,0.38247142746158247,-0.3759986835744604,-1.3390557245335666,-0.2952173923997819,-0.7438326660817007,0.0,134279.12945207403,0.07072368421052631,2530615.9717221176
CONTROL21_IZDA,0.5330962236688725,0.2504825976243987,0.8905389025994696,-0.025984435609733104,6.672896168222033,3.8269446062032015,4.659296627935083e-16,200.1080421732328,69.18752166025891,0.3645807594244972,0.21998191618427657,2.3412231073383993,0.339393659096407,46.0,0.06593358266233676,0.15109423522246218,-0.00017522241559386425,-0.061205337441522456,1.0025528464664029,-0.3373528146407681,-1.366863361661303,-0.19948882733585005,-0.9111738906927642,0.0,117401.60468195532,0.07704918032786885,2720551.648276887
CONTROL22_DCHA,0.5313770241909789,0.29660287349014985,0.9024603906583609,0.034328205215708216,6.778686142670988,2.973779509471645,3.288462248145918e-16,114.76547803320659,41.61279638861614,0.36961954246646517,0.24579009458291698,1.5539809996479153,0.3517506633101947,29.0,0.09248910082319758,0.13939956455698063,3.267761410135494e-05,-0.1778453912136806,-0.7597834262401069,-0.31796228361560785,-1.5640184724411206,-0.008256691833525641,-0.29515778124370406,0.0,119424.925525135,0.04793388429752066,1616136.4267898817
CONTROL22_IZDA,0.4995035669666085,0.256933256732708,0.8297999338589279,-0.011482964319044834,5.805977513890461,2.6388177411510196,2.0966834825707875e-16,87.00524119797979,36.306530610755836,0.32810113085440906,0.22588549156565194,1.6371823106123409,0.31226795036972965,31.0,0.08256703820282978,0.13193059707052765,-6.52543261503789e-05,-0.05378033065755594,0.07528430718203423,-0.21547933731771002,-1.589104621808481,-0.08537022464544045,-0.5529921754512541,0.0,105102.26669936496,0.05245901639344262,1293454.2300341802
CONTROL23_DCHA,0.49691797702144,0.24305684458014906,0.8335030490470626,-0.004852833846576945,5.825515708062513,2.473513666380336,-1.3796946325438837e-16,114.57970632223135,36.886309460868155,0.32740937690567934,0.20064947117615836,1.4447848533191627,0.22501200321237455,28.0,0.10207149455161312,0.14429332458407573,-0.00013236342043648048,0.2105877256694273,-0.0016119193579212372,-0.4546429586593783,-1.3767378388869478,-0.09081785707588355,0.18365391911773088,0.0,105570.65951879766,0.05016181229773463,1166468.1557271392
CONTROL23_IZDA,0.3905728376413731,0.18186614619999622,0.6464111401192082,0.007148592638447089,4.033981505200938,1.8958747692277975,9.333894722628574e-17,109.49389612932552,29.225803418865848,0.24800872165186197,0.13481057862540627,1.612250485492387,0.37148112712317594,30.0,0.1285638935716986,0.19839381312274268,-4.4173756341426635e-05,-0.04662093452894944,-0.7622901441485972,-0.3302227415095117,-1.48565176726066,-0.38848257328181574,-0.026266764812133303,0.0,62700.258810155516,0.047619047619047616,665419.7571672042
CONTROL24_DCHA,0.4876450793027943,0.2407080769434221,0.8342694895876401,-0.013750174530186458,5.093620846311081,2.7220654251132452,-4.674623261579606e-17,158.34203871182135,48.96766789415417,0.2964169083888333,0.2098929509967074,1.6100377592408754,0.1728022906062397,31.0,0.06750657491315246,0.10746142663590921,-0.00019311813675118767,0.045296018541858274,0.9133413663169825,-0.3143651589297806,-1.4633144689322328,-0.6680418714784485,0.2099150396729983,0.0,98596.87935727325,0.05592105263157894,1367333.5318897832
CONTROL24_IZDA,0.5142226398460114,0.338839678855059,1.0205046529358135,-0.042316568418250204,9.916603585465259,3.7549346299552333,-1.8729297812457336e-16,230.16054008947694,67.3065927891531,0.35775178091707716,0.30265517738849107,1.5641672310832202,0.08970659525974668,30.0,0.03639855816496649,0.05675162445279144,-0.0002155369211556984,0.06426574564897014,0.04201955952708086,-0.07437778715758889,-1.696905392104295,-0.4053783844127347,0.21750041293147904,0.0,118543.33801552338,0.05271828665568369,2592839.950738542
CONTROL25_DCHA,0.5422821176256014,0.26912011710753936,0.8347617468275373,-0.0027533060738809878,4.965370453985803,2.0281183536742096,1.0398186376977076e-16,88.67752811503338,28.20452322066404,0.3770463036316726,0.21318792953776472,1.3427574443471841,0.6055869971512946,23.0,0.28237658126514475,0.32680062708897,3.299030758187894e-05,0.44204088177006273,-0.0004484396757108082,-0.6604373034945795,-1.2473962174759017,-0.5088326554935493,1.3669080930869306,0.0,124898.89801042409,0.030894308943089432,776572.1281623425
CONTROL25_IZDA,0.4429906967750562,0.19475685973096146,0.7736444003329073,-0.023269463929042496,4.572753628776765,1.5151851376870222,-1.1629177344682492e-16,101.63332209470653,22.934847079747094,0.26369844006328885,0.15875436232915055,1.8589270328398078,0.6191978571869488,32.0,0.24687700741487023,0.4008755938970626,-9.429014065749758e-05,0.40818393208811043,-0.04065844902267207,-0.37772427392998803,-1.4180232252633522,0.1102518866293703,1.4998164062357686,0.0,80329.23664945386,0.03436988543371522,428032.21583128674
CONTROL995_DCHA,0.687038160333386,0.36993835264636227,1.1443104908005404,0.005635015013729177,7.82331751745279,4.2934896999264955,9.303341875745993e-16,163.29608709816696,65.04414938342421,0.5110394167214097,0.31987441700974567,1.7114323093828712,0.1726227144295398,33.0,0.05925089396113453,0.10040461644846789,0.00014100189654350648,-0.15799302533591586,-1.5251352557127147,-0.4337652976191772,-1.4029460308328985,-0.3629629541354882,-0.42149804412243297,0.0,201718.9366132472,0.05728314238952537,3434916.2169844685
CONTROL995_IZDA,0.6636879592006313,0.37345134026660765,1.1553124194046445,-0.013890761900946498,9.09961720771111,4.569404520941729,-1.8760204244491094e-16,143.8114625569684,70.36640799074377,0.495924688891446,0.3345430850534271,1.867819587982873,0.22568279084429238,36.0,0.07061639721449565,0.12987675572814134,-8.037621925396033e-05,0.04972268771111077,-1.7538633897912532,-0.29795945681260777,-1.5328483143582174,-0.1607759263494954,-0.619921874039413,0.0,187326.86143617122,0.06435643564356436,3827487.7506415904
CONTROL996_DCHA,0.3786653052386841,0.20891941238985065,0.6489205814018036,0.013229990603215513,4.81533581124127,2.343807630264827,1.6469533610333448e-16,105.76761955961307,38.352711998895714,0.2436548844063367,0.1571705305105345,1.7280301287235829,0.3449805997049604,32.0,0.11734177514736231,0.19521827753545376,-6.385891249392887e-05,-0.3178211234720365,-0.008639152141716892,-0.3385037406786332,-1.5760498459150616,-0.2700744168941385,-0.1616236276104548,0.0,60258.4484318108,0.06291390728476821,1000293.6316480117
CONTROL996_IZDA,0.3494906502879299,0.2122804568395494,0.7520656450254418,-0.012179020866512656,6.236436323692288,2.6329559946352585,9.395606423274052e-17,110.23931869235645,43.5738296256715,0.20646995708439184,0.16779750922495718,1.9472224839184942,0.18432863911271724,37.0,0.050479487539651265,0.09740805652156623,-0.00020558754755849978,0.004264463236074656,-0.04070162825882443,0.15104367275951633,-1.3690891664513711,-0.11750928278854166,-0.1353029064273139,0.0,52941.11091120197,0.06446280991735537,1266619.5325629362
CONTROL997_DCHA,0.514311953544566,0.3144756059737838,0.9035939333229089,0.007331392466038702,6.777885775754006,3.025839418109806,-3.739698609263685e-16,145.51902952022766,48.08337929262309,0.3671678163376435,0.25182610000139105,1.6703686285617818,0.6144584775430443,29.0,0.17287889371146276,0.26192251267598726,-0.00017758728245436447,-0.6118828375550107,-1.0234574447197793,-0.3051220657781196,-1.638428028386387,-0.22523184994652876,0.36498185235794356,0.0,116031.08573701933,0.044407894736842105,1689171.3942137973
CONTROL997_IZDA,0.5778050662386126,0.28701694764396535,0.9895230988771688,-0.0064482004299362536,6.849336368976676,3.4999743853854923,2.8047739569477637e-16,153.7944139091271,55.455930360932584,0.39962471520487497,0.24357065998466354,1.752541668637248,0.17465239204296562,33.0,0.05527015769061341,0.0959553592420506,-0.00014281945048044497,0.030841658369896496,1.019858196839202,-0.5072015830433942,-1.312581286164374,-0.3002568113400275,-0.38785822779255685,0.0,138616.72153943413,0.05756578947368421,2260449.3323080684
CONTROL998_DCHA,0.3745833724076262,0.22045876799326802,0.8216060711328678,0.008367490929453464,5.244647269067277,2.4682627253288087,1.8884856764388045e-16,117.24309365488855,38.99569086710392,0.2282546685498825,0.1826052192508711,1.738347934979585,0.15941857112091165,33.0,0.05312984979186759,0.09159787187661733,-0.0002799323543651771,0.004309596151182538,-0.18031971343049089,0.030449505083725,-1.4563704086650942,-0.4771375033039465,-0.21818170769245215,0.0,59642.046974701814,0.05813953488372093,1102127.8102773486
CONTROL998_IZDA,0.34163082268978595,0.19618458842084774,0.615993155167967,-0.0071000434495285805,5.40985241423929,2.310912797724622,1.407015318336832e-16,133.7790113923151,37.8188208251324,0.1930134424817465,0.15584151144150524,1.79315612830767,0.14546660039924067,35.0,0.043689038091750954,0.077855485273599,-0.0001945107167755295,0.0524822208620761,0.16832323857573864,-0.08092494787324601,-1.624873083704907,-0.17062045925812377,-0.3280564587831649,0.0,49916.19489605815,0.057755775577557754,978964.5257027807
CONTROL999_DCHA,0.5021260958961679,0.2670302989966006,0.8141321787822989,0.002887551815378919,5.628013987772294,2.542707669983529,-4.900294729380001e-16,97.6436125371654,37.814261508089444,0.3478465844872587,0.20811009489270127,1.5693799724422526,0.5482396177827064,28.0,0.16316823250487442,0.2358149617085602,-9.607268189468994e-05,-0.1419184926283441,0.016881178747041477,-0.4877044096930987,-1.4463981113177073,-0.2918717207766824,0.37271669500906546,0.0,106711.5661978068,0.04269293924466338,1196854.2650523398
CONTROL999_IZDA,0.7206061118713658,0.4227158457131609,1.267733986233955,0.04076625841928947,8.9927229295143,4.084720933185281,0.0,230.32456285953157,63.52686616213026,0.5962416769472237,0.418843671658555,1.5144140069176308,0.45598078672633646,28.0,0.1444885733546452,0.20605597173463233,5.578812005160308e-05,0.19789553110234448,0.9324310248057361,-0.3696730906632549,-1.495759924431548,-0.4101661848649027,0.4609212774736493,0.0,222715.16742445715,0.04462809917355372,3048588.122341892
ID01_DCHA,0.5013988466324737,0.2786125356403286,0.9503125479708152,-0.035495201385146745,7.6231513785647325,3.5885838899329063,-5.142085587737567e-16,143.18941321649683,59.831395934797435,0.3524311367586999,0.23426231016024424,2.0109229888936406,0.09988163009720843,39.0,0.024412448740535872,0.04897380015779142,-0.00020221396935839165,-0.04912565124426549,0.10506512555458111,-0.10231148884702483,-1.5633050025023585,-0.12484955837650655,-0.6638160390604879,0.0,107257.75134467396,0.06743421052631579,2376802.3911238266
ID01_IZDA,0.35796508238738184,0.20194089791217315,0.7374247128831883,0.01180883727081492,5.185800274652926,2.6532972548889457,1.8515771615898377e-16,102.76995733772497,43.63425001806318,0.2205131381937126,0.16267398294555974,2.106715807958811,0.13483994163076346,41.0,0.030703187274775855,0.06442136422892322,-0.0002566303974042797,-0.04934088249657442,-0.7321199437894257,0.12614663324082678,-1.4863123937427953,-0.32963180857633473,-0.67029238078017,0.0,55982.324003841924,0.07003257328990228,1324904.3303048834
ID08_DCHA,0.44040419388435004,0.2260320814886748,0.7239054522850156,0.01844680202054083,6.059866805507388,2.0373854033577765,1.3243503178672856e-16,98.124648818983,33.05275553830873,0.27923777300060587,0.16555739214340115,1.8479374669019066,0.595681349808405,33.0,0.1899942425291347,0.3176145486345689,-0.00012615390464056447,-0.07281851423627739,0.2641153762990783,-0.43166450972421416,-1.399456735732245,-0.10434435862451485,1.2848214497426458,0.0,83545.86449959717,0.03889789303079416,788949.4231952621
ID08_IZDA,0.408191974952121,0.21266121965058635,0.6722251652680725,-0.009126699898181954,5.316227078895866,2.194046634751012,6.88732861803005e-17,128.00605394143562,39.511006825084,0.25385680877302885,0.16038976267853544,2.014872246079478,0.610852504458754,37.0,0.15683703897502038,0.2895706677490354,3.518394425584424e-05,0.12071112374488879,0.11014145978435985,-0.34875127339867185,-1.5375694659701373,-0.35450065776917994,0.5064820004456587,0.0,72492.70596947747,0.04523424878836834,920628.9426975137
ID1000_DCHA,0.39792868952237836,0.2038878967309968,0.7405678305484885,0.0025252826860946453,3.906005240381631,1.7109862121125627,9.380102122245547e-17,73.66229069965075,23.403364262219952,0.24941985989046078,0.1652604233203821,1.5289969915936197,0.511828950030088,28.0,0.15211739253323597,0.21649612296584922,-4.028030943911944e-05,-0.11730541763339275,-0.10553450275775803,-0.06675420215013175,-1.4867668978038262,-0.20162966246507322,-0.3362800150215688,0.0,65771.26249862023,0.0429042904290429,536649.352022641
ID1000_IZDA,0.44952293922586745,0.196528847732873,0.8584653407900055,0.01577077039795339,3.7385895416310397,1.7079148090758478,9.303341875745993e-17,92.02226723094005,29.9404536508553,0.24626822796180314,0.18074491045462437,1.9533803119825133,0.6787265887830567,34.0,0.19012408271928874,0.33024741215102593,-6.949359787137966e-05,-0.30685711564111484,-0.594729545268042,0.24317218657787107,-1.2109423556281917,-0.5000033623619431,-0.013942250665990752,0.0,82634.96108699162,0.0425531914893617,543469.2466732417
ID1001_DCHA,0.4064732157384483,0.24435165544619852,1.187413970306033,0.026210082331529345,13.599013974486434,2.424226444845468,0.0,371.9967051523578,64.302489484005,0.215951614017299,0.1874049583438827,2.014309861755349,0.5321076385782009,33.0,0.13809251936998693,0.26025498035965966,-5.716070987372293e-05,-0.20583655858027194,0.02877483357980741,0.2365176223542455,-1.100162263173514,0.23086275709844745,3.9414851373269615,0.0,55402.33971059463,0.03189493433395872,832175.4909566862
ID1001_IZDA,0.41399990961856853,0.24251797662528832,0.8521467882699687,0.0121050650611434,5.172804462002146,1.8743933186382027,0.0,125.17373075568892,32.033038804316476,0.25099176780353094,0.20068202195669385,2.1086363219209656,0.48809803637143084,39.0,0.12622898325272763,0.2515052559972704,0.00010118572725683954,0.02148919296583207,-0.023100806698743773,0.10418024532304307,-1.6545363600521605,-0.5264237327933545,1.385066580230788,0.0,73481.21727559656,0.03305785123966942,641907.6454974286
ID1002_DCHA,0.518768037222775,0.22223402561805175,0.8370440120871286,-0.0007280027450604616,5.1127309764271685,2.072427151475529,1.1763952578809607e-16,75.8451323386898,29.08755276767718,0.33288470139289694,0.2052594565792386,1.621714065823913,0.4835484803110447,28.0,0.16985307339936448,0.255576155784575,3.309611692220665e-05,0.359719278930138,-0.6615750017409914,-0.4354974192123643,-1.4083543773808191,0.3464324457433879,-0.013746542377822468,0.0,107173.21920268753,0.04470198675496689,782112.1805214213
ID1002_IZDA,0.4609901697189671,0.17735042675116836,0.767178966232935,0.014796492990417574,4.8532938955154314,2.1121326852043074,-2.837441873251648e-16,142.99449034829306,36.81298521685072,0.16369799321830505,0.11651592187048775,1.7328842524201393,0.42489626447942525,32.0,0.13184879620886927,0.21702711668157326,1.2824072400802775e-05,-0.011990225964249479,-0.22189027273141293,-0.6187211349850901,-1.001583687675185,-0.13996874925811537,0.1586735891461979,0.0,82430.47481434811,0.05490848585690516,804368.1624619891
ID1003_DCHA,0.2092053737936799,0.09996704603241487,0.4259618035855419,0.0032781982333324883,3.2139003951368066,1.7425023131619344,-1.6415178713929706e-16,69.08414498088298,34.86500211916345,0.09627867485103081,0.07099940171210307,2.609027289804699,0.4568408967384508,49.0,0.12210441586980034,0.30258103621092214,-5.16859868979427e-05,-0.06323762639999364,-0.06131567225044102,0.38240483026236227,-1.241874705568988,-0.2810077729259904,-1.054177604891566,0.0,17904.705018102843,0.09240924092409242,556533.3081076237
ID1003_IZDA,0.3036667823863583,0.19869734914259973,0.7226153047193878,-0.027610265525543107,5.818891403069648,3.4545321509719797,-4.2280228904733234e-16,160.00125420715085,72.47724755816823,0.1762246114391154,0.17642721629106609,2.68171535668643,0.19817758576325833,52.0,0.02927061273073349,0.07805185410258911,-0.00012347149862377627,0.17727232315648678,0.08075937798512903,0.4340785811925009,-1.2960253182125205,-0.26738859162395734,-1.0222955981059945,0.0,40965.95372018466,0.08760330578512396,2180541.044156342
ID1004_DCHA,0.35869533676466153,0.15890055789082028,0.5862918229531463,0.0031510869664541446,4.947609077198813,1.6063049438289778,-4.7133846484915436e-17,120.54707224873289,30.134387174119063,0.10604054660856765,0.064186382370118,2.032924036196113,0.6577408146126744,36.0,0.1822439757624966,0.332354596162222,-0.00011052514145434646,0.2310124002431595,0.03750145640709348,-0.6256458227506065,-1.2608010085878139,-0.5626320113123892,1.361763224232985,0.0,51365.61219622331,0.04145936981757877,468254.2795992799
ID1004_IZDA,0.3681629501173354,0.16265525265221287,0.6344690136742033,0.0002797112761639126,4.240525144422013,1.5999191507735422,-2.282226053893939e-16,96.28529412076344,28.853373171007473,0.18952440350476146,0.09660378306156027,1.7797832626746728,0.6842490408909977,31.0,0.2129715847149407,0.3333243884589447,-0.00018643522699185894,-0.06783304859549055,-0.000915921004759527,-0.5023335083833064,-1.2585078704352612,-0.5066245022802135,1.2548571602711842,0.0,55531.74340757722,0.04091653027823241,476995.0432639566
ID101_DCHA,0.58611424610414,0.3777498534471216,1.0531551789720357,0.0009641212769121894,6.9322610347210984,2.7232367544986906,4.6900510611227736e-17,97.29912576165007,34.09124516933939,0.4234616047113549,0.31815014474130543,1.8280041453244262,0.5996395255583956,31.0,0.22920783734417227,0.3712137146283343,0.00017176603927067217,-0.16745761350912836,0.01411281999750012,-0.2589488927973968,-1.659242801066128,0.03098728050966739,0.45320541208974907,0.0,152314.6678991237,0.033003300330033,1359446.386131329
ID101_IZDA,0.4099781191030376,0.21802385833151497,0.6830766567816003,0.00510546379174456,4.295167963927825,1.728459676887176,1.8667789445257147e-16,61.123218524491435,22.639572223417385,0.2565624969915018,0.17274733932172204,1.5338834045046794,0.6142390739520623,27.0,0.22205602953612597,0.3011798070631445,3.919068511551143e-05,-0.09631265506945641,-0.9436243828679938,-0.40904361378268117,-1.504983946742014,-0.08081729124825884,0.3222716410964841,0.0,71138.77013936239,0.0361247947454844,553111.7814607768
ID102_DCHA,0.3555850379162219,0.16311044386491874,0.6222817553679865,0.0015557141914068332,2.6719985022352475,1.30421402744464,1.397788988380525e-16,44.42099472005079,15.905488856683409,0.21842204947091734,0.12789609887616563,1.2150426020374634,0.0987817650265757,24.0,0.06396933011587178,0.07725194343450735,-2.3927776294197378e-05,0.009138424670728451,-0.5459995665436779,-0.12138970326366784,-1.4882186111563003,-0.45409543112299205,-0.3429029751957158,0.0,51990.33880557843,0.040983606557377046,315945.17903577344
ID102_IZDA,0.3394342655905864,0.1739874309114421,0.5918007877226491,0.023515116786899746,3.235091422389297,1.6565367737397558,-5.862563826403466e-17,63.109833544270316,24.193203923313103,0.2084604455565424,0.13386819603692468,1.3988757276336747,0.11649224475981665,26.0,0.057714880851411604,0.08020944960558508,3.6073192729159616e-05,0.0022071841324364794,-0.7366066407267706,-0.1735821631708451,-1.5750912554404068,-0.6252107220479002,0.24632496592445996,0.0,47860.524785972724,0.04785478547854786,503235.32375660806
ID103_DCHA,0.4877732900601352,0.2137131864125535,0.8071652819131229,-0.0032126551401539935,5.221369646747336,1.8939080640943955,-9.349246523159212e-17,93.27724358752366,28.473385260626852,0.3119257974396995,0.17272752595470367,1.6444794749566312,0.6371410533190885,28.0,0.20814385427889304,0.30342161170573867,-0.0001958448241364827,0.12526780079222521,0.4583258464876747,-0.48716149672643816,-1.3480779460795276,-0.23326757069404813,0.7022821072116141,0.0,96379.49410221448,0.039473684210526314,661875.0627372725
ID103_IZDA,0.4049975314326575,0.14656017716961176,0.6205064510679161,-0.007989105198972082,3.537287401311959,1.3912040729039399,6.344131569286608e-17,73.87266930902716,21.10310546551447,0.2263066337406084,0.1158467628395171,1.3575625016715909,0.31811324541844094,26.0,0.10833841131745871,0.1424524969784927,-0.00010438240797876033,-0.11490075503998787,0.03097729832337954,-0.5099672504249599,-1.2653665221955306,-0.24588322196365098,0.28963793237664737,0.0,66308.22929832012,0.04220779220779221,366636.55533943063
ID104_DCHA,0.43523884896118603,0.24365907448799873,1.0045911006658328,0.005588590023327075,7.822254402445086,4.186722765450251,4.6900510611227736e-17,219.15853447579175,78.11775799635447,0.2741474666354263,0.2236619835101527,2.756646266167065,0.36134321894448823,53.0,0.0710549736784324,0.19109500981383212,-0.0001261320651907884,0.1056170745271201,-0.02302101740803772,0.1396354238570705,-1.3047691013500922,-0.16622135228222543,-1.1774724108731986,0.0,80449.89705778618,0.09735973597359736,3213103.4527936005
ID104_IZDA,0.32038651211092234,0.18459944482937812,0.6921841460240065,0.011859533061113078,5.863819044479566,3.522355584521742,2.341162226557167e-16,221.45614802844293,73.94187272883555,0.19559596369623733,0.15665047389127312,2.1549885624789797,0.697515620217214,38.0,0.1720845331229162,0.332946246566254,-0.00016100224597947286,0.06836194840547138,-0.8027066447728637,0.2901538911447477,-1.2200775055747397,-0.14079516200448353,-1.213517816023889,0.0,44087.84039248556,0.10543657331136738,2281884.8540779515
ID105_DCHA,0.2946582496580351,0.19742326471444743,0.6974107833218127,0.0024693196798479095,4.342291017199364,1.8350430524399677,2.356692324245772e-16,88.52340942660999,29.31842465597921,0.16402444101057018,0.159387666610336,2.3235167340351346,0.5728031235856611,41.0,0.15174946499565448,0.3256115737556997,-9.952405478434911e-05,-0.22272731718659866,0.17030557304649502,0.4132209740247449,-1.4718050798717164,-0.6200371063962467,0.9626978280602407,0.0,38644.0427646895,0.04145936981757877,611164.3834041796
ID105_IZDA,0.2878426764394023,0.17437834427421814,0.5936380680862238,-0.015469347478669664,3.5458826321015375,1.6122465074714474,3.9865434019543574e-16,110.98714376649791,27.243982468467948,0.15791784955433008,0.1428731765764814,1.7731177826661668,0.6374273196950028,31.0,0.1886144694082866,0.29932588934374627,-0.0001468319857489804,-0.043252557488239196,-0.04347320439805692,0.24144666856110047,-1.5328275266880742,-0.7445734593256579,0.9029782503838124,0.0,36000.89540736031,0.0429042904290429,476509.5362635065
ID106_DCHA,0.2759041200359935,0.16281898171972906,0.7745592280157553,-0.008614734698218477,7.746808894165737,2.0781056995550284,-2.5668210487228576e-16,128.55813658355805,39.65329272416013,0.15805344488541614,0.12535427218794656,2.1081330527584665,0.356983223468613,41.0,0.07841690757090211,0.16096928623532855,-0.00026404316287451546,-0.310390249115424,-0.05803996009887133,0.613405486212462,-0.7953773137275104,-0.07183245750421936,0.18550011306976621,0.0,33140.490379130926,0.06403940886699507,799411.9867482973
ID106_IZDA,0.2760680626141716,0.1375855650553705,0.5028062130441179,0.0160685480184332,3.5938419500712087,1.965110659059574,-6.966105252550002e-17,84.07503713030832,34.414243106572144,0.14525970946108022,0.11297562580720985,2.2055986054495964,0.14266045290871124,43.0,0.028465524458556365,0.06253325275799392,-4.1173120625315184e-05,0.01917308325853062,0.39855022810285284,0.24269106056745987,-1.5627831386057274,-0.26839600360050825,-0.7581061643759295,0.0,32084.509978336966,0.07352941176470588,722046.6696131545
ID107_DCHA,0.3825205118125041,0.22297271268397292,0.7220941071440631,-0.02746811785845429,5.384375701335549,1.5462670370651384,-1.0605115459105973e-16,124.53286778933438,24.82134706747601,0.2176624327769818,0.17147544278103444,1.8517116866835401,0.5661953540168683,32.0,0.2083024750062996,0.34823888548101367,-0.00014727069507339355,0.10851798133962509,-0.051219538436039005,-0.1054001438453977,-1.6780733738642815,0.6671839415947368,1.7568744496247932,0.0,62227.673376678205,0.028192371475953566,434228.6795129798
ID107_IZDA,0.30819825552336716,0.1363341182533047,0.5618640827093713,-0.005333159242943941,3.7973493868600063,1.2001507148268222,5.862563826403466e-17,48.22110492052998,16.01893958212444,0.10484959060817606,0.08190969943088368,1.409196414577526,0.32383026596017445,26.0,0.11892715229100857,0.1618240908673606,-8.762723069166466e-05,-0.04181242093276172,-0.0020067043871412546,-0.24467779892901603,-1.3377052742356155,0.24017884401214598,0.14195098587051103,0.0,38289.61328068235,0.04455445544554455,264048.8238410537
ID108_DCHA,0.383406196332125,0.19440182908723494,0.7142374037700195,-0.01544930474674246,5.971235024624471,2.380330575207608,-4.666947361314287e-17,143.4378357964323,47.18213164948744,0.22818418590122008,0.16189847968533247,1.7723248771167255,0.16520576528027797,34.0,0.050657595068691115,0.0890528972136082,-7.888042470303227e-05,-0.1067593529869737,-0.18531193888935407,0.14773105177705284,-1.5407188455754168,0.022277846807262195,-0.2618297204166731,0.0,61516.22506189421,0.06075533661740558,1048836.8257657841
ID108_IZDA,0.3267061312955194,0.20246345618505357,0.6372760050171492,-0.011995656568809214,5.2120350155065855,2.393377292202799,-1.4163642573291033e-16,106.02502859130276,42.00210884227127,0.19768869730990157,0.15087695875043303,1.735892236978237,0.23468863039698162,33.0,0.0768509183520621,0.1311256244732593,4.455739058842006e-05,0.08794812630010318,0.040048892996901786,-0.057314631994231834,-1.6726467381972927,-0.08830900946543911,-0.13979138896232612,0.0,46097.251819033445,0.05647840531561462,1036286.4961814514
ID109_DCHA,0.2531558014257886,0.167776361337506,0.7009362655870821,0.0004086664210225806,3.34639595019608,1.2513553178146823,2.4541772123292936e-16,78.83014849988926,19.383372565646674,0.125735923153603,0.12879803651657923,2.0408396964135105,0.45805865613998664,37.0,0.12964419805266622,0.2506038076945398,3.498414506318504e-05,0.014321264500432473,0.01970324172369471,0.7201037146660281,-0.8382087201332515,-0.44329424246857657,0.9225200382462977,0.0,28885.235037153732,0.03289473684210526,288945.71698347834
ID109_IZDA,0.19162205762747114,0.051315471514995985,0.375794047326069,0.0007711604760701248,2.134652560910893,0.5686170380893366,2.9264527831964586e-17,31.699199226791773,10.494061301091548,0.03915650011322843,0.04507953618509134,2.075327873921606,0.40285265545111837,39.0,0.10279656153869832,0.20516619035536054,-8.163600440491606e-05,-0.0757073489712834,0.004673072223357749,0.9439254047467908,0.46506560383615225,-0.10484409809913688,0.28665532869071253,0.0,14013.396920983198,0.05930807248764415,59462.271326639086
ID110_DCHA,0.20372555834239045,0.12039958220047231,0.41403282134897434,-0.0009136939513523573,2.2508766336657486,0.9403547059041899,4.705581031523842e-17,51.96827176873799,15.897330091854005,0.08541317587425694,0.07506506706773469,1.774681192885351,0.6627108661347685,30.0,0.23610874375457788,0.36560408616836654,-1.806892966961988e-05,-0.36306616217071874,-0.25752062221289096,0.08156874274913158,-1.5371358042878163,-0.7832117350700425,1.2184497049462726,0.0,17781.179982991394,0.0347682119205298,161030.21743989838
ID110_IZDA,0.14193188520234545,0.09647038719317388,0.35546336262033496,-0.01107445318851921,2.8286890718896958,0.9297001232468634,1.9251157865421435e-16,63.734689614203894,16.674232555763794,0.044118155500085056,0.03848104483462293,1.8782052012789157,0.6227953486427728,33.0,0.17627528811252038,0.29973504163022685,-6.80219416988943e-05,0.3482879935837566,0.02066527278879384,0.3899997195683146,-1.3839620955003555,-0.6595132358726066,1.1948087512263488,0.0,9194.24177377492,0.04433497536945813,160055.83564952717
ID111_DCHA,0.3565066478868672,0.24166645830515623,0.7840426782122923,-0.011021538317687573,4.887907796540085,2.2303894541131593,-2.3334736806571434e-17,135.15979471846777,34.413153285533916,0.2126653366318766,0.19736694140040206,1.8830566405165758,0.6322689772886358,34.0,0.1662859876264167,0.284486027230516,-2.3600566749170124e-05,0.23085403821548156,-0.028972842804660934,0.32025843357807104,-1.5607182588990365,-0.642958849088255,0.3452813725500996,0.0,57950.29365352281,0.04433497536945813,921009.2685688925
ID111_IZDA,0.32518484490630933,0.1693397040172218,0.595964384791038,-0.02421412821226042,3.1235528506402725,1.2767679644025227,-1.9802010668724104e-16,68.38694596528278,17.444504296150555,0.19507356572528686,0.12231313492334553,1.8852093558317662,0.7640322875541368,30.0,0.36017012092576284,0.5482869763849387,-6.76354078388846e-05,0.36270188950902593,-0.017638291778880547,-0.39027961287298185,-1.2820538145668898,-0.5382470499879931,1.2596025919142537,0.0,44674.16722123935,0.036065573770491806,303007.5601370127
ID112_DCHA,0.29677153769381376,0.12984235452539755,0.5611729444662419,0.006089552578709012,3.8655527171507695,1.5932955852286559,1.6334315764600004e-16,116.12141006127287,24.87891807952684,0.13934168812519263,0.11566485412904146,2.0233293199693674,0.26188617883101906,39.0,0.061420834907404485,0.12237809739800028,-0.00010085449746880684,-0.08165740581856062,0.010524045549559132,0.22826202226865078,-1.2761968171924236,-0.15301367231615523,-0.5360607913983322,0.0,35785.94229742979,0.06568144499178982,469995.3272470324
ID112_IZDA,0.36505705854876974,0.18459818915061857,0.7742162296033518,-0.00045443755992255415,4.986171991750273,2.558048267346151,1.8729297812457336e-16,133.99514171173004,46.35816980791516,0.22211086168524488,0.15877653438924494,2.3264403027503104,0.4447485925660374,44.0,0.098713699525613,0.2203987355445956,-4.6877970355773684e-05,0.3431791856444537,-0.18106014362799347,0.1677320409306551,-1.218086152710459,-0.33111373867993077,-0.47454361830119485,0.0,55369.310536240475,0.08072487644151566,1203367.112746397
ID113_IZDA,0.10432282780890889,0.07113556854830495,0.4113527131689061,-0.017002679836560383,1.3115328008604394,0.4355339503801151,7.141133022714575e-17,66.25302188537927,11.239213099278578,0.032096344108670884,0.03362625180948521,2.0258540717305182,0.6637280608330616,35.0,0.20421221593186203,0.3670241120270751,-3.868231201067698e-05,0.15429393342549957,-0.07947992936869971,1.3580947198670477,1.599660301808922,-1.5224061458249767,9.447638737500673,0.0,4779.134021132432,0.04020100502512563,33806.166063794044
ID114_DCHA,0.29419295953769353,0.14838043173147347,0.6076209705014342,-0.007045146839010787,5.966347693302723,1.7279051736601005,2.5752784492128836e-16,183.52103494765038,34.294072255266116,0.1552190026095408,0.10793118200230736,1.7956239959599116,0.3960105775096899,34.0,0.08324525632789954,0.14484416721635418,-9.058230919108354e-06,0.11769775471891442,-0.48405553770343274,0.11914775232852338,-1.285216724900856,-0.2246977402888948,-0.18766785330925817,0.0,35938.38425889827,0.054365733113673806,549052.357989771
ID114_IZDA,0.2313452265335144,0.09683323463652696,0.4272578814146873,0.005665701763195892,2.641751017766674,1.0809559006107172,-1.6551744260634613e-16,68.2271516247675,17.028570452885806,0.10468777632990287,0.06230171898669302,1.8146469462628223,0.3092669419677089,34.0,0.07327455149965316,0.13015622429264456,-8.375299075481403e-05,0.10249472923890512,0.048000355136291285,0.13761160513158704,-1.4343228011950186,-0.013488686307839842,-0.5098298123804579,0.0,21022.30836789108,0.05823627287853578,210631.64122115416
ID115_DCHA,0.48562512236254285,0.24485408108811507,0.7986034840455777,-0.025717248890998638,4.919200988297035,1.7050614293272612,2.2847033304183285e-17,115.10719619432699,28.0333751515774,0.31489668725928927,0.20427174893454808,2.044786896707146,0.5648309015576376,37.0,0.176250157948126,0.32990619942734023,-0.0001810220363613642,0.01447517652422059,0.005841178242684802,-0.4098982338262363,-1.5495665037179307,-0.855929758028034,2.9355231770431445,0.0,102818.31415727251,0.027331189710610933,561668.2279385126
ID115_IZDA,0.5160601265461394,0.22623847037156916,0.7511843372804728,0.01839808891987467,4.164931744302548,1.7152384903750808,2.558419015830148e-16,117.6996412621473,26.786412176522152,0.341222559053566,0.18471806948561004,1.8755748061735278,0.7339057985955992,31.0,0.25591994128972967,0.4080878592680337,-6.798239921763493e-05,-0.2535664743592294,-0.02647867661266299,-0.7242520273752614,-1.2157547397722421,-0.7908600916694885,2.3034853992721054,0.0,108960.46960102057,0.027823240589198037,548380.8746794064
ID116_DCHA,0.31044202963171985,0.1692366675433192,0.7464160841897091,0.0030460291437707245,5.924556255096209,2.96284402879911,-6.310741403132469e-16,235.11417276567315,65.37728057964036,0.16604549288490358,0.14872034110401922,2.0578174285181197,0.6658270885735585,37.0,0.17141109279396766,0.31859588649074977,-0.00032094452283051454,0.5719293303674082,0.724637752075623,0.41026905510653416,-0.622710935579426,-0.08152686431131499,-1.2545731012292138,0.0,40911.08504517176,0.11184210526315788,1619617.28322438
ID116_IZDA,0.3869403819501599,0.19786210346616367,0.770094952528675,-0.0010193736010031841,6.8300427699190775,4.047542467160639,-6.127400043039006e-16,188.85108125233222,90.24958255789778,0.24382196493641936,0.18896427197153276,1.8224687000547295,0.49572801640780195,33.0,0.13293375057597212,0.22838842269799478,-0.0001254637145343808,-0.032262069765931045,0.4458023921665125,0.22728357574198432,-1.2970956024060143,0.012222584844061166,-1.369023231334888,0.0,61546.068281569474,0.11111111111111112,2972592.0098066456
ID117_DCHA,0.2925872532450817,0.17500697284323263,0.6567164292362994,-0.0019212632949917494,4.762762614433704,2.2707411594512736,6.966105252550002e-17,113.66915557614509,37.58511612262288,0.17273215626346045,0.1382280270352993,2.0228106069890464,0.11780352598192569,40.0,0.028636185000065942,0.057733726624447056,-0.00012910310808642966,-0.023924655022790287,0.3260724952377803,0.43030850891678196,-1.0834475205793053,-0.5023084195578733,-0.3933313570684236,0.0,37789.94422377193,0.06699346405228758,963856.9234483974
ID117_IZDA,0.27825854259389493,0.16113175313237574,0.6367496560431413,0.018850561912352536,4.748056629562891,2.3089410458174893,-2.6096728191522878e-16,105.15987163604754,39.4444223162323,0.1523181669740587,0.1335155794093343,2.412021878676801,0.37608220013671484,45.0,0.08648112878736079,0.20232600561998193,-0.0001784239819197779,0.21791323475207358,0.11976286748029201,0.4372498639985311,-1.0362293775436187,-0.2932565097864407,-0.669369668566484,0.0,32431.187660678195,0.08848080133555927,954911.4506581401
ID118_DCHA,0.5085008247378386,0.3518023458228059,0.9768239722268355,0.03825353896700266,6.060256489545737,2.3593981832271713,-9.227827737144159e-17,112.26144495249314,33.43028691153189,0.35381989130132846,0.2716273837904808,1.8886535018364476,0.5970145080578318,33.0,0.21026174222181035,0.3563026339385759,-1.5248446764044309e-05,0.13314022857945562,0.2820648381072216,-0.1889578955235368,-1.7392739039616816,-0.6412475520145882,1.559805302653369,0.0,121560.60725986348,0.0275974025974026,1054998.922030884
ID118_IZDA,0.5333803367600656,0.36993232790895425,0.9850651946434287,0.031708317935953266,9.009101948309869,2.178916769406196,3.4773706480918445e-16,202.3622772883269,31.00671532916141,0.3822957559982688,0.28972606789216343,1.5702229190394492,0.5032090933510638,27.0,0.23164497739611345,0.32904193043880753,-0.00014131676151521693,0.15728637132633838,0.011217873810940826,-0.23878431392479205,-1.7067502146923126,0.18903838034219447,1.3759191676604035,0.0,132573.86685831237,0.024469820554649267,890560.0209890424
ID119_DCHA,0.4631365775951188,0.21178544717391096,0.7756176335870907,-0.007091796124506658,2.5373321746084048,0.7409034526825995,-7.57135702039451e-17,37.597633290442964,9.678596938957025,0.26240919821011904,0.18402863117605361,1.4062560479907102,0.6178713990255874,22.0,0.3568039356295893,0.42108036462103965,-4.128818810797196e-05,0.001381532470972946,-0.19734419412570087,-0.3200998607763118,-1.5709543970820312,0.11237086682966983,1.3207956708387307,0.0,88145.00309082564,0.014754098360655738,101940.25818668067
ID119_IZDA,0.43132901221858505,0.09014143667718508,0.5772063846637161,0.0019499884201751442,3.076671097046971,0.5852192760338525,9.364648906228668e-17,80.47785326229928,18.740548989948785,0.18867962779839964,0.11471430194320509,2.0018517196507903,0.613859885382342,36.0,0.1812088377932425,0.32825265314673585,-1.4495082809816276e-05,-0.013993971623752266,0.01762927778965402,0.023470052407549347,-1.4327957858410223,0.2100997026421573,3.5733443366216244,0.0,70042.43034376208,0.014827018121911038,62976.65763083227
ID11_DCHA,0.4406548167154672,0.3152502459191133,0.9546406773947581,0.027914341928103766,7.752180345050943,2.8242514982050433,1.400084208394286e-16,123.18143120897966,46.59590084659391,0.29485451841304927,0.24798108235792757,1.9489910912868866,0.5933832296777639,35.0,0.18388694755605756,0.32493963088126326,-0.00020342432996005994,-0.15267911957214086,0.014564680798156912,-0.05808888907942782,-1.7369471819623632,-0.0033721816100913526,1.000719565002946,0.0,90415.703445924,0.03940886699507389,1476992.985839728
ID11_IZDA,0.4068486929507044,0.2655903727030663,0.7637358713293021,-0.004201781865647424,5.8718803559168045,2.3866764880273927,1.0483417412853937e-16,100.93247417527212,36.10833124201421,0.27810742001639244,0.19733918978580658,2.0279783646337854,0.6845514593709663,36.0,0.18977586519983203,0.3420526275297414,-4.575018973219767e-06,0.15597279068139036,-0.016931183020932616,-0.11209892028232939,-1.7330449854118084,-0.29785975962709216,0.5864212073148214,0.0,74694.28739727945,0.04262295081967213,1058031.058145805
ID120_DCHA,0.5159919514691607,0.29553278063324623,2.0113230846541663,0.01585300089956322,21.97984934532628,3.2258554044999657,1.0335167065601457e-16,492.4309647603804,79.72811368107826,0.3196700571906852,0.27103222038778446,2.259594345094338,0.5076245530499056,37.0,0.12617626727048883,0.26866407445606466,7.915936299830944e-05,0.11371934462371014,0.5589492123641868,0.6265674320976389,0.6096732516035632,0.3145561780998049,8.57829151898249,0.0,93726.00862653479,0.04,1571139.3612906844
ID120_IZDA,0.4094684095259681,0.25730085787298723,0.798859508273367,-0.029416815250643196,6.080253663593839,2.3984637006648426,-1.882232412609537e-16,142.02361635481782,40.010287358704474,0.26155934196644,0.18879073070911936,1.9950157169001301,0.6216120724600558,35.0,0.17899092388880258,0.3227982709076568,-0.00016113923486091447,-0.6703450180499166,0.7018154077399152,-0.2549518435801222,-1.530918728287304,-0.16383706187356764,0.9931624189209312,0.0,73222.66348409672,0.041390728476821195,1047883.117049482
ID121_DCHA,0.5556966154410564,0.32406964206247807,0.948734589895742,-0.028413878861274763,6.003330545672202,2.6470714598027856,2.3566923242457718e-17,109.41438163932081,36.481052895555784,0.38115186606592955,0.2494717109427051,1.903299768978426,0.7340347546215156,31.0,0.23837204868357786,0.38876003721669194,9.78755054142307e-05,-0.13862576501243695,-0.8358466865982954,-0.36814439070463106,-1.5339371478038704,-0.4887919142445058,0.4384625068488419,0.0,131343.58391326113,0.03814262023217247,1272077.5360400998
ID121_IZDA,0.5661370662196037,0.3027860481017131,0.9188669838700444,-0.004018944733918369,5.709237514155521,2.5565279163205363,1.4046973359343e-16,214.56492040939293,37.16235023736559,0.4013560558568712,0.24040836350755201,1.5153039005761875,0.5160752148417171,27.0,0.2002895582946091,0.275900483066511,0.0002305525226042228,0.38401141598725963,0.16799869552958718,-0.612512816211815,-1.1902455667016514,-0.32615903538795227,0.2723056458120179,0.0,134953.7555739516,0.03789126853377265,1201936.298824102
ID122_DCHA,0.3157936643208179,0.21221951678463305,0.6421584551117606,-0.0005101748876711536,7.583116727701516,1.6963321367385755,-1.64968462697204e-16,119.05674096289978,29.079993188373262,0.20365478305570134,0.14590368664170397,1.9079636461919112,0.433356586694384,34.0,0.15515639517592636,0.2785075878783511,-9.04879199915515e-05,-0.18894238871190727,0.036877477225250775,-0.14565773695962927,-1.713057107434757,-0.02739121272790097,1.842066024695261,0.0,44435.45967148729,0.03316749585406302,522092.49757702753
ID122_IZDA,0.4115456960081299,0.22120002814821602,0.7200609632068787,-0.0070628026668017275,5.362592386762562,2.0482159186742956,7.03507659168416e-17,135.49561990961587,36.61521148744467,0.2640874324619766,0.17780188087375334,1.5914984625811688,0.6344186170428077,28.0,0.21501146768153281,0.3029326083898964,-0.0001240435575588485,-0.018093067792914308,0.9972383640296505,-0.46550626980064747,-1.4619130330870147,-0.02313023681998856,1.455080974482823,0.0,71168.17518511326,0.034653465346534656,768985.8256106004
ID123_DCHA,0.42805464118798014,0.199131395266848,0.6851688288263124,-0.024481468716253917,3.866269133014814,1.1269598899872506,9.91726314279286e-17,100.37083004696319,17.082857814720953,0.24876356204596073,0.13622172213395034,1.727750629147399,0.6382432173348296,29.0,0.22714357749396633,0.3465477246131207,0.00011337021984132609,0.0444661834199207,-0.23938819787952348,-0.7802079441895249,-1.1102021662555372,-0.21918293977112088,4.697795120478548,0.0,75298.01860048847,0.019704433497536946,235347.97926065177
ID123_IZDA,0.4463737632474754,0.21458724066812457,0.7071068571214342,0.019466440334831803,3.742778046134737,1.2632969405976082,-1.620130016391108e-16,80.3921656010223,17.237700031845154,0.262696640949339,0.15636705939582443,1.8464223250113685,0.7297854976200511,30.0,0.2897833416151273,0.4479471899415889,-0.00013112278853327693,-0.7156576079650605,-0.36755317750339334,-0.8299514110058887,-0.8648236122214952,-0.49384735177825556,3.483726573995786,0.0,83782.02834900867,0.021172638436482087,300473.89077254786
ID124_DCHA,0.25981892163565107,0.13947830098214323,0.46244923426550816,-0.016175947318493842,2.840383588064502,0.7170582165133936,-1.1686558153949016e-17,47.31988322615787,9.695046060876289,0.13399362327275788,0.09542748866283302,1.4217697787946284,0.5520093005372524,24.0,0.2756821163956952,0.34506272913346786,6.566208354767047e-05,0.08635695660099452,0.006304104125077654,-0.3303403804544278,-1.4673870160768352,0.4728739298216205,3.527938088132877,0.0,28544.32475532091,0.021381578947368418,94974.98662639054
ID124_IZDA,0.30574066107750797,0.16361978304070787,0.5343901065911041,-0.018849419167944283,3.480652687689923,0.9217566026397406,5.9113372359409335e-18,64.87020647552302,13.945569511030511,0.15723118523515917,0.11185365815349307,1.613203852159836,0.5979498297928268,27.0,0.26439202607693096,0.37359488805453855,-0.00017648280835567303,0.1643876008634635,0.0004011135750880187,-0.334178295214637,-1.4358578716493875,-0.0854641217882861,3.01548616093923,0.0,38590.976161879255,0.02329450915141431,153312.710046548
ID125_DCHA,0.1661347302460998,0.08276227681639824,0.35435750553505385,-0.008856816363498695,2.2027835365273973,1.1967262162462107,1.620130016391108e-16,55.50665861122668,23.123560569777215,0.04396512080090897,0.05112416738482394,2.052073525312379,0.1335322400849704,40.0,0.03175557608272376,0.06489382322564266,1.86955374337051e-05,0.008586538673241328,0.3012830616073292,0.6503453473272802,-0.9665384677918571,-0.36762275285491985,-0.46124631707249675,0.0,11694.403845350564,0.06840390879478828,269532.35812583484
ID125_IZDA,0.14030940512225143,0.09864486969792426,0.36097702347352517,0.009555790859996817,2.9935323205517013,1.451362461418683,-3.411546247854786e-16,67.64748872509404,28.56577429681075,0.07971423485195166,0.06533320662239457,2.079077047785351,0.12491217566981155,40.0,0.02882902344153496,0.05972588991616819,-6.425756636102106e-05,-0.030397673087926957,-0.30830863403632236,0.691668628285181,-0.961706484933182,-0.21172870194370702,-0.42150589421738394,0.0,8954.042396191804,0.0695364238410596,383590.3002178364
ID126_DCHA,0.2181908000954527,0.10358246005693514,0.6825989478375507,-0.01626254713538425,5.266243726848378,1.3138224581040996,3.2722362831057244e-16,96.2351708647024,29.90746748758315,0.11026779424451447,0.07322353006723151,2.1948170177212374,0.4002740906465328,42.0,0.08612677420272355,0.1829370734977256,-0.00012832403285203988,0.00578872662680352,0.1060330331277908,1.7219396414363046,3.231654319783547,-0.30657509694223584,2.3902108063290486,0.0,19578.453721990936,0.06743421052631579,318506.93862636236
ID126_IZDA,0.35988302710554243,0.1758690502249476,0.6649588873967673,-0.008175999929097559,3.4524946310705533,0.9363305094050384,-1.0500631562957145e-16,43.52046594720566,11.602758645034593,0.18134463663034017,0.11799512716445741,1.5717812483195335,0.6006141688876403,27.0,0.25511224980387603,0.3517819219579225,-0.0003983181928989555,-0.16789595474404262,0.4199665560432476,0.18445364809132858,-1.389916438139921,0.5666381439258895,2.2901808322173016,0.0,53761.18578314741,0.031198686371100164,162314.60544581496
ID127_DCHA,0.5888934279593231,0.3618959212774881,1.145338506807859,-0.020335675206824864,6.714082820519538,2.0076511830126234,2.352790515761921e-17,94.10969080474584,28.020287816081378,0.4381449792801381,0.307369630618072,1.727947279990356,0.5694833316408211,30.0,0.19220950506708676,0.30125132854306247,-0.0004894060082953985,-0.057601412892966275,-0.6446061323482111,-0.17545654535717092,-1.5667971626381532,-0.10386856770651537,2.513004489344426,0.0,150366.70452133886,0.023178807947019868,734151.4720971211
ID127_IZDA,0.5183032577804978,0.3022378778371101,0.9845215950296962,0.023895294266304268,5.393519211395212,1.8765029555577613,-2.5668210487228576e-16,210.73537872780093,44.427887970756245,0.3573713007466585,0.2425299192093726,1.9508349387411439,0.6145002327636403,35.0,0.19061177889063152,0.3345735903327401,0.0002147022718746396,0.21497092785642824,0.00016647051830349577,-0.28581933270054816,-1.3148526723129699,0.14062060746236918,0.4890401415726715,0.0,116544.53959427564,0.02134646962233169,652075.7007779008
ID22_DCHA,0.3827078653729076,0.22716389145200444,0.7477692861457069,-0.02097984461136901,4.830225105131006,2.0525128841113918,4.877360432674635e-16,114.94893761041168,32.26487210353727,0.17428424936250994,0.1539994989941796,1.5819320838277848,0.5971135540413713,29.0,0.180843202935019,0.2595447195164147,-0.00017821897426774445,-0.10591833270187268,0.5205163096920875,-0.10457219490991276,-1.5176193944725926,-0.5305001840500485,0.7101454876712725,0.0,70764.50614386775,0.0436817472698908,864089.1175140961
ID22_IZDA,0.5692949249173888,0.34685921466949327,1.0994359748379152,0.01536937629757591,8.768138476099834,3.6145870116311443,-2.8558791630229105e-17,153.3171578868518,57.20645180607041,0.42777248963360737,0.32871698213814243,1.8402578843397084,0.57276853168489,34.0,0.1365849848646546,0.23367284446590092,0.00015847839466019036,-0.5524447714255412,-0.029369323943275794,-0.28353237237474377,-1.460153441997188,-0.2124184442149901,0.1326564143751372,0.0,148623.67399669255,0.04983922829581994,2523380.8296889965
ID23_DCHA,0.39761495914200984,0.17787419330208384,0.6932833615049684,-0.013293521529508343,3.1621206383704084,1.1938866172908646,-2.0579743871100464e-16,90.17269141477179,17.901444776316243,0.22435098294957528,0.14216031575330954,1.8860337579710302,0.6889397811802251,35.0,0.26082650717372025,0.42451002657683357,-0.00019617838799975662,0.06877130763682748,0.0504216044300745,-0.34324169347212713,-1.3492939372840238,-0.5589203526968051,1.3397793032320688,0.0,74832.48230136599,0.039634146341463415,306290.963913953
ID23_IZDA,0.4436807965091886,0.2518068847630244,0.8241088209778127,-0.014627723524429126,6.853725273142015,2.420111082504936,1.6415178713929706e-16,139.42257253261167,39.53776584437659,0.28847913908798123,0.19900756176284906,1.8721325234618111,0.5686170179719962,34.0,0.15825175394194393,0.2725671142537034,-0.0002615034980377904,-0.14798822666619404,0.964974205034952,-0.1824995044684448,-1.4757127906904097,0.2011997241871348,0.6174503733640062,0.0,83914.73828485818,0.04785478547854786,1073707.04905991
ID25_DCHA,0.22051990023982582,0.0917027841559366,0.6493941260956332,-0.003621586344531657,6.410345613975579,1.64262123550133,-1.1705811132785835e-16,125.19739015011393,41.730018778729196,0.11222295779822712,0.07726202602308113,2.2593425429898693,0.5460553612152841,42.0,0.1270791429959554,0.26910575821262817,-0.00020365198469005763,0.14984753527270955,0.15606480241068288,1.7533749059584711,3.3724895690489456,0.03608864954183766,0.6393035622788408,0.0,19463.978130818465,0.09225700164744646,496239.74723510025
ID25_IZDA,0.1902328920517768,0.05159266593125744,0.38432105964101576,0.0016867758543467183,2.1173702352139534,0.7923424362085578,1.1961998918520205e-16,67.29384290677987,19.161318679161692,0.06583856540681321,0.03962129891044324,2.263933005751038,0.5883010726779219,40.0,0.149371718012398,0.3121484790414073,-3.168215525070393e-05,-0.0972642085168931,0.20584650262354814,0.9685099866414271,1.0972409636360432,-0.2410533444291351,0.8872037595742097,0.0,13237.423772943399,0.08249158249158249,110569.86639697493
ID26_DCHA,0.3945727058530127,0.21126101719599813,0.8016640564281485,-0.028135303417176682,4.529132437508614,2.2579651682246324,-1.180303547774253e-16,92.86798044734536,37.61916701784726,0.22772755977267248,0.18989826152506376,1.8824971401058632,0.5526119885024908,34.0,0.1360047347480748,0.23867704954206645,-6.671986018414403e-05,0.3366130795905624,0.031345519260192536,0.19442974087729392,-1.4301613240961701,-0.5522636696488634,-0.03698163101414709,0.0,64495.60906218753,0.04983388704318937,922593.7387865775
ID26_IZDA,0.5219399232157448,0.23983253919935404,0.8933437323545611,-0.022456149140606178,5.217503997892121,2.4491579086677464,2.322035084183334e-16,102.02813667666334,36.50763026580255,0.34670788842458705,0.209336370246098,1.4266214559734185,0.13725591093492354,28.0,0.06869885168052092,0.09711610227357065,-0.0001636783869755357,0.030018815021642054,-0.05328600355007147,-0.39664672376805626,-1.3386229490323311,-0.739583018906955,0.29481558227014126,0.0,112787.95564802973,0.04575163398692811,1121679.3749213163
ID27_DCHA,0.563769177762972,0.2810770086217013,0.9278605268069672,0.03687991535984202,5.733544912909663,2.5828416046530096,4.193366965141575e-16,119.96741792620418,38.07623313812887,0.3943213341574705,0.22790540390482267,1.3316572252943393,0.43099374276639274,24.0,0.13914684765607024,0.17538372313264972,-6.855940084058898e-05,-0.29509446619661484,-1.103755702808717,-0.6232929912478037,-1.1933874563767275,-0.4290250345927433,0.46468027779800636,0.0,132941.2543052838,0.039344262295081964,1239620.954954916
ID27_IZDA,0.464173949814388,0.2428825966996894,0.8532477167508894,0.016907889374039656,5.579161278357763,2.2962577515775715,-4.1865038440856967e-16,119.83635680597347,37.02801691536633,0.3073460246208073,0.18885460396056775,1.3129191344260198,0.3708113396798259,24.0,0.14839999943383317,0.1854257431497799,-9.873794409424561e-05,0.22143452099035077,0.765815860715379,-0.5718918335905381,-1.280250422261587,-0.5813461372417856,0.9296124990952874,0.0,91428.21502330048,0.03927986906710311,982715.9670107589
ID29_DCHA,0.3459361355446315,0.24031671038007515,0.7532012496965871,-0.005260805522980581,5.842654878478373,2.7561366829034855,-1.395501281361899e-16,130.72522861867682,46.24127076253222,0.1904984977956781,0.18608546577396037,1.7042961610442249,0.11518422815325209,34.0,0.03998696160690129,0.06784245135103695,-0.00015498557128008667,-0.16379984113665302,-0.2517203225508541,0.2734412097030231,-1.5764825208793203,-0.3972205634908969,-0.13342145409317352,0.0,55438.37669877271,0.058919803600654665,1415541.8170806307
ID29_IZDA,0.5000306306407454,0.2663614030037656,0.8402776716148784,-0.0021109566912599627,5.763709406097274,2.901697889625045,0.0,170.62251498683437,44.50502836399711,0.3319244859429893,0.2204822564361756,1.5701360118171193,0.09009010835105724,31.0,0.03628863710763577,0.05679578234862451,-4.1721223392797346e-05,-0.01223189718582951,-0.7169656289946538,-0.3557891959107264,-1.5404002734141533,-0.3249961601612239,-0.2191722645917058,0.0,106563.25201954358,0.05237315875613748,1569007.258049003
ID30_DCHA,0.5689277508330387,0.26133518235224107,0.9100785694279935,-0.015458744759226489,6.029439273327496,2.7459955414590587,4.584146682323227e-17,140.57038135795767,44.63864573835212,0.3710615723040103,0.2451650553047932,1.528074620900678,0.322038058699824,30.0,0.09900607799995184,0.14699248124345543,-1.0463640112767516e-05,0.10204639496223433,-1.141683529725669,-0.4723489973248909,-1.346909931949503,-0.6635085908164973,0.33360114996662693,0.0,137527.37022878663,0.04838709677419355,1446911.8610996387
ID30_IZDA,0.39756064948569947,0.2613586927308743,0.8660792112064924,-0.02900813898839512,5.117430307501524,2.371178050039739,5.711758326045821e-18,83.38080678074884,31.723163035761083,0.22606545904078562,0.18859365465627306,1.67190332410695,0.5534211343279839,31.0,0.14729727696756953,0.22831141349808862,-0.00031875187693233137,0.14084200459709084,0.3155105173471012,-0.01323585391259317,-1.5187541614067985,-0.3860316548352835,-0.06795581641631365,0.0,74341.17574283405,0.04662379421221865,1086198.3333333726
ID32_DCHA,0.5694020588338968,0.29494492996416893,0.8874776321963118,0.005592755382161691,6.203523020409204,2.5005810169027227,-2.7460588821646383e-16,143.2734492526148,41.749204832546916,0.4028985940173272,0.24397041456204108,1.689862586877528,0.6057745930239651,29.0,0.2375500127256749,0.3531475033913358,2.940533540431498e-05,-0.22684603030706807,0.01452959270400536,-0.6783901793342563,-1.251950359644539,-0.4195311419368385,1.4734881903290642,0.0,141778.84293248437,0.033816425120772944,1203360.7309065848
ID32_IZDA,0.5060971064641472,0.258465350771827,0.801002209035544,0.02413725411224266,5.599205808246228,2.1898868832977083,-5.8917308106144295e-18,140.972217490341,31.711868298939535,0.3316852178063007,0.21020256350013525,1.3234851582833225,0.4010870497464117,23.0,0.1758625968561748,0.21814578354160202,-9.731180285137557e-05,0.13020482110261655,0.007894839711800692,-0.6520161452059716,-1.2126674593909812,-0.3967502644320038,1.0099962191045337,0.0,105257.82381383571,0.03482587064676617,870598.683675634
ID36_DCHA,0.3690776682240701,0.2882417992785817,0.8489921747882095,-0.006331712412117282,6.495841792903882,2.588625955773829,-9.288140336733336e-17,100.6605898370294,36.45159668203391,0.2453749853572235,0.22395278776514652,2.1379860767160035,0.6276849350983789,37.0,0.1705542094932065,0.3302577173818195,-0.00019544903042694573,-0.2319417216283135,0.15773218751169557,0.20270189355065374,-1.6140443312252268,-0.15185467189457844,0.06798887619285887,0.0,66553.49479387545,0.04411764705882353,1252837.192000805
ID36_IZDA,0.39181176471375306,0.2039893211846387,0.6944840330894883,0.016998769615437122,3.4049139460254136,1.9739175719318638,-1.1405180349279296e-16,83.6507210510983,25.95004183827242,0.2091092049034036,0.16498382982686646,1.4741712736063497,0.10730148392069645,29.0,0.04915876541277491,0.07209634042210078,-0.00012994166616661437,-0.038945120190528426,0.1749028229643479,-0.11474481290569988,-1.5798592493144792,-0.5178035046448992,-0.38856615343313106,0.0,67646.55760994577,0.04975922953451043,755019.4714172003
ID40_DCHA,0.28521265028444204,0.1350498133366959,0.5062508075274228,0.0015732349784548178,2.867022800456504,1.2619643341038378,1.37746572360601e-16,63.38183868017069,19.243115624215125,0.15318954067718918,0.10220416455644862,2.1730727015309625,0.7284908186968165,37.0,0.19113060842062987,0.3656423860848919,6.2382983330559e-05,-0.01643002184532838,-0.25025738658275953,0.037116216742184696,-1.6252391440426814,-0.6268332789875533,0.19688682599630258,0.0,34657.197489913844,0.04523424878836834,304603.9200377378
ID40_IZDA,0.2516240894035519,0.10838564173806942,0.466742781822949,0.015057437221470177,4.442913840937936,0.9918577659692988,3.51174333983575e-17,111.75234700930679,17.41129651996319,0.115525409816119,0.08299223716040856,1.5843832883112254,0.47825477532027194,29.0,0.1480114079247026,0.21966243161437196,-1.1764730667631672e-05,0.09142466995555343,0.24513856543801185,0.10990404116230292,-1.2936708777476105,-0.3780762712013447,0.8445750971858268,0.0,25488.807250130994,0.047775947281713346,181011.2877617023
ID43_DCHA,0.3283337419461336,0.19948768544382822,0.8523165512948724,0.010845033421037844,5.297826570895728,1.7720017063699292,2.0762612408574356e-16,120.79325293331586,34.05500615564133,0.16662281272571555,0.16333078495261694,2.090411082919487,0.5260041740880729,39.0,0.14902407057780268,0.2900181902160172,-0.00028189693977215106,0.39880188644794057,0.026236127683255284,0.7487527095292552,-0.5795655907918906,-0.09135361883905113,0.6552359064109887,0.0,48444.50427544704,0.0551948051948052,594766.053079655
ID43_IZDA,0.28164833531283073,0.21115128800479496,0.651748496652511,-0.00568590977384582,4.738585558379914,1.6644464010348665,-4.0331307205080813e-16,165.2070235508992,28.78456733863994,0.16889675227448486,0.1514904418032079,1.9108790100545172,0.6407849579017811,32.0,0.22259999915074652,0.375405802797975,-0.00026074107283404467,-0.387772247902443,-0.22419720849752448,0.1614697736267018,-1.525002606676897,-0.20909411886554202,1.5945476239032805,0.0,36447.318551297925,0.03005008347245409,496055.12012708763
ID44_DCHA,0.5810447415213907,0.33979206125163236,0.9849716939238574,0.03333658792867631,7.9106645257491595,3.378510263719489,3.1605690058521757e-16,148.35333772176966,52.93581717752601,0.41606428241696125,0.2889632474471145,1.7255318578769998,0.5633524010126385,31.0,0.16782088283406155,0.26623815462468553,3.8203424754552026e-05,0.013882140203509197,-0.8287346160842091,-0.31792724158106994,-1.5796520275158226,-0.08034249416816092,0.3349510356077121,0.0,145628.28447727353,0.05271828665568369,2099709.695327745
ID44_IZDA,0.4418412540408457,0.1968517179543618,0.7715433064741607,-0.0179940601222221,5.151430976339212,2.0122804433407246,2.562613145364296e-16,114.92481208317115,33.15693386470057,0.27909967988834744,0.16556391209993523,1.4037778856725323,0.22103420601246748,27.0,0.10732795040278174,0.14729561551824297,-0.00022692607541554026,0.07691387709273045,0.02193030715895608,-0.5202468967636328,-1.1908832338758162,-0.4242078355069765,0.2713852176728686,0.0,79840.46265030645,0.04590163934426229,752121.3039717162
ID50_DCHA,0.29195634801864717,0.17327869178050423,0.6677259328666186,0.008455122385722554,4.35479295818262,1.8997752806130317,-2.314471451987297e-17,94.97475784524121,30.625477225177566,0.14906482035818494,0.14693954876518972,1.8886420903930068,0.42848116127076274,36.0,0.1039074983662644,0.1882243296515378,-0.00011309478310874789,0.17420101762490536,-0.05668704378925517,0.5232288932169619,-1.1193186822472392,-0.5304840058876087,0.3759898573239351,0.0,37785.09837729803,0.05374592833876222,679232.3580689172
ID50_IZDA,0.3281095673203882,0.19967890393291038,0.6735933840190255,-0.018316854704274445,4.2458923230328525,2.0973630684875433,4.5767648036077307e-17,85.53913309044515,30.88753589417795,0.2022100872495142,0.15238063055607656,1.6299138964802107,0.16396509151280814,32.0,0.06376733416900959,0.10288395783057645,-0.000191743156020625,0.017540819719782386,0.017732562825274283,0.057988901566055934,-1.5165811477422146,-0.4738067626858167,-0.31629879096441504,0.0,49192.20602371433,0.05475040257648953,846943.3493798067
ID981_DCHA,0.3449241011422695,0.17213429401309055,0.6991226122893305,0.004098950386415283,5.568217457601877,2.851398452098176,2.352790515761921e-17,133.62761943969116,52.146668956234016,0.1888312232009353,0.15191088053626678,2.5472146754470866,0.45397233981350027,48.0,0.0960867342061201,0.23482988152024387,-0.00015851133149781516,0.1643766488120395,0.062219815466033994,0.184819125726433,-1.2840770574623617,-0.1283638904693679,-0.992029161417292,0.0,48798.96087663693,0.09933774834437085,1480612.736923468
ID981_IZDA,0.3104399562363029,0.14867260388797351,0.5821267934341453,-0.0004558552627911871,4.344136653747829,2.2879009876282215,-7.011934892369409e-17,132.49116856532487,44.289123851408924,0.1472984717173303,0.12271071116221542,2.4895493494954226,0.4580859234600889,47.0,0.09409123939219834,0.22478134558938215,-4.6914106951598055e-05,0.3931696784809522,0.2072743415411959,0.09143448322857517,-1.4111921947060044,-0.352594765091191,-0.8742300012938715,0.0,39704.32070821852,0.08881578947368421,965841.4445358627
ID982_DCHA,0.37456396870001296,0.15575599065393794,0.6852998856668847,-0.006028550470004803,5.889416990258942,2.9092710455003825,0.0,281.8505067485755,64.52027927396205,0.20651050765297796,0.15789988390945928,2.652646769480047,0.5213133950647476,50.0,0.10979481000034741,0.27577273879194714,-3.2312518184622644e-05,-0.2682959711143358,-0.3452976189432247,0.054580336993444764,-1.2888099611128543,-0.4148629077188849,-0.9644423470267354,0.0,55785.14921750345,0.09917355371900827,1546309.2322760026
ID982_IZDA,0.40657028135747847,0.2090300709366476,0.8541519386110078,-0.0018455373135115314,8.42052497691892,4.433099244239391,4.462913051055175e-16,220.24862757847518,101.25005814972475,0.24754008836590843,0.20786620118641028,1.7454889468604557,0.47763477438812624,32.0,0.1420236354914035,0.2333755949329797,-9.104054470703381e-05,0.10210324788850578,0.8304994534397698,0.1615329391069298,-1.2769809830521472,-0.2060805169737731,-1.38996771659211,0.0,68486.73219816986,0.1140495867768595,3589842.95560146
ID983_DCHA,0.21384923641301568,0.10741940863190859,0.427287430606951,-0.012007116026248064,3.3296074571482066,1.2668552883051145,2.960594732333751e-17,87.38133033294208,25.49752732749739,0.04011119406782677,0.03523432581322178,1.8615899515111372,0.4290477650445518,35.0,0.10359691534565858,0.18492697866472138,-7.999683476562216e-05,0.026847215946735226,0.18942019175167046,0.1715077692558318,-1.4086206013726998,-0.38809459328005674,0.3335807205761063,0.0,18536.88378354867,0.05333333333333334,288440.68012386246
ID983_IZDA,0.2767590368038579,0.16814981770336865,0.6011527046188606,-0.01427871095412271,5.256397088869982,2.117972656287,-3.2722362831057244e-16,137.4370068227678,42.34350895581875,0.10729778015759221,0.09529339923801636,1.8569724198445707,0.5383964866709421,34.0,0.12131569973106861,0.21180721941338887,-5.0528501462383365e-05,-0.020317277266930445,-0.8217066364965497,0.5455216955951268,-1.2908012180362896,0.015824859389513155,0.18203441781440466,0.0,33531.93848950361,0.05098684210526316,827221.8862044234
ID984_DCHA,0.2410951755637918,0.1266620308899239,0.6125117479779966,0.005893310224172711,2.3609963237294567,1.1122020879581078,1.1744508029092565e-17,93.51480015305933,19.883056551003463,0.0960691969679568,0.08853668102219717,1.745031796011416,0.5411639662637986,31.0,0.1610251487136768,0.25988444726484405,-0.00025093236412530677,-0.16630111768702238,-0.28594818242775955,0.5057156365553764,-0.6599133266823203,-0.9209209338149306,0.8379073927781278,0.0,24207.13950032379,0.04462809917355372,226000.21130755998
ID984_IZDA,0.2594374926055559,0.14182084811012147,0.5335217254309844,0.002233459989688195,4.160592051774706,1.6032379209820877,-2.4036511688254214e-16,118.50538750949814,28.88381534173893,0.04490046883837359,0.039618827041324176,1.7827569398582348,0.32980239980695497,33.0,0.09550723753298228,0.16523281505821433,-0.00017519717256001024,0.08093323748480352,-0.12764904957301682,0.050972874953063456,-1.3148025394925213,-0.4035269120413132,0.41405887730557733,0.0,28404.881448012184,0.056105610561056105,471154.680447849
ID985_DCHA,0.5565283203981202,0.18535405120715487,0.8573449761520554,-0.0028622525968535007,5.369872755845132,2.189146467505487,-9.395606423274052e-17,132.9079966370648,40.129595672431456,0.3168730021571654,0.1815445244594345,1.8276636850343513,0.5369263968516681,33.0,0.14307961458544777,0.24370779327693806,-0.0001995175612510381,0.026391712793972122,-0.003162074016761633,-0.6126030982347256,-1.034244551919126,-0.15558085137467076,0.24096728113351285,0.0,119643.82290624623,0.049586776859504134,875545.7205642764
ID985_IZDA,0.46007990848285096,0.20201267837865547,0.7470368478866041,0.015260331675758992,5.158818404151148,2.29439271587289,1.638813558590017e-16,111.99602958299927,36.1786406647338,0.2571636421601805,0.15567324262851678,1.6225742539899666,0.1812405051625148,32.0,0.06296044379321734,0.10103960434974275,5.905468734877484e-05,0.017975206305886005,0.05058894426442177,-0.5659821193672365,-1.1520026896973454,-0.025423178787175753,-0.24882680162303306,0.0,85496.52449277585,0.054365733113673806,968288.6933938714
ID986_DCHA,0.5025849812484763,0.24506123103027733,0.7909111997470154,-0.031460638038453934,4.823379220772269,1.9337684024255173,-9.333894722628574e-17,74.81102471114748,24.831688778819498,0.3350028549791259,0.19939383636351482,1.1754626027675967,0.41279263541778455,22.0,0.18049443174183064,0.19847815659305532,-7.56026651333092e-05,0.16555201154130517,-0.42046224409056693,-0.6575887039069188,-1.1709659198392603,-0.3882248002774666,0.5258189557741457,0.0,104799.6529318914,0.034482758620689655,692660.8096343683
ID986_IZDA,0.4445805362199656,0.20752531774907568,0.7207782281773346,-0.015576570405010846,4.77543742748019,1.694164412891921,1.1705811132785835e-16,83.95048471823152,24.128726105318385,0.2837040553039874,0.16368387636295156,1.2350886876855771,0.5183500795630149,22.0,0.2093213597261126,0.23486680160853962,-5.0523338303786146e-05,0.036519195861276055,0.005036009807207184,-0.7424562963127556,-0.9992912772036222,-0.1673309224079155,0.7073503140727713,0.0,80745.46752298975,0.06754530477759473,527955.8244785854
ID987_DCHA,0.4544149199068951,0.3179320639805314,0.84554978761114,0.0026833833861346604,6.309408679438085,2.138504352250966,1.2291101689425126e-16,155.68694527113752,38.32211929224963,0.312970166561342,0.24587524700799387,1.95785771739118,0.5906690231324343,34.0,0.18515840271585068,0.3283224347222948,-2.4449516838050106e-05,0.1557788110012055,0.7279848979612012,0.02711605547182965,-1.8864272429122735,-0.3488890435748674,4.010677439390835,0.0,94672.94532019628,0.023064250411861616,840971.3721047825
ID987_IZDA,0.5017721235627706,0.3353686084680325,0.9125629962229266,-0.026121993651472268,6.061546412163502,1.9271821896041443,-2.3296483139675416e-17,180.82280157472624,29.12700424372299,0.35286779147089703,0.2591538177131092,1.7007342074277891,0.5855019235412369,30.0,0.17624956884011456,0.27338449882016513,0.0002308833938402954,-0.1445678701055706,0.9900616559251865,-0.21235164261086126,-1.7606408503227238,-0.4349827628286494,3.162394741023901,0.0,114576.70631181037,0.021311475409836064,690011.6857951259
ID988_DCHA,0.7177596417877418,0.3126867423662655,1.700938525952502,0.0513541443649236,12.97391551263793,2.429531243175029,-3.9734297723426655e-16,648.643224670974,66.0455271079885,0.48962325423404013,0.46169766732433504,1.822371847891272,0.6468982963696589,31.0,0.3138980059121809,0.48882090083042457,0.0008244623146461576,-0.18790065116542665,-0.8110659484409317,-0.055761522885934986,-0.5009907323166352,-0.5234496820225507,9.210765633940522,0.0,208484.54264319825,0.019736842105263157,1089909.1957053621
ID988_IZDA,0.25821399971933384,0.17023367342273815,0.5418432595880541,-0.0010334888692625725,2.9517452081097484,0.8605925766783572,9.333894722628574e-17,83.4811389294281,13.810559664354896,0.11472421741618417,0.10670261968921664,1.7193645154550619,0.6326119530079759,28.0,0.3083511170046655,0.4550188642469235,0.00017253241816753156,-0.1435914688918276,-0.013692255060928662,-0.09345240714515202,-1.4974101625309866,-0.48820803417378317,2.4202110267976185,0.0,30093.419728157438,0.02134646962233169,137037.71900603484
ID989_DCHA,0.33990726468992005,0.12213796475323459,0.5655703322823457,0.0038759639698196834,3.012609219349396,0.7186872872934201,-1.7443766017023736e-17,56.48271432653384,10.816850125098464,0.15394806499162794,0.08885710209832184,1.7696661661061568,0.6450076326854455,29.0,0.27200455824347947,0.41499108970482573,-0.00014107195439509542,0.11420010938409653,0.0023856001676169913,-0.7192755727577334,-0.18638305934889354,0.5541690939218217,2.7510140209842913,0.0,45912.343501178075,0.019639934533551555,96233.05820273468
ID989_IZDA,0.39185998760330454,0.1904648491783116,0.7320018258387643,-0.02614193487796326,12.777471077323304,1.507048730336884,-3.2561696565110973e-16,390.69775993122585,36.803800532760675,0.20729774314012944,0.14107963583425234,1.8958933147036794,0.5422857114443198,34.0,0.19594667927801576,0.3386335975269517,-0.000348403798618362,-0.0785667870528155,0.001984450678277646,-0.2475968998930892,-0.9443066779853759,0.26589444886663377,13.421185769419449,0.0,64085.38556831517,0.02618657937806874,423075.883262565
ID990_DCHA,0.37686853164967465,0.19933980781607957,0.7014370928936006,-0.027543359216953313,5.488717290336494,1.8860957976023691,-8.234766805166724e-17,97.00032434573507,29.13299261385985,0.21560878926236923,0.15811305662528577,1.7462395513353461,0.5760499733134752,31.0,0.19188324971530302,0.3033780562570705,-0.00011599576521323528,-0.16958832780947186,-0.3847700018990029,-0.19714083972141422,-1.5548801648045452,0.017988908719390215,0.6778229515005805,0.0,59050.972542944975,0.039735099337748346,648092.2284809821
ID990_IZDA,0.303588245460841,0.14004204706997084,0.5446726106190656,-0.010855611917129493,3.298806412636058,1.4182487486982727,2.683494732755715e-16,92.25281711665974,26.220537097842733,0.164294725962453,0.0990981427299153,1.5678551270156655,0.5016601204641173,28.0,0.19551349168816418,0.280632424036474,-8.921155725394291e-05,0.5009864442342116,-0.4917469591030268,-0.30215036375010046,-1.2259538070706384,-0.5465487815831179,1.0856102233122975,0.0,37813.32478239142,0.0361247947454844,372336.8102306049
ID991_DCHA,0.3601271573713248,0.2236667881336615,0.6886247707278766,-0.0035539030560158835,4.899688501247351,2.062115978756268,9.458139577505494e-17,116.43012415337337,35.3275374901256,0.2313446295799966,0.16921910686714672,1.941526632161227,0.7006502957113093,33.0,0.2100293124232879,0.35774334731369456,-4.696770542075219e-05,-0.14341430101497932,-0.28995097726984365,-0.15723820931202034,-1.7482080800978312,-0.28894897318467005,1.019415638652922,0.0,55864.556381700946,0.04326123128119801,766680.6490388316
ID991_IZDA,0.42845885614765156,0.19512553360586146,0.7183834647049178,0.005723206330168679,3.464446447946776,1.874025569726615,1.4046973359343e-16,97.61172828551935,29.566255203340578,0.2763470146211742,0.15821385078469258,1.5284824485341812,0.4335996848684631,28.0,0.12677703719717995,0.1841707963737951,-9.786542922863351e-05,-0.343631587636275,0.13737306409132038,-0.25282905916046694,-1.4736445621045784,-0.9828467210385246,0.6269115284845292,0.0,74641.32386502573,0.044481054365733116,645866.166032565
ID992_DCHA,0.495071114408098,0.27581276073237015,0.87895461759951,0.005405238977636616,6.585415305557756,3.4100344707535606,4.2490927719873103e-16,153.67470849907588,59.06301572754684,0.3451686828320473,0.2220212938464732,1.77895114239095,0.16491137703810213,34.0,0.05262524775493871,0.09283146563299968,-8.961998321506477e-06,-0.19197594905317694,-0.07415475566904778,-0.4121653100116064,-1.4457023120936552,-0.4170414133756416,-0.20772285390056577,0.0,102585.16406341302,0.061461794019933555,2103559.9721459574
ID992_IZDA,0.6981163876851312,0.3772635181816356,1.2453169484966438,0.004356490793893639,10.25392882127046,4.530935179426121,-4.690051061122773e-16,223.15721451910406,79.61790780888411,0.48668436896555367,0.299086099558808,1.7886722372313903,0.31406561316185383,34.0,0.09356794931883729,0.16280533324139382,0.0001425630573059074,-0.0846766123773317,1.332490031644118,-0.41862718470067767,-1.3817402648275992,-0.2717154006562834,-0.13109416769187732,0.0,205069.29664273272,0.057755775577557754,3763166.07604208
ID993_DCHA,0.41620989912585743,0.16355186229028848,0.6737956620070759,0.01631714159692284,4.026605616889684,1.8439654351382686,-1.1776951421438124e-16,67.25246802948426,27.468397772198408,0.22499287124021153,0.1462783098160705,1.6822291530042202,0.14495465635472982,29.0,0.05214389067684478,0.08707329153331118,-1.1368043741196036e-05,0.18457295198781298,0.05493230357060155,-0.3530391466287318,-1.4646323302950484,-0.1326509249506821,-0.3048306136651502,0.0,55013.08242719587,0.053406998158379376,500405.47043802077
ID993_IZDA,0.39758400549417167,0.1695409609869828,0.684601700009413,0.015932164614406462,4.65156849559472,2.139315248255063,2.1316282072803005e-16,147.67600826865828,35.77621655289665,0.23301764150876655,0.1387795815251341,1.9518632239220546,0.2493666136833594,27.0,0.06977220321454192,0.13392294929805487,9.784500310163375e-06,0.1892319057800642,-0.07220797797619935,-0.35831543123317977,-1.1730544475894538,-0.28436229224874227,-0.40996639809421165,0.0,34913.6128432948,0.06888888888888889,462329.5090195001
ID994_DCHA,0.508326902518637,0.2811081810727948,0.9309647849681246,-0.007252350502418877,6.822486817895814,3.2502982170010855,-7.04670481745554e-17,174.94324445491515,53.98285579606594,0.3489048267260067,0.22108532488806382,1.6452742988549813,0.2253115640532475,32.0,0.08399236534556355,0.13569802436594605,-9.275439834718358e-05,-0.07724283282614164,0.9659337788837585,-0.45809755057831936,-1.367056733249188,-0.2865587128890384,0.028073845334406045,0.0,109017.55252874337,0.05454545454545454,1930184.9635873376
ID994_IZDA,0.6442880179474861,0.34271932331916455,1.226551616648872,0.040550858112639955,9.773946061310198,3.835079585623694,-2.8093946718686e-16,131.324521667711,61.00063417407957,0.4263623305332475,0.2596123225054622,1.7006699917505668,0.21339999599596873,33.0,0.06676093569682404,0.11198234929119678,-0.00017165631523108138,-0.07662764993747073,0.10761641908697664,-0.20537465558139278,-1.488475804687019,-0.32805042583466587,-0.1560139878113307,0.0,174548.13785048792,0.054365733113673806,2705550.232890813
ID995_DCHA,0.8105643698786904,0.5003683776498011,2.14864036681079,0.00617631733417828,43.0526784658621,4.482822155271324,1.2855213969343918e-15,1203.387713355468,136.37943660926805,0.6527107981282321,0.5436082849676578,2.0387928400761663,0.553577536802171,37.0,0.14441231192982637,0.27344409168290695,0.00013685079211952288,0.1342625095927681,-0.3488727355082499,-0.04995811998031808,-1.497434557766202,0.30234664850693543,20.84304530860007,0.0,289073.2475428457,0.02796052631578947,3702802.836533886
ID995_IZDA,0.6217377074243684,0.35654095639928196,1.1891268614913864,-0.01814744467210057,9.4646507847322,2.899124383434643,-9.61817578017056e-17,382.27517257154267,64.27764144064781,0.49769555470094096,0.5126600298268705,2.153425309741005,0.5096576182962546,39.0,0.11695969601447158,0.2383052957629304,3.831600659452825e-05,0.0319498754829608,0.9806597773233301,-0.03213035342622582,-1.5540953803118283,-0.10305646508922758,1.4216883513521488,0.0,157180.17974765273,0.0338409475465313,1465404.6395008673
ID996_DCHA,0.3992868009378146,0.183579450824686,0.7032658388852239,0.021398672017069156,3.8024378657810995,1.7543515845482485,1.1686558153949016e-16,79.64680499193776,24.541936369390918,0.22380886562649138,0.17419682255449992,2.0302063084561333,0.6601545622408775,35.0,0.1654113206748784,0.30351443584224364,2.8911002853711997e-07,-0.598142098239645,0.0352301826713778,0.04092079577418796,-1.609967535566935,-0.4965785736270135,0.047757870363939414,0.0,65154.35243638458,0.046052631578947366,568096.8750087051
ID996_IZDA,0.44334418000073134,0.22415489576985706,0.8272086407850018,0.013307663315776192,5.086345557126224,2.0552499456810507,3.51753829584208e-17,94.15352331716396,28.919744359758795,0.26942734375687044,0.200779779942799,1.5619741463691372,0.5186669484828376,28.0,0.13966282147981704,0.20394687716095022,-0.00014028827970035088,0.4056335617737574,0.1325806311022507,0.08586788547176147,-1.6304483526812577,-0.34023612780007717,0.08745346908726193,0.0,81392.45095197322,0.04620462046204621,774394.2747336323
ID997_DCHA,0.39096239262696936,0.23113362946286345,0.7300644795133495,-0.01795748673784936,5.077119293549756,2.3301813783463814,1.8698493046318425e-16,127.5912887122759,39.16955242205336,0.26081923511675265,0.17293141363191045,1.4298096159164988,0.09993656613864066,28.0,0.047361967082521716,0.0674063766058954,-0.00013115797495227475,-0.08427571253520827,0.16377789171263524,-0.057167837149215216,-1.680450616032955,-0.7777255749704002,0.460025090868303,0.0,66361.66173094549,0.046052631578947366,1002004.3439825068
ID997_IZDA,0.5327870511262518,0.344752308710591,1.1684142303884042,0.0006314855352133178,7.710922886134767,3.673113094917625,-5.176139134676226e-16,301.72202828939123,67.91220376866603,0.3441760333174731,0.2718226937207426,1.937772940607548,0.5254026881019901,35.0,0.13299920979994154,0.24151229323023599,-0.00032124839440696005,0.037715878296326055,0.8637474242362604,0.002786386023805208,-1.5398083850006925,-0.6507244084343354,0.38085914717784863,0.0,125200.6609370251,0.04966887417218543,2453983.4903885764
ID998_DCHA,0.3479674389950563,0.20195246622040267,0.7047186079969322,0.008619302560190705,4.3087747891314985,2.3570109644904575,-2.0595441616234788e-16,119.88355684364784,37.880347112948954,0.21039544642842262,0.15556976789778454,1.8007971757320955,0.18313596966737458,36.0,0.05115139850749856,0.0912826183890387,-9.584950705624329e-05,0.023667033627684075,-0.4776513609237129,-0.011235539703989744,-1.5353489969993892,-0.7484080353260986,-0.23515586502398156,0.0,54545.39615401559,0.05958132045088567,1069513.6900254122
ID998_IZDA,0.3236784630079064,0.17147997659880962,0.6072247489678522,-0.014483059291101082,3.6092653581142375,1.9803582268279158,-2.1140114452366617e-16,96.219337128857,29.649675353269515,0.1731796577275945,0.1355434258469216,1.7761359701428312,0.1501971560006133,34.0,0.04671989928125254,0.08241437160925823,-0.00014233016376157827,0.047538256644054755,-0.10254730075388896,-0.041918149878800326,-1.4972081873319896,-0.528269234367676,-0.5614880158559932,0.0,43720.249445935806,0.05785123966942149,716611.6344119941
ID9992_DCHA,0.3672226642602267,0.2189111557337252,1.195723888779858,-0.04494299435566539,6.01353189203649,2.031409354149171,-1.3178536057374346e-16,348.65157003614405,36.23289415151621,0.23180252721197722,0.15148365756373114,1.6352700707546632,0.5322577232669655,32.0,0.15467362376305524,0.23465432997814095,-0.00014050489185249087,-0.23850455206632426,0.11795710248720725,0.047688182420721224,-0.70817093445859,-0.16691098432020865,0.2203347271635785,0.0,66465.18328246991,0.04636785162287481,863104.006826755
ID9992_IZDA,0.2356985870685239,0.16892061345462128,0.6459232506792927,-0.026983256273192115,4.472931070886564,1.9863958862293276,1.5567446479877e-16,85.85990175412333,33.369314444264454,0.1327589973041649,0.11972874037095503,1.820215807437613,0.2799899395585444,36.0,0.08317689825011872,0.14804119238559663,-0.00020237862383564435,0.11093397859575171,-0.1987760347856718,0.5199992905418941,-1.0423407293316425,-0.0715874169279663,-0.24717313983496636,0.0,28500.175986122813,0.06729264475743349,804582.896099178
ID9993_DCHA,0.3766158800358176,0.2309569346416524,0.7162779019560723,0.007567903991723552,5.895985450735149,1.875573425719558,2.022897468356157e-16,164.14727340572225,30.48645235504834,0.23108513520775759,0.18532748220501227,1.9228203899990866,0.836872318720567,29.0,0.2744267949648677,0.43470451474697874,-0.00028711630364929415,0.23081340570934272,0.35516176199563615,-0.009049832020353846,-1.64812952037767,0.1334722742339338,1.2371989200234532,0.0,53207.90692302997,0.03380782918149466,554553.2905238213
ID9993_IZDA,0.37027418657619815,0.2218273883551726,0.7515296615910864,-0.013623343934015575,5.3318879115153655,1.594805162010276,2.1964226762290577e-17,123.80963300146314,24.995547879324498,0.20535190395109892,0.17125834280733826,1.780909685362182,0.641394279514387,33.0,0.2360430951686884,0.37015713052874566,-0.00033408387590652894,-0.09843409583283558,0.04420215473798702,-0.051103452122910856,-1.3526386666372094,0.33245400876495357,2.4164308931096548,0.0,67675.9386256612,0.030911901081916538,531574.6861498865
ID9994_DCHA,0.30916409548341733,0.1857615388025823,0.6122614024425225,0.007078471737883566,5.275597291850005,2.6704495726012993,6.178632484870436e-16,253.44707019824733,72.7752742909396,0.18802981717975073,0.12385304829383849,2.0411967883576985,0.22184803264979056,40.0,0.047081502546346105,0.0951308558500151,-8.425279519939232e-05,0.010382438313257136,-0.04616890842534569,-0.06778704855835291,-1.5947916754569957,-0.9690990430533772,1.3846666782284425,0.0,161381.94134282766,0.033444816053511704,5096167.813649185
ID9994_IZDA,0.28436243567178277,0.1882321723539492,0.596065932063335,-0.008326261796413447,5.980646024739656,2.8275363273088296,5.326044356634482e-16,305.5012053884649,79.0677402153279,0.15737179917800145,0.14074177635422708,2.0504635134139515,0.27770129648960257,38.0,0.05637629853969701,0.11387617534277598,-8.761402885943882e-06,0.24233644002708732,-0.11622442639817838,0.13945706351643877,-1.6250965958653305,-1.2966599466829725,1.7070793235929935,0.0,135846.43253007575,0.03492333901192504,5505027.985109474
ID9995_DCHA,0.23761601403556737,0.18174855913181368,0.6381330696485455,0.008351823808219638,4.058110204634562,2.071318823717962,1.6944580344040546e-16,108.2185844289692,34.91885161514626,0.14471403382612996,0.12974713730177936,1.7066502633413767,0.1106863674957179,35.0,0.038153877627705765,0.06484616475570834,-0.00019072773406573506,-0.05237080281338247,-0.13782042606524272,0.3661817793078433,-1.3598060564704715,-0.580953024953664,-0.1359194722714716,0.0,28862.54716237442,0.057233704292527825,847395.3965679865
ID9995_IZDA,0.22070687718183016,0.17463324444717568,0.6040243424308603,-0.0033786608547060905,3.9663414505906016,2.1048471106686732,3.7865913817936374e-16,111.52275818480474,38.35527680216435,0.12741216060794067,0.11956992505315965,1.8243953499202346,0.1557408177464849,37.0,0.047467717928364135,0.0859816244900779,-0.00012061207308848828,0.002547200490890411,0.013432087817601706,0.2939890458338475,-1.41053194650526,-0.6481253734533989,-0.09129243275814947,0.0,26024.747933896117,0.05956112852664577,900218.559178388
ID9996_DCHA,0.24909240432409405,0.11964829890518965,0.686514133288778,-0.015024251025251031,4.432933396626392,2.4430811083961665,-1.7735856118816854e-16,150.93158849055,61.72078968497475,0.1346513997694238,0.09527657546194708,1.9883842699550276,0.454990904834128,38.0,0.12045879093959026,0.22765954220051776,-0.00014900035255908695,-0.09970242377754013,-0.650969688165929,0.7381424537832724,0.7694960411230145,-0.0027107611428854447,-1.232245181551432,0.0,28430.172152332176,0.1419656786271451,1224032.6037867267
ID9996_IZDA,0.2635814353553639,0.092386561146944,0.6112791023188252,-0.01571968642710415,4.315505597519658,1.7627431715247985,-3.3568948146146465e-17,103.53913841498955,43.13280202801778,0.12470133957865723,0.0704634804442459,1.9881118215423552,0.5166764767662376,38.0,0.13926292397641746,0.2589115563418587,-8.728288124487903e-05,0.19931056225061505,0.19825627187541836,0.822421418020426,0.8707501762690235,0.02498199639235949,-0.5811862944686803,0.0,29732.17498025718,0.15433070866141732,625531.2724099279
ID9997_DCHA,0.16759698759444452,0.049643983211922996,0.3069549905683129,0.007910992035577952,2.0427312647145524,0.9907673688994904,-1.246566203087895e-16,59.66695558786402,23.499744951985644,0.04064234131842589,0.03807033502384403,1.9284243760959516,0.5784656424273403,36.0,0.16242282117826307,0.2880404710550488,-3.260374925708638e-05,-0.09857136782560283,0.19775715406999222,0.5041140220517897,-0.5754577608787406,-0.3139549240139584,-1.0022605877745334,0.0,11526.160541297619,0.11642743221690591,192606.732225441
ID9997_IZDA,0.19860865642423625,0.05561880065716393,0.3686630724950329,-0.0019065596811614158,1.614349947409445,0.6913382543207824,1.1441912009019327e-17,40.990743662305576,14.224754535400024,0.04449954289725495,0.04391396980748855,1.7413576566696998,0.5830187519917255,32.0,0.1760601568198898,0.2793681827224707,2.6369407161076997e-05,0.09458732444978835,0.2248638244795189,0.8866665259412383,-0.05968215170946589,-0.39190467060633916,0.02066793449304738,0.0,15807.2765568895,0.0499194847020934,91997.66627811661
ID9998_DCHA,0.29914463988898543,0.12044986905458575,0.5770814288164581,-0.009503764873497932,2.769795504257896,1.1692826951696498,-1.1749131851151263e-16,61.40902505798346,16.918314899346655,0.11993534053569775,0.09890463624759939,1.6146685766074524,0.2738693114056416,32.0,0.11666031447188664,0.18275896515752363,-0.00013958279573044765,0.21573244214521003,0.013544144244829633,0.3114867070174941,-1.1657194628649612,-0.5504481044888692,0.27344053598783047,0.0,39004.00870736264,0.05984251968503937,275242.1364471855
ID9998_IZDA,0.4350823250685237,0.1774633037707112,0.6945487222193116,0.0010518166536619337,3.910450112059888,1.3787892307797054,4.325983170533334e-17,81.45482263068675,17.421720149223983,0.24167934217829276,0.14543836600882123,1.8747596550231906,0.627280003136758,35.0,0.1999922619127828,0.3350269467947509,-5.963669717517388e-05,-0.23563270100623646,-0.3980524382071372,-0.24217920085340064,-1.5005044686857678,0.10010817839080963,0.05530290013227068,0.0,88496.3632587387,0.0380517503805175,409662.42192409944
ID9999_DCHA,0.3098046818495989,0.07553533254884236,0.6163407294032522,-0.0009703201270287775,4.509852698677678,1.4649557409918315,-1.2904294860569356e-16,115.32186353144223,33.64953457626292,0.09225019808049321,0.09471387847119665,2.0151742909462644,0.6907190967232781,51.0,0.18858587022846693,0.3382028180986017,-5.297148590880839e-05,-0.26668734597440835,0.12055131455509553,0.9360937200035951,0.5441822792832833,-0.046865019796296446,0.030152406113053587,0.0,76706.76920840345,0.11577752553916004,831720.1833266323
ID9999_IZDA,0.24373887200062205,0.08381207831208991,0.430969891900761,-0.0017634683448717577,2.6078186494376157,1.117352112755661,-9.12121612015533e-17,60.93869573881062,20.186073638578833,0.06956237851194565,0.054198462991089005,2.026618259953666,0.41724972987014514,49.0,0.09954106697737412,0.19400243747951598,9.280813713882197e-06,0.22254577638134232,0.15842738693879044,0.08452586773666795,-1.2431391523077642,-0.06425954975785536,-0.7034576707113072,0.0,38180.222219490875,0.06546854942233632,378313.4978957376
ID999_DCHA,0.5071951855776492,0.2679010652861257,0.959830228088082,0.009512742171999104,7.444362627907006,2.447588176570245,4.674623261579606e-17,153.18102408902647,43.81808091746304,0.34941260739772373,0.21817443140762222,1.9595483698147826,0.6648365570836131,33.0,0.21572722323566235,0.37256984516517094,3.6498669268489344e-05,0.2289997972553972,0.17962200730618577,-0.08900887248482775,-1.5170293739294158,-0.14110630106306166,0.4973885859880096,0.0,108338.69071548029,0.041118421052631575,1105482.9026610574
ID999_IZDA,0.38904883925557676,0.23320417276732955,0.7916832779572659,0.027273819210832898,4.645479894795675,2.1451800532273935,-2.110522977505248e-16,113.83693678508084,36.140869886009,0.2157382995378455,0.18380848847418202,1.7132011306109145,0.6269465326952628,29.0,0.19479709024466157,0.2987671387780927,1.6006761649731177e-06,-0.510308175053918,0.06865644773339805,-0.015021599081324256,-1.5559296469642792,-0.5870760674209862,0.48464206486676353,0.0,65553.83458621953,0.039603960396039604,843827.9176947667
