ID,SMOOTHED_AMPLITUDE_mean,SMOOTHED_AMPLITUDE_std,SMOOTHED_AMPLITUDE_max,VELOCITY_mean,VELOCITY_max,VELOCITY_std,ACCELERATION_mean,ACCELERATION_max,ACCELERATION_std,DISTANCE_ANG_mean,DISTANCE_ANG_std,FREQUENCY_mean,FREQUENCY_std,FREQUENCY_count,INTERVAL_STD,INTERVAL_CV,AMPLITUDE_SLOPE,FREQUENCY_DROP,ACCELERATION_INCREASE,SKEW_AMPLITUDE,KURTOSIS_AMPLITUDE,SKEW_VELOCITY,KURTOSIS_VELOCITY,FFT_DOMINANT_FREQ_AMPLITUDE,FFT_POWER_AMPLITUDE,FFT_DOMINANT_FREQ_VELOCITY,FFT_POWER_VELOCITY
CONTROL01_DCHA,0.5907240017870978,0.3011713694358077,1.0535813593203363,0.024520577617079847,9.366306336002005,3.55372430157097,-7.03507659168416e-17,361.7760768155913,80.50152990486325,0.4287386527611581,0.28364841607634994,1.7520221140083345,0.3997314051093448,32.0,0.12342096858359344,0.20669393658486257,1.2192204630044007e-05,-0.01574935959767343,-0.7045987062868904,-0.26778661875412985,-1.4419862446753282,-0.4424811441250333,-0.10708547641288213,0.0,144774.59524212385,0.054455445544554455,2310928.338773634
CONTROL01_IZDA,0.4724621048308081,0.28226815680743167,0.897354898136579,0.003321649835180599,7.456737551824355,2.7289670803237294,4.063561397320834e-17,254.99461071817962,60.464069052109984,0.30774657232878627,0.2265639840074031,2.0545311076374286,0.6361138720924819,36.0,0.20449691023282268,0.3748331046787544,-0.00036423377377759483,0.1274630563339303,0.031613032528530545,-0.16031970399703224,-1.6209929453014083,-0.458091131800795,0.8456296860496209,0.0,98502.43231070426,0.03758169934640523,1392342.5349499001
CONTROL02_DCHA,0.3722006445169283,0.2163452440400485,0.6573215458125067,-0.023522571910127306,5.299777521345497,2.525142423057192,1.4210854715202004e-16,131.47661897769117,43.12399584157449,0.24425384921298013,0.1608015860473127,1.7034441358302246,0.24008805619599924,32.0,0.08132151542813452,0.13595284404308228,7.462700815180707e-05,0.29645271596155265,0.11965282062401822,-0.3339902258819934,-1.4932649388781445,-0.5508081192943632,-0.18707012393424405,0.0,58282.813412779244,0.05166666666666667,1145967.1261624494
CONTROL02_IZDA,0.36864510014921137,0.22497280515223228,0.6715649985886204,-0.005415222031240923,6.075381053576063,2.709283430320429,-2.777365742384756e-16,193.6682439414685,62.42004275306869,0.2360574040295135,0.17021826182964148,1.7757075310443635,0.49657580968249426,33.0,0.12720706554122033,0.21301204796565973,0.0001035354996309564,0.17896368661203166,0.17721589590263392,-0.27869265443122365,-1.514915835075925,-0.5658542173383531,-0.10149394133820788,0.0,60758.20434272623,0.050488599348534204,1381030.807469776
CONTROL03_DCHA,0.23803567272258866,0.2058892802571292,0.7884973783804212,-0.03557725422441201,7.641881214596495,3.204579944494238,-1.4258382657393315e-16,306.1653049277305,99.69521355112313,0.1278514155391331,0.16394114885196562,2.076847382398337,0.5531395658141484,38.0,0.13419180118834512,0.2600728305902754,-0.0003469530621433595,-0.08642969626551444,-0.06972317843422843,0.8974671993401918,-0.12833003573469437,-0.08446877558009507,-0.1172577634293579,0.0,27828.410437670333,0.13879598662207357,1829786.1500668288
CONTROL03_IZDA,0.4309393304497698,0.21618454669611314,0.8694975026117259,0.01196737798147256,6.863929568955369,2.378958578012908,3.0435108945243173e-16,286.2210140094397,57.36261174353944,0.2762757346962219,0.1742539063340153,1.6089923615966755,0.41706260602392675,30.0,0.13462693232816703,0.20563730017766935,-0.00037500851578556256,-0.3963108442684846,-0.5544103955310498,-0.22010272893108274,-1.3244756416552175,-0.1511903068947897,-0.05132615490087966,0.0,77019.3166155484,0.047775947281713346,1039437.964944251
CONTROL04_DCHA,0.5335823698397855,0.29368780242482534,0.8707087508968199,0.0037970461828491643,6.632751628454652,2.6018344495329337,4.584146682323227e-17,185.85533385820565,44.830150463184275,0.36944630426367975,0.23869868428992852,1.7342782576606572,0.7139249557344292,30.0,0.24433278475563963,0.36395553235732214,5.289625442109861e-06,0.28668798493619074,0.024356896085196138,-0.6325926856088331,-1.3107322926576952,-0.6327528296981049,1.25305433662826,0.0,125993.57179895112,0.035483870967741936,1299005.9963124786
CONTROL04_IZDA,0.39970414959781336,0.3190318799816705,1.235731924369009,-0.04638945995100887,11.941837922739799,4.268581164425735,1.4023869784738819e-16,573.7582888267322,147.77410573161328,0.2604311092290591,0.2577969323038341,2.189561977624403,0.6322768889378242,39.0,0.17575072867155292,0.3483974445550403,0.00015315732679061446,0.32261302687385074,-0.04776590346655374,0.4003402055328611,-0.9118577041115383,-0.1779404496820135,0.4682781513233363,0.0,77837.44805865218,0.03782894736842105,3348355.966808617
CONTROL05_DCHA,0.6360335767367462,0.28089634164619953,0.9258076422115579,0.031226597904825883,7.298318869886722,2.749513261321615,2.3107080837726835e-17,235.50101449228617,48.877279810038665,0.4592154818770578,0.22749328229127277,1.6587037217518092,0.6398768893030402,29.0,0.22988826617429556,0.33546033165095995,9.990426309910001e-05,0.03341902838698596,-1.3137746961195653,-1.0565554964070207,-0.44513686810998276,-0.1747184627117009,1.2708827316866618,0.0,167903.73102497263,0.03414634146341464,1427676.4769679904
CONTROL05_IZDA,0.5673563615681041,0.3063429599218742,1.0984784374384493,0.02703174103799962,9.825077739323305,3.8015852671686594,-1.7704553216613792e-16,299.1382311165677,115.78026579555319,0.40129139410546716,0.2903771983129874,1.96977217382965,0.5588201668118539,36.0,0.1653586072249953,0.3001433526845355,-2.995719388211226e-05,-0.17942819922218178,-0.4428617449204535,-0.02635613297188226,-1.1867245558509638,-0.17649089304024854,0.1621621460453584,0.0,133632.02338569963,0.06478405315614619,2613122.152286361
CONTROL06_DCHA,0.4246829065284202,0.3093753061452136,1.30359569474475,0.040338624001345066,13.933124620405449,5.29465229856773,0.0,501.89161444366164,149.77852489643573,0.2738384875141793,0.2679973618486797,2.209708761897304,0.41923958599454597,42.0,0.09642630796075195,0.20515912396496477,0.00019757936282295644,0.023858742301513747,1.2924697382672754,0.49166225790303697,-0.8442234539577496,-0.16317916636464833,-0.2358903938486292,0.0,88260.71113525404,0.07234726688102894,5412592.704283765
CONTROL06_IZDA,0.43525432949454496,0.3056036853553248,0.935692802206583,0.03692137626699173,8.403008491670757,3.8424790203088355,-5.297401271469142e-16,394.0582693066987,102.42528292319066,0.3084068123784516,0.26471146543765794,1.7380966696636146,0.37111335928749245,34.0,0.08787798927354322,0.14811092853014446,7.503557190408141e-05,-0.023218674870955525,0.2480239138110042,0.2024101378588988,-1.567036664024234,-0.317796016368996,-0.008932603165348496,0.0,89865.78728369434,0.055105348460291734,2801129.9507956263
CONTROL07_DCHA,0.45238554162389666,0.34527675507873207,0.9664783870538912,0.032621513485729295,8.75191164684496,4.094178784575703,-6.566071485571882e-16,283.42505072150345,101.2438638579165,0.3069621738530595,0.2866122587182449,1.491142062949302,0.21912345581077655,28.0,0.0922366327429182,0.13492559035941784,9.71241884808507e-05,0.0704092424975844,0.015247848640232237,0.05591638522597851,-1.6268034808283531,-0.4815626386580058,0.11851258765282768,0.0,97009.91165165078,0.04785478547854786,3072807.3849847405
CONTROL07_IZDA,0.4300033446978452,0.2983120972261084,0.8552001000454852,-0.030469491584587224,8.071605328088403,3.229895778332438,-6.977506406809494e-17,228.7165578444383,70.70994189174172,0.2953888876167548,0.2443315394891612,2.1439696378987874,0.6746578950914247,38.0,0.16967738663226403,0.32717985595789834,0.0001094356717178906,0.28237474232399995,-1.068279348245658,0.047922883390628425,-1.7230064519578927,-0.49741811396604385,0.504277869916089,0.0,85611.40440968478,0.0458265139116203,1943442.444833563
CONTROL08_DCHA,0.4209091378768072,0.2838634277726557,0.9880138515109974,0.01999364985103746,8.947618840860022,4.209793384975512,2.781896518473475e-16,472.68188043531563,129.4607585279925,0.28561892507409714,0.264755557333047,1.9957047441188887,0.5873493688691326,36.0,0.1523469353050528,0.2801944942397139,0.0003505545945776857,-0.1404485029123388,-0.8294392448985127,0.2367939086391432,-1.2954131875121164,-0.4239860334114752,-0.30002530815285144,0.0,81686.8080066954,0.0734094616639478,3322571.72712587
CONTROL08_IZDA,0.5005532717819845,0.24000779152853002,1.0110901206472467,0.010592767524075558,8.527462909516828,2.913116278573342,9.349246523159212e-17,498.88140877050137,71.72874543125172,0.33734643928162455,0.20849400805783652,1.6047146594399222,0.27700322875466293,31.0,0.0950692866763576,0.14879408389170654,4.8281367376767456e-05,-0.0228379358160109,0.2499580759879585,-0.43115925915719666,-1.153455617564461,-0.5690125736093589,0.6552995121484413,0.0,103250.05494298284,0.049342105263157895,1565500.7925883601
CONTROL09_DCHA,0.4502910719829158,0.2423890627713641,0.9745365694730141,0.0188817844143235,9.484073556472453,2.836204134616786,-1.428108958199872e-15,471.2682269769643,94.69835608252427,0.27940967547310663,0.1983452277038501,2.105710711850879,0.5954133483080315,38.0,0.14744283059720956,0.28624020272066997,0.0007550858063666493,0.551799168592928,-0.06058888444779868,-0.20392439413530694,-1.1017079960899607,-0.18053054723721573,1.531568330359991,0.0,85512.79581889715,0.044481054365733116,1478663.223421187
CONTROL09_IZDA,0.4763679985743033,0.25248389604444277,0.8620578225242009,0.02688285423529447,7.796691504853161,2.9889631354545263,5.150556898425767e-16,438.05387945383296,75.8301552794353,0.3157091617771304,0.22072383293455528,1.6098242664213822,0.5476639047117328,28.0,0.18131627472866726,0.26709109654451174,2.725040840806183e-05,0.27843387007831955,0.31858177162557666,-0.2444075962056713,-1.4167257735224155,-0.26544299456426235,-0.08033553648697866,0.0,95335.2788859096,0.042833607907743,1642712.767414114
CONTROL1000_DCHA,0.43009832096005435,0.2623824132639125,0.8498040856796468,0.02483577534122921,7.961267699281739,2.893529186572994,-4.235022928371458e-16,418.12419240980995,77.70409804500748,0.2831292336008031,0.2189837731581788,1.8446865332658122,0.7002329701698332,31.0,0.20535815852479752,0.3331673719920359,-0.00011478849907356623,-0.24170110260715982,0.775333807206639,-0.13741028642280792,-1.5475595239809945,-0.17985588436760874,0.5749668317646095,0.0,80020.31498928227,0.039735099337748346,1519328.3014857569
CONTROL1000_IZDA,0.45947746258508654,0.25657155692595757,0.8355367791003719,-0.007080187355850961,6.628045657010095,2.3836673683479535,-7.011934892369409e-17,158.0539144339414,40.45672344946262,0.2989654144029095,0.20197282411850392,1.6701967317916053,0.6153519992605399,30.0,0.19777883627958992,0.29657005677836634,-1.703060678883425e-05,0.17365291295622476,-0.5438291835187461,-0.33396938252107,-1.5136730106469152,0.1705221276600827,0.2692173224177874,0.0,90190.45445569935,0.041118421052631575,1047889.9630441392
CONTROL1001_DCHA,0.4010992541055589,0.2468014173661987,0.8193174201431997,0.02300605109377363,6.528972670918168,2.7752799502264556,0.0,110.04451887641508,43.07312954913908,0.24667914400141666,0.18962658904701998,1.8064194938423968,0.3128001995050617,35.0,0.07422323884866273,0.13115706228656585,-0.00020139836437572825,-0.05393201157209315,-0.45689110415080536,-0.0795238076399303,-1.5344639041056387,-0.14664355612922578,-0.5773054651384455,0.0,70247.0389390719,0.0594059405940594,1412070.19478261
CONTROL1001_IZDA,0.1995389338464271,0.17129969780801238,0.9284113905784873,0.005398054049444278,22.589084623169526,3.3205182798998987,-2.800168416788572e-16,673.8830335902198,123.21762966872853,0.07708691940950392,0.15010902281392408,2.084584534726406,0.5129645902128076,39.0,0.12243252041768893,0.2407469645528246,-0.00019420048825265692,-0.03106239137849709,-0.39283890269590405,2.0805914263175596,4.7777469061473585,0.04374852279654627,8.927271768224536,0.0,20198.361020428227,0.11822660098522167,2037003.7376312797
CONTROL1002_DCHA,0.2697404576321507,0.17034410583504853,0.5978488512559114,0.010516910667484454,4.411760080114334,2.105016702845771,-2.2241041152293086e-16,115.61063753799212,42.13957321545041,0.14089714622658542,0.13785611557282887,1.9693763969746603,0.24176982570164082,38.0,0.06862680252416865,0.13300340727798904,-0.0002685073867109733,-0.3169756290511676,0.21128961103856933,0.40772681809652395,-1.3287414428751563,-0.32169331027047987,-0.35407283592715766,0.0,32144.968371605384,0.06919275123558484,814205.6809671537
CONTROL1002_IZDA,0.3022683966842061,0.18925191721474596,0.7136936084466131,-0.020166253753825115,5.688923308347515,2.766079316601149,2.5752784492128836e-16,135.4991036269555,51.48490517777898,0.1580230957735863,0.14679424642776076,2.3889802985182795,0.37707909977647086,46.0,0.07895982329979798,0.183378212104188,-0.00018150320101613393,0.2882639188489091,0.13060548328590565,0.20542447675774556,-1.3259455585583777,-0.214081758350517,-0.7442363661201332,0.0,40251.13484559707,0.085667215815486,1407203.2986111129
CONTROL101_DCHA,0.33718965497138287,0.21484927426389905,0.7892006254974788,0.011781532078594214,7.2325682823392174,3.5255618261330275,-2.259277379205406e-16,303.1542374778944,80.7649511199639,0.21833742610755957,0.18272207419331965,2.6209033710965732,0.29749347732186904,53.0,0.05239359476688004,0.13532128957114303,-3.45237059778089e-05,-0.0814087677224542,0.17525242685328057,0.39340299494476344,-1.235336691409039,-0.18930006398025484,-0.977329154254603,0.0,54099.67884842705,0.09220985691573927,2453987.688810652
CONTROL101_IZDA,0.4104289929861616,0.2820280093231065,0.9951098599055316,0.0011240985830453028,8.004956637423161,4.103753641478758,-2.3032179441170184e-16,157.68076674511644,74.15293804023514,0.28231793516914994,0.2344044837072105,2.4752380209423115,0.27678662652371067,48.0,0.04334457145941118,0.10604392699401274,-0.00016691773135515275,0.08004544500657085,0.41149107813813807,0.2755984305685116,-1.3904974026047634,-0.24865720961800647,-0.8066816611088745,0.0,79243.1866369799,0.08103727714748785,3200190.906405654
CONTROL102_DCHA,0.5837189185450672,0.33383996581783854,1.012392929267205,-0.013929428470923893,7.994533125451072,3.542613803565246,2.314471451987297e-16,275.8834182529425,59.93491406783112,0.42238433747774534,0.2771623566710094,1.7395915343095927,0.5109507772791554,33.0,0.13134329441450154,0.21471068017991285,-0.00013881316146904126,-0.10523926713532727,0.01346956205572527,-0.3787232108362439,-1.5075092477142653,-0.10223112038589238,-0.12008541384434768,0.0,149426.3209335718,0.050488599348534204,2360847.423638348
CONTROL102_IZDA,0.4041756336929169,0.3121521041854176,0.9528714104345054,0.0038262242576770286,9.393384839515406,4.523739256620227,-5.54569940105444e-16,548.9761496798127,144.72194755992945,0.28458056019619493,0.2872186753714643,2.4758458112188704,0.6215538204125691,46.0,0.13551857060525346,0.31086322568487956,4.648239816490645e-05,-0.05822981632338342,-1.0700247079036287,0.30065891199054834,-1.420936465427753,-0.08315087775464289,-0.29359001779355065,0.0,80173.84985862923,0.03739837398373984,3830383.0844326736
CONTROL103_DCHA,0.5474009751329608,0.3826636126794429,1.4004070710033074,-0.006649583730781908,11.60183787143474,5.657607445524099,-1.5687307153145068e-15,481.51151676828306,130.2897383010063,0.4094993580631238,0.37357379690166725,2.2279100529100604,0.20028211076550484,45.0,0.042449033427835035,0.09379082672271276,0.00014891844432374167,0.020538338473121698,-0.06568274867540136,0.14145387238833926,-1.4114999251829738,-0.15805471952629851,-0.9583005157489577,0.0,141439.00352492975,0.07467532467532469,6059102.757586605
CONTROL103_IZDA,0.588951810568944,0.358841921499031,1.3415668417922701,-0.00664262341090407,10.162740669624036,5.214506915080067,1.8485664670181468e-16,299.2154580669138,108.94288517447548,0.42957863085977227,0.34471680159425205,2.290762945494411,0.25081493956231543,46.0,0.044604966366702484,0.1010752932447449,-9.331462144140183e-05,0.20542628726771994,1.6423291590981832,-0.11334334192615664,-1.528400512911058,-0.008364455133944796,-0.8729964805920432,0.0,155503.36204910063,0.07804878048780488,5128536.489868192
CONTROL104_DCHA,0.4487945766033584,0.3060425922661371,2.072215899004932,0.006928531341133286,50.67792569714686,3.857137866209636,3.1862902948883415e-16,1527.4659453258157,142.67205572407738,0.3099553787527128,0.2587620783532692,2.0101893095875076,0.5548836946645896,40.0,0.16858547602949242,0.31125739090032634,-0.0002231914519377505,0.021351979921035547,-0.48658370588602773,0.43195056843042745,0.21655316162887717,1.7717540963566802,60.47736236219793,0.0,111070.50549431838,0.02092675635276532,3310509.1041070055
CONTROL104_IZDA,0.48572104310075087,0.32399573532320175,0.8964535443814134,-0.03721409539534342,8.984827808182365,1.8165426543882166,-6.50878841917649e-17,258.6955418285101,31.949745578704796,0.3468810166115236,0.2500248554549385,1.8658319528623757,0.5498237951826721,35.0,0.1783020068879488,0.30475188360638494,-7.83102620044678e-05,0.0028547859252978647,-0.6797897382905385,-0.17813979407752129,-1.721502689106199,0.13819395706911533,4.279077326493155,0.0,123701.2885473035,0.01984732824427481,707333.7830788016
CONTROL105_DCHA,0.39416645804599915,0.2749108240477854,0.9196234172358496,4.7727414949156625e-05,7.999429270644671,4.152821513705355,-3.193450497798203e-16,323.54122233003704,88.57193925823547,0.25050771048667847,0.2505761087074308,2.293108271369103,0.24745702253685062,46.0,0.04509809770737857,0.10229502874990162,-3.525936635699206e-05,0.27512527512527063,-0.6387561369264632,0.304428469548594,-1.416947488876484,-0.39592582894365647,-0.7630912196584374,0.0,74944.47440564333,0.07223113964686999,3337445.7473933753
CONTROL105_IZDA,0.34943995768642117,0.23823710520439348,0.9419930617475657,0.0016421983373512753,6.521043016510074,3.1464739246365445,1.3752440046969682e-16,142.6369250748292,53.506515053767906,0.21808423630364573,0.2007035507725277,2.0841061340594145,0.20842500415338697,42.0,0.047206637050659805,0.09744664907760522,-0.0002311513141427798,0.255647659836604,-0.23447501066471288,0.4444584758583037,-1.1187436744997221,-0.36587242098332273,-0.5871387398387902,0.0,57829.47204427624,0.07096774193548387,1899650.5877458113
CONTROL106_DCHA,0.4467707477948774,0.2470742594736785,0.8884674705851623,-0.012578769360375972,6.924178716864947,3.7083306778500638,4.554761126667309e-17,401.5119182838005,101.71119406603317,0.281337781586567,0.23718816380813454,2.1569572127977423,0.25349297209870325,43.0,0.05477422817790266,0.11656193048638351,-0.00033142239290836936,0.030247517793938083,-0.061478443586478485,0.06666178237202591,-1.1836440285761312,-0.4959427980948156,-0.6698677480576825,0.0,89586.84924213709,0.07211538461538461,2672903.693193539
CONTROL106_IZDA,0.3057748912263735,0.19448737299153943,0.8400519457134124,0.010801195950432996,8.220607627499236,3.9675598138088928,1.2879928744896077e-16,447.857676577126,134.18222281718454,0.1767789042082318,0.20881330273785392,2.1671664853903545,0.41216225450818733,45.0,0.09073366385572343,0.1898668496156279,-0.00010139246375267933,-0.11185350090712598,0.8293121510022414,0.6293969064629598,-0.560200072499935,-0.2208572473803007,-0.9522655086721836,0.0,49250.47418585677,0.07099697885196375,3442972.6483247234
CONTROL107_DCHA,0.4735294098677972,0.2824956747376819,0.9941316184804281,-0.03277894831018584,7.553392750824651,4.034717348169926,1.3037481390093582e-16,266.93825901794145,91.39116409541528,0.315674756813866,0.2617264495538089,2.2864691057032895,0.3066826324567224,47.0,0.05680341675334882,0.12770660927237829,2.1119596112633116e-06,-0.13568192336853668,1.1302435308941716,0.14381017004011903,-1.453394172039657,-0.33319727258515147,-0.7980464343728908,0.0,112947.2117465855,0.0764525993883792,3476416.2307854397
CONTROL107_IZDA,0.4995070937431197,0.32434106429610243,2.980489982333555,-0.02523134977899794,60.27476253277603,5.8938671540595235,-4.1250666807552987e-16,2060.9387526047535,203.0552923599369,0.3234382398456353,0.2705322445471912,2.3496191069169217,0.3427042941929314,52.0,0.06904355626168801,0.15860551485544444,0.00017555648395989332,-0.09674071285631847,0.01904041631529098,1.943977886165675,11.67458509333423,-1.0732072794877996,45.52384992245442,0.0,143374.66156868127,0.07692307692307693,8210409.155392453
CONTROL108_DCHA,0.12098261958981174,0.12076756558412978,1.3268523700688042,-0.01920583250875713,12.675588812311645,2.4599312580543717,7.228338374495253e-16,396.6610842626493,98.45973405618456,0.05219809532472388,0.11537422982614903,2.2940730010623533,0.5101810249715827,43.0,0.10634574040088345,0.2317331167519259,-8.126372933424267e-05,-0.29904706978085027,-0.055456746453038316,3.8059688097436184,23.79807356604947,0.11131294044141396,8.189895813042616,0.0,8073.9179072365205,0.10543657331136738,1106776.1624990476
CONTROL108_IZDA,0.41704344216646266,0.2412319099117679,0.8120884221359317,-0.03360997946303113,7.076476350960932,2.4138315364594822,-2.9605947323337506e-16,200.41916966230022,50.34138583453132,0.2759154991772846,0.18929466954543056,2.020866097013982,0.6899831748223386,37.0,0.1847352161149729,0.33288326280457897,-0.00018037656875649166,0.039183620666181085,-0.6006240040522448,-0.1535813769328053,-1.4617031738636872,-0.2506976569099657,0.1852029981830685,0.0,79033.56466418186,0.05128205128205128,1132291.4521021647
CONTROL109_DCHA,0.3872904368819945,0.2080666138963338,0.7519919308633018,0.004742983862933638,5.389162587779583,2.1936166054936304,-2.1924179785024129e-16,122.87609290361546,39.91056274598155,0.24932648671238883,0.15627860326345666,1.8362030503916849,0.3465090350404904,41.0,0.08115433959979008,0.14508697341241594,-0.0002893232857174895,0.005328224407171955,0.012409629146732706,-0.1842145699279526,-1.4951412088756075,-0.5710291745115323,0.36224751471268224,0.0,87240.88198661426,0.05750350631136045,1221348.6264940728
CONTROL109_IZDA,0.418752651112548,0.23290581210368116,0.7389727457652536,-0.02091174917660399,6.4685301368128405,2.7197477496295868,-1.0847980698627484e-17,192.68063881590874,54.068100158683514,0.27242863385941546,0.1817514370345267,1.7668126890263174,0.25343739323807146,37.0,0.07587917725854235,0.13160294805778483,-1.067989855368926e-05,0.07496411314441342,0.060804073443099085,-0.42174658820609223,-1.3079900218575982,-0.5945459761218376,0.39878064910667144,0.0,86849.51097482121,0.05801526717557252,1584445.5625600335
CONTROL10_DCHA,0.40034805356187714,0.2441433461622933,0.9393743746018313,-0.030737042936740483,9.264754080752859,3.4460534752037875,1.8515771615898377e-16,529.2823650364298,117.88296625813358,0.20844759790842546,0.20425033634968462,2.1302412027610633,0.5656575635213539,39.0,0.1495316538690204,0.29492527920518047,-0.0005120607702692316,0.22868120357485777,1.5756291881862363,0.11793008050011539,-1.0303328125076543,0.06520782208505752,0.2904375376653916,0.0,71641.66621266,0.03420195439739414,2235152.3244178547
CONTROL10_IZDA,0.39265617882601056,0.2107219878101156,0.6978866933675468,-0.002979255803822913,6.570070888645312,2.007625109331216,1.5242665948649013e-16,198.21184019622243,54.34329823546624,0.21379009671988106,0.15054544290462693,2.0121650003094067,0.6067611223054171,36.0,0.19963698807987018,0.36163451960446347,-0.00021553059715580684,-0.41702268527405706,0.031557735814669655,-0.23647388893065743,-1.4851216536849385,-0.48291131648718405,1.8347753698670086,0.0,64759.27907736081,0.033003300330033,736715.6144796897
CONTROL110_DCHA,0.4175390769020495,0.23527980296700532,0.8757592348099313,0.0009186782413883413,7.158622869124307,3.2292435565182336,-5.940228659087654e-16,421.60951244450547,96.27139334243493,0.28258254237638114,0.1988568167854434,1.8601478400403646,0.6318487760533313,34.0,0.196719894716669,0.3274407825082589,0.00020340930084215584,0.436566683052386,-0.0002330979715858249,-0.02504872005371941,-1.3537629801666407,0.013470080326697678,0.018402877450855115,0.0,78138.03358600778,0.0819935691318328,2006970.4422214122
CONTROL110_IZDA,0.4498086386810967,0.27167923097255253,0.8717245529395162,0.0005713908388656908,8.60434134590984,3.042968938627986,-1.8992494509310855e-16,431.5992942434465,88.23775971071974,0.26802827265871876,0.20804843988498334,1.8800523287386843,0.6097220704083283,35.0,0.19545378875072064,0.3300561251203636,-0.00037527294126152213,-0.07990809844174507,-0.6251918490629444,-0.09245445249293728,-1.477109044633562,0.03830246087165416,0.6205293000080094,0.0,96743.33293276087,0.03459119496855346,1863249.2125801533
CONTROL11_DCHA,0.3491033302778335,0.23954664449813173,0.8645684874763361,0.0008150703375092494,6.6987209581300355,2.1399489285579785,-4.636494197455792e-16,319.1198333987008,50.553463895461675,0.22235874000963488,0.1753444424327288,2.095695215756353,0.3749755232711595,40.0,0.09031049168641467,0.18330621576014217,-8.356527206793192e-05,0.007841919195802571,0.01933362414780535,-0.05014791291784291,-1.7082351186083369,-0.557113481230859,3.093113345727204,0.0,56559.50738696877,0.03425774877650897,857754.8999077145
CONTROL11_IZDA,0.37008530328449823,0.23987016566423552,0.7428215961162049,0.0029918938304900108,6.6778053838647145,2.5319248995368477,1.1648241569837708e-17,222.7546267972715,65.27685364355241,0.2232882032109363,0.18691662693192065,1.8049372258345702,0.6422967484252726,31.0,0.22187233061517211,0.35367776590309086,-0.0001110185477730707,0.5314798902117066,-0.0733261126291501,-0.07171183259069928,-1.5231150959417936,-0.14737423669162908,0.1567459733964789,0.0,61651.306131907244,0.03770491803278689,1190675.3269046072
CONTROL12_DCHA,0.4239261923924024,0.24620878157290288,0.9028687786874589,0.017361069757980345,8.30715100573238,3.6176854720328118,-4.666947361314287e-17,366.93258501890944,111.13358848636936,0.28351551392662244,0.22685118343455407,1.7656681939615735,0.36176592496990573,33.0,0.11076102837712207,0.1883358796749334,-0.0001740583788632576,-0.18994263254767385,0.13509344226288156,0.07839665785950818,-1.2695603329556606,-0.15889409394947993,-0.7187510841836295,0.0,77874.94762574711,0.05582922824302135,2422554.2510842546
CONTROL12_IZDA,0.47532228975895763,0.26601168687388,1.0240893220559302,-0.005091654898249915,10.93896044479814,4.0795441041317435,-1.4515205804654436e-15,547.5465905934519,134.88679333662748,0.319869302486715,0.25910117301995766,1.91069695920335,0.35528784631921917,37.0,0.08209482450374204,0.15258681899023915,-0.0005354950910411324,-0.1527072988984195,-0.24424189053547407,0.18503645030525812,-1.204142931064044,-0.15805841542931107,-0.7009826442689064,0.0,96255.84305533227,0.060955518945634266,3050350.3137389994
CONTROL13_DCHA,0.26786752616192544,0.14448565244260542,0.8617165772360152,0.005844370745848388,9.899891062306574,3.1798478707994726,-1.8698493046318425e-16,304.04732979591125,110.25456531498165,0.12578589274031723,0.1477136527797538,2.264275121625727,0.4713868834227834,42.0,0.10857361387385935,0.23416307808883782,-0.00018076372622203207,-0.07103705535099669,0.0768679621219807,1.0239268400877612,1.437327203052102,-0.19612405765947,-0.40315333624373295,0.0,30376.15064067986,0.17598684210526314,1863984.042584917
CONTROL13_IZDA,0.36722879284123006,0.19516931248386588,0.693795530215454,0.01071419254240324,6.193834255124599,3.314205341801291,-3.88210435100717e-16,366.0671162167164,69.68059426712527,0.22612526573122438,0.1652530261657805,2.529745791057657,0.49740013257588683,47.0,0.10365515341906102,0.2497421470735916,-0.00014134738317772718,0.2046040505285771,0.37462914188500046,0.02038622565959694,-1.4102694808817642,-0.17399373371191346,-1.148684495960462,0.0,56134.5907212319,0.09933774834437085,2000286.3292876394
CONTROL14_DCHA,0.2733028962629948,0.2316227698905914,0.917270475636939,-0.007754506832359119,10.76212962564501,4.181815286548236,-1.1648241569837707e-15,555.992585503612,158.29826943618696,0.17518469859206537,0.23729920059642254,1.977726799368359,0.515694350162641,37.0,0.12555244031751728,0.2337508784785843,0.00015493078693207463,0.33351544875684525,0.6490642889425309,0.7923906692756748,-0.3916372623721802,0.04595718120986523,-0.21387149938668237,0.0,37757.765310774026,0.054098360655737705,3243843.3358139317
CONTROL14_IZDA,0.27110800403693563,0.30752165101994605,1.5391284358731558,-0.07090612322253495,15.040240143214257,5.626257618119103,-1.0301113796851534e-15,835.4049530576859,203.86171513131973,0.15187541537661411,0.26707543871734807,2.011403215685652,0.5504947893582216,36.0,0.12315764212916236,0.23243950660128898,-0.0003684207048444145,-0.375538768865771,0.06123600350944589,1.8755393603241974,3.321913646106876,-0.10090205301051781,1.762700582556744,0.0,44469.58590730944,0.054365733113673806,5815717.0035381885
CONTROL15_DCHA,0.45148402527129444,0.25483040551825087,0.8034639126384412,-0.012855567040536057,7.564812342040785,2.9729076697037247,-3.5233524087277696e-16,432.0920243680016,60.110384478729685,0.3027411455647085,0.20649333562457725,1.7686622273011132,0.3898845942090204,33.0,0.10424878115975732,0.17756715715139257,-7.87133847756175e-05,-0.11712819066515179,0.11153495708553517,-0.2514861460145504,-1.4902281324027298,-0.34964920184490883,-0.31459751538543834,0.0,86474.19184190057,0.05454545454545454,1613490.7955695225
CONTROL15_IZDA,0.34194027249593084,0.22560722974512995,1.1460176658335455,-0.009349467296681027,11.327419568183977,3.9661956444299022,-9.349246523159212e-17,527.2714563757553,128.2515541870715,0.21096311502180484,0.19929370609556862,1.9307594136850004,0.48882962340528396,36.0,0.12687830265214628,0.2313853550619226,-0.00021564183411740815,-0.3473330607768075,1.1666345521891512,0.5058687835254277,-0.3936860680616219,-0.06180124042530847,-0.5342003059097689,0.0,52613.34813136322,0.11184210526315788,2898095.1038090233
CONTROL16_DCHA,0.37321797631610093,0.25250828975012296,0.7663267067370597,0.027482128043689227,7.423337807194655,2.5342981562582145,4.957274900651862e-16,380.9580627527333,76.13469233054487,0.2381250055143124,0.19795546020509464,2.0643877472781194,0.6355970667005003,36.0,0.16837255993083328,0.3155721749021221,1.35438689951863e-05,0.14417400740233122,0.016363002897842725,-0.056748727890128844,-1.6205773117265274,0.08009432099514567,0.726566252940906,0.0,62014.06815457259,0.03488372093023256,1162069.1400264176
CONTROL16_IZDA,0.4032657045105037,0.2391010071489372,0.8554947730957027,-0.020759135534411735,10.214410079695448,2.418979498593235,4.200252625182858e-16,502.0928243636537,70.9439592183057,0.25180112430203966,0.2028426912104373,2.04142374222432,0.592737673674014,37.0,0.18081949598715766,0.3355218876349425,6.18594738992864e-06,0.1305039923840452,0.5037544539585106,0.0076065607753251965,-1.5885643895978498,0.005455041238840654,1.1940187120906058,0.0,70896.79995314065,0.0361247947454844,1080660.80151476
CONTROL17_DCHA,0.5172793102884276,0.3074800769394118,1.0010620786450508,-0.04222001347748299,8.947412195816431,3.991414238151576,3.277627117180034e-16,444.8001427981604,106.90490731708142,0.3654521515664302,0.2804019255080627,1.8621767113475878,0.47147420557592024,35.0,0.11195672673728936,0.19850170616609994,-0.00018549702595184768,0.14272197773209716,-1.3310328035696726,-0.17149062343787017,-1.4898373693846094,-0.2751266385962926,-0.3168986156678941,0.0,115975.58758515197,0.057660626029654036,2920428.2764236135
CONTROL17_IZDA,0.47818387739469603,0.24966664040797878,0.7944953113449279,-0.0009855325192423435,7.281491991847254,3.037173604900293,0.0,412.45005978910535,64.45808268035422,0.31495974839214946,0.2194734291070057,1.6020536236974423,0.17054528752170559,31.0,0.06734729675751706,0.10669651116570153,6.180136529317523e-05,0.14272212458826838,-0.17459209739543835,-0.327940324387309,-1.532547440230033,-0.6169816432257041,0.19953064360741468,0.0,95713.86029843884,0.054365733113673806,1696373.0183748233
CONTROL18_DCHA,0.48986456916275367,0.2600641981663783,0.8347099584529974,0.023870433847850474,7.765054707910228,2.98758194266819,-2.8047739569477637e-16,239.91935562196994,62.15184446246671,0.3265301499086323,0.21799751236798523,1.5595181418727284,0.22714154826632116,30.0,0.09545395000021979,0.1458021231702137,-6.58920535374844e-05,-0.0405374481175933,0.5081247559985347,-0.3841275906267713,-1.4260330448131464,-0.4539182632436122,0.02229917405705395,0.0,101187.48366640088,0.05098684210526316,1647238.8406712112
CONTROL18_IZDA,0.3375475716931698,0.20614320083583282,0.9023189239359913,0.0026580025633074333,9.054425968003523,3.2831990166542053,-8.9406039598953e-16,473.0432602582267,108.06992342877946,0.19919634094838062,0.17690405578881319,1.9425556395386114,0.3684684797676651,37.0,0.09270836800459108,0.174354788593075,4.695535216884875e-05,0.35221391059238405,0.04357255629852999,0.17000447008321493,-1.2997760938007386,-0.42750461538209117,-0.05126750319244433,0.0,49303.49168767239,0.06291390728476821,1957233.9786299127
CONTROL19_DCHA,0.37835393488680397,0.1895989437874441,0.8293458807479975,0.0015302235445410351,7.686374208676365,3.684349113335586,-4.2071609354216456e-16,399.73687184693176,136.94785449270995,0.23032611363020064,0.2027982976197002,2.165592925517822,0.4890104336929802,41.0,0.1211699843601311,0.24831624766958574,-0.0002389398583340374,-0.03632391518418476,-1.1710046215160395,-0.051515661254002205,-0.7338635841056496,-0.28740342668306607,-0.777950797991735,0.0,59542.31179571262,0.06743421052631579,2471825.78081703
CONTROL20_DCHA,0.4010994015534421,0.25413579126855584,1.7339637304261328,0.018525036385417408,17.642312106025354,4.958588330050492,-9.333894722628574e-16,642.5944441155135,165.5561170732012,0.2651128836318295,0.24264594056260627,2.2021657656461584,0.42758725926175006,42.0,0.09890078516433383,0.2092948473760089,3.148492266906824e-05,0.05905633788990361,0.4621665199369119,0.8113790355283742,0.6484699404823866,-0.05936393512781272,0.35758980130067153,0.0,71620.1316768228,0.0722495894909688,4535460.430080091
CONTROL20_IZDA,0.25332049731951894,0.19338508992475023,0.9667320231335866,0.01758110649869289,13.479597297556072,3.672374881726403,1.8884856764388045e-16,542.3854331576046,131.53245475399925,0.15256778661879516,0.1926262382065894,2.17671438344829,0.484436978395411,41.0,0.11439777459964574,0.23640457314041652,0.0003421215403009381,0.02329659109579607,-0.33751854898408995,1.2189474871846235,1.0668161060708359,-0.06600551443676532,1.2189001341000543,0.0,30020.462928550227,0.12790697674418605,2436213.4658163968
CONTROL21_DCHA,0.5671128239485949,0.29112055355861144,0.9730976607460319,-0.013238806249795168,8.962517150339554,4.321218976920075,6.310741403132469e-16,452.35069132376543,106.217806779711,0.397609650984764,0.27123418083338124,2.065470593077564,0.27502086443843304,39.0,0.05812996543426519,0.11823413780542652,-0.0001250810412163318,0.1415002062795634,0.5622409318339091,-0.288438128625826,-1.342485207674118,-0.08212265910325411,-0.8664524481385594,0.0,134529.1752178257,0.07072368421052631,3445712.4916692465
CONTROL21_IZDA,0.4843540856337447,0.24340505121168476,0.8911844036645881,-0.022817112196035987,9.438970919366312,4.27530951101389,-5.5911559535221e-16,499.55468504836074,132.672997330775,0.3270824637339899,0.24195466033747934,2.3504366021264373,0.3482372841116297,46.0,0.06563106040224842,0.15090147377052474,8.947554284751423e-06,-0.05221617153613911,-0.45088999990587286,0.006355949245798219,-1.3094256481294382,-0.17665804995536516,-0.8327632794871076,0.0,98297.7149743223,0.07704918032786885,3389649.7216626396
CONTROL22_DCHA,0.555228044975756,0.2900918433527513,1.1178120238573606,0.03443425229563489,8.431689089541564,3.189262388309692,-9.395606423274052e-17,416.4776069239993,65.67302416573409,0.3841909336781864,0.24316801419921677,1.8759685783297457,0.6117850267183124,33.0,0.1608259210899183,0.27583085731209267,-8.677782385384486e-05,0.4289009681675793,-0.5635064699699022,-0.26570553712486733,-1.519372879257507,-0.06373278150952921,-0.2722540082328311,0.0,128212.9071856958,0.04793388429752066,1857148.9980924374
CONTROL22_IZDA,0.5300137942827672,0.2747049789760212,0.9343395580213105,-0.00651521515137891,7.642190221894005,2.949617986943039,-1.8637186511740333e-16,226.07802345799922,52.299663443228845,0.3531548510437915,0.2532120120433794,1.9624794252398325,0.585870954329121,36.0,0.13276079696209375,0.2421939782477139,-4.965405294423869e-05,-0.4636970397661526,-0.11838841856951858,-0.16048845136872025,-1.570678226077884,-0.0021942877618986263,-0.46026816697429274,0.0,118544.96256881088,0.05245901639344262,1615428.6739680367
CONTROL23_DCHA,0.508163138018048,0.2700940577348068,0.8811874770362692,-0.006771087814229603,7.818382566340492,2.7687152269259845,-6.898473162719419e-17,475.9069727547146,51.03026625588103,0.350861497861458,0.2161422981388567,1.6022920006703039,0.4044680446089068,31.0,0.13737537127588825,0.20903540551875716,-0.0001267119403126818,0.26048256125407443,0.0034731396098824432,-0.45238528118819954,-1.3484676751394475,-0.18727714421612573,0.0006281265361915978,0.0,112532.15414399726,0.05016181229773463,1460680.2439341582
CONTROL23_IZDA,0.39200405758575263,0.19914007716757878,0.6934762273826203,0.007456719093412873,4.4463565998750605,2.104862325962545,-1.400084208394286e-16,109.06517894258351,32.6843573071898,0.25519600554015304,0.14654621473704,1.6045231902510553,0.32049517822553736,30.0,0.1232688149874984,0.19054897694710715,-5.219596151506772e-05,0.22279101513568245,-0.8168846217448558,-0.4162242832553043,-1.378105690588387,-0.3031312725203651,-0.12248658850839655,0.0,64334.11772558765,0.047619047619047616,820245.7736416254
CONTROL24_DCHA,0.48685308673490124,0.25265770469595994,1.05022511534229,-0.018714860015897526,8.642488777809357,3.0634285296799924,-5.609547913895527e-16,377.5517060808832,77.41834293549832,0.3214098605926296,0.21061535045814525,1.7894571488399604,0.4031464341156885,34.0,0.10595852752515737,0.18219190920496517,-2.4084123759868437e-05,0.1035692814739424,0.6769885020152241,-0.1881967668621634,-1.424163851715783,-0.44915809836196147,0.3508999742351837,0.0,99399.44343347775,0.05592105263157894,1731554.8535011318
CONTROL24_IZDA,0.45668408307130565,0.2881148661779531,1.024835030089131,0.009080634672386737,11.49501391523537,4.5156534330729015,1.0301113796851534e-15,533.1326700859404,148.34601144085056,0.30775763419670915,0.3110844314297549,1.8282728893268176,0.5280246391013245,34.0,0.12797580619663587,0.21968000300775806,-5.23939905025886e-05,-0.036205794801495994,0.039137391625886864,0.1652921621571638,-1.358218988704032,-0.2775469352348521,-0.39157209260552417,0.0,92106.73884391304,0.05271828665568369,3735760.808883446
CONTROL25_DCHA,0.6330473982511285,0.3201318751770991,0.9885796661351661,-0.005201521942195587,8.80085887721982,2.4767769207694306,-4.621416167545367e-17,264.8307111279576,42.09870717104642,0.456449644688087,0.269229164771078,1.796595057254731,0.7711571670405309,29.0,0.2855693171331929,0.4252598437333211,1.7141788789403905e-05,-0.248298975638368,0.008014454315638435,-0.6220852888707177,-1.261534037367537,-0.5232848716675842,1.2274515618943003,0.0,170922.73545405405,0.030894308943089432,1157630.9537464967
CONTROL25_IZDA,0.45030264953271554,0.2435713298073763,0.84350607389069,-0.027759150240390645,5.790504591926688,1.9507607160391642,3.2561696565110973e-16,144.0554221605664,32.13756044331314,0.28927773280986757,0.1896307192442939,2.0867272687585734,0.6850594419163496,36.0,0.2247494636407315,0.4098709815425508,-8.736893631438996e-05,0.19423188594651908,-0.05434061553881134,-0.4831051711746715,-1.3478915256570694,0.04092504981662436,1.3238444043137223,0.0,86754.79989180189,0.03436988543371522,709184.7567386166
CONTROL995_DCHA,0.6372341665988118,0.42741265860967537,1.2639757402139635,0.02009844174828682,11.347738000046416,4.998952765384517,3.721336750298397e-16,319.46462549845376,119.12957390864148,0.47528469687702496,0.38582210925701205,1.9149515941162,0.40954565797383397,37.0,0.09846677858843793,0.1814992531221852,0.0007140575794214197,0.23404142159626118,-1.6900606229234887,-7.146581475118532e-05,-1.6154749085896134,-0.20114938665955454,-0.1783519620816576,0.0,185630.00071797712,0.05728314238952537,4629069.10552537
CONTROL995_IZDA,0.43079860663326136,0.32427159182388776,1.273270627229212,-0.0013165992833441796,16.57163986837136,6.256834867541736,2.5795280836175255e-15,754.2641083986268,206.08613783649972,0.29872127627559536,0.3413054119132871,1.9902322548110571,0.471381421394692,37.0,0.1250226535614359,0.2355261457986845,0.00013750614188467864,0.1628853320305288,-1.825050080123435,0.4854989890362591,-0.9078363028022647,-0.05360676589284844,-0.656474184030889,0.0,87430.19592748942,0.1188118811881188,7175867.822220424
CONTROL996_DCHA,0.3517141622071215,0.1972705752307243,0.7146495454352261,0.011969143513416599,6.5975604161835575,3.012187540476153,2.8233486189143055e-16,353.1289513781932,95.32138514390404,0.2131256700039981,0.18584362544699903,2.0218870910706634,0.49906196004560677,37.0,0.12224555113405863,0.23353796148013603,8.455929791426107e-05,0.2537269170182084,-0.050412465933899024,0.2753918466768487,-1.2595814988032663,-0.4119536946617948,-0.35288495750856885,0.0,52214.825255853626,0.06456953642384106,1649149.4165117024
CONTROL996_IZDA,0.31758317656165597,0.16305337164751021,0.7873376477432971,-0.009511554768840047,7.8953437907653194,2.646475542610735,-9.395606423274052e-16,250.29740651147554,87.39463633200761,0.15701050602216954,0.1461785242246976,2.079807484446616,0.3800753518137863,40.0,0.08160447076078604,0.1648001788035775,9.26799214469626e-05,0.28372613043341954,0.5993599380822718,0.5383429913706138,-0.7098689635032684,-0.3623308378905311,0.14310095745524976,0.0,41774.3921108415,0.06446280991735537,1278866.7051502047
CONTROL997_DCHA,0.5542955381305843,0.35254957831265427,1.1061844792399285,0.017346971610138866,10.242658700449017,4.309208528422926,0.0,558.1296857339232,118.46854607892409,0.3460327320365999,0.2620220305644973,1.9847585776071657,0.6026682189795444,35.0,0.15126554357025396,0.2761126306407999,-2.1284272327567728e-05,0.338766697943818,-1.1635737646131716,-0.11832452193376605,-1.636057195451007,-0.12825792755688986,0.3217243013074045,0.0,136510.9681873389,0.044407894736842105,3421629.8634302476
CONTROL997_IZDA,0.39018830961039824,0.2568642543604665,0.9599222116690486,-0.003516347264157826,10.233791276900366,5.326918669511445,-1.0284171175475135e-15,519.2169181406437,176.97556011077342,0.24174475808228296,0.25278795305954305,2.124938447576997,0.5275690526067426,40.0,0.1237718985188585,0.24746185966640827,7.701433000041587e-05,0.04994096762661204,1.1112396322466984,0.31823798028170963,-1.026345346595273,-0.11186375928021218,-0.9498147491691666,0.0,68454.32205675972,0.11677631578947367,5233102.596954309
CONTROL998_DCHA,0.3664048400842283,0.21429863657885817,0.7395709642441765,0.008791449252333628,5.842239327266357,2.544061478051185,-9.442428382194023e-17,164.69416325402779,46.75300831136189,0.2249780525312214,0.17690234655200296,1.738568037880455,0.18203635206115923,33.0,0.05741929618099617,0.09882117688026205,-0.00017698110979234264,0.002977006765229495,-0.11065591758986751,-0.03688738238520221,-1.5906652417356753,-0.4208705976547124,-0.2616754192461008,0.0,56961.30632356095,0.05813953488372093,1170842.4556933623
CONTROL998_IZDA,0.36978694608686846,0.2306693201347788,0.719144753555419,-0.007966836697700775,6.345019593079758,2.8331657072769865,1.8760204244491094e-16,227.13228691221522,56.66900262776093,0.22779849904474284,0.1846755613246893,1.8015831598176686,0.193884694270751,35.0,0.058009981261206114,0.1033759368269621,-0.00022203858913660463,0.0912486603851328,0.17239629827362452,-0.04677489260668531,-1.6054887883792652,-0.32006644365006115,-0.30946639942403387,0.0,59970.488953151,0.057755775577557754,1470858.8161773274
CONTROL999_DCHA,0.5365531138823594,0.3024019566730296,0.8867693255894612,0.0014584532834789519,8.451252912702852,2.959444136788857,-1.8667789445257147e-16,183.0134098929665,51.42279585645514,0.37751559649371297,0.23779233164853106,1.5236941942133337,0.5268743918599382,28.0,0.16932382446325592,0.23816372646662115,-4.8764322672479735e-05,0.023313885881684593,-0.06418785882576052,-0.5257568801476816,-1.390840503358912,-0.25852733159335634,0.4391114830913745,0.0,123702.38986501808,0.04269293924466338,1620125.7493732166
CONTROL999_IZDA,0.6310905939192104,0.5086504271464601,1.7429395685737756,0.020252598956598193,17.1065593355452,6.5800790069041035,2.395879637934883e-15,789.2847672428197,206.31193926506293,0.2743612492949318,0.30107594069578614,1.988054131600651,0.5952582542541833,35.0,0.16861515178937536,0.3057611698442793,0.000637721657908876,0.17346804810801952,1.0001488090069641,0.6099156859494711,-0.8936883803125419,0.20875436675528156,0.09341876920338166,0.0,193045.4308502453,0.04462809917355372,7895101.9658592725
ID01_DCHA,0.49695083032134507,0.27875471981892896,0.9655132789238409,-0.036180209001158856,8.682451061834477,3.9728440834605334,3.739698609263685e-16,265.90341388855694,94.71753240404823,0.3504663119659821,0.24992668513983196,2.030621449084402,0.21765023711756096,39.0,0.049403429288830555,0.099278189560808,-0.00022079164448011052,-0.0648044407241406,0.016324183311649608,-0.006246255560234573,-1.474838175402556,-0.1325921676660834,-0.7730747652678494,0.0,105630.55922173415,0.06743421052631579,2912661.547876345
ID01_IZDA,0.3589780508725495,0.2247617069350157,0.7760863372278672,0.012015853051237486,5.772994725809455,2.958509938089021,-1.388682871192378e-16,166.6757871131877,50.4980586065069,0.22685310015907326,0.18233991526299984,2.107430179029257,0.14186112666830633,41.0,0.03157121810151162,0.06624266471967125,-0.0003051637858132164,-0.047876421802159896,-0.8874322133601803,0.12590500496893026,-1.4433676237738322,-0.28601708644629137,-0.7835482289825477,0.0,58088.51147168234,0.07003257328990228,1646869.75243827
ID08_DCHA,0.4574642741889354,0.22074455611280303,0.8813886134415606,0.026455930491219106,8.468962480802457,2.484644995818707,-7.370297421174459e-16,443.5775693407594,76.83720235949035,0.2741056557152695,0.16370898454283514,2.058205478402685,0.6370191653619066,37.0,0.17360707609796616,0.32321798322175765,-0.00011482463523722014,-0.21072280327295734,0.2927529082605774,-0.22138155252103936,-1.375011309533836,-0.10330939156524854,0.6858846205317799,0.0,88926.6006585632,0.03889789303079416,1164951.765875976
ID08_IZDA,0.41456072289544255,0.23936573666576466,0.8324553860912117,-0.0071886308488738945,8.044862207753468,2.623280724059602,-9.183104824040068e-17,243.90287055558645,58.26536633580362,0.26710543541510645,0.18513315681608938,1.8549793366456964,0.5847471542073048,34.0,0.16752369820044904,0.2842231039466655,3.54676515077491e-05,0.15995555957046825,0.07830824809182436,-0.3089529041641737,-1.527285099254798,-0.23002686039722808,0.5060208542618287,0.0,76809.19748121478,0.04523424878836834,1315919.6706455844
ID1000_DCHA,0.44923708177444444,0.19132444080950395,0.7933733808530357,0.0009701657954914579,6.014164475707559,1.690852175195907,1.1725127652806933e-16,179.5471047401309,32.9162197636565,0.28287841930211555,0.16477616001082776,1.8771990857630967,0.6546443117233993,33.0,0.1885534051812578,0.316272578547111,-3.1485636478995784e-05,0.2657242791226886,-0.20465932080270083,-0.10007512644653696,-1.314623354854167,-0.05541039769928072,-0.2856409491288949,0.0,80823.60017544734,0.0429042904290429,524081.34040787915
ID1000_IZDA,0.4583098841512143,0.1443778062930671,0.7874092123187305,0.011567586336657635,5.703554616120694,1.7587777308819261,3.0235861096174475e-16,298.1447432077129,55.08931218287263,0.23458250534777142,0.14309258355578983,2.1528584194067677,0.6337472538337922,38.0,0.17971081300998779,0.3488841019852807,-0.00015269069424633317,-0.16094718199663394,-0.33569621252193527,-0.008039013964668414,-0.3575173010348487,-0.15463178023752058,1.5401371054298485,0.0,82299.84568511788,0.0425531914893617,576273.206588398
ID1001_DCHA,0.22506990602012505,0.18957003493248803,0.6954420410921435,-0.0030342123240058977,7.1828792675824795,2.7750056772123504,-4.682324453114334e-16,359.75664989506265,97.57887394229614,0.11051620103612919,0.13345851087358557,2.149547613218516,0.5228563686470331,40.0,0.12534272366319563,0.2535556978257822,-0.0002365590221406405,0.01595812731141555,0.5021326797983571,0.6362119911649606,-0.8154507688554107,-0.06749010770804102,0.26253699007405507,0.0,25273.76913239123,0.1828665568369028,1416014.7504780558
ID1001_IZDA,0.34206649512488624,0.2621919136947255,0.8110906211580383,0.008936994375926441,8.136707433730841,2.8002437160908995,-1.8791212846548104e-16,463.148560407576,80.7003555521406,0.20963005530755568,0.20873818900873836,2.1944109000942276,0.5321559077278532,40.0,0.1365833618511694,0.2805450587473987,-0.0003211502960890457,-0.003561182795413398,-0.2280008529154221,0.17958350658126934,-1.5816352130522577,-0.08304580656662637,1.1207945580454002,0.0,55385.78371507328,0.03305785123966942,1422690.4726443568
ID1002_DCHA,0.43928973763047036,0.26300164968193995,0.8768227380124184,-0.02167926738279258,8.659320116416927,3.255834832851152,2.588069567338113e-16,419.5502124679375,103.03980586177337,0.28981629710394075,0.23169763173307595,2.0272682363087773,0.6513503303876106,36.0,0.1714323911415528,0.31369572701482995,-6.702605359797958e-05,-0.27796586272222434,-0.7961194437142494,-0.01679672578501104,-1.4328624798608491,0.392362093785185,0.2024650455365502,0.0,82996.71762503686,0.04304635761589404,1930533.8374182591
ID1002_IZDA,0.1560173417306083,0.1733470492383528,0.742362287910324,0.0016665847498649022,6.7580307042886565,2.2701686416195086,-2.3645348943763734e-17,205.60867061384155,73.06626991100502,0.07327740142936107,0.12094787631562008,2.034142825037418,0.5183138093394114,37.0,0.13569666847496345,0.25870394718494516,-0.0004662156089948873,0.020286017184631966,0.9610153575358086,1.7370246381906327,2.419162415624151,-0.13595931417194349,1.280292039102628,0.0,14209.545105711957,0.0632279534109817,927553.2722127096
ID1003_DCHA,0.2217138486641678,0.1184036717761339,0.47800922376643556,0.0035435707970667444,4.263483102494949,2.1100056520877084,2.814030636673664e-16,126.34504535259622,45.90329297415813,0.12001717714787671,0.08740285615439358,2.639663933845682,0.4322470152523534,50.0,0.10748548705341955,0.2717903847893678,-2.8568178903499e-05,0.05625229405384413,0.11173402456085306,0.3790841863653606,-1.2703707404627298,-0.2834040538436986,-1.0309346612767447,0.0,20622.162499913033,0.09240924092409242,815960.3214907253
ID1003_IZDA,0.33609631204631946,0.19419319702725374,0.7493804829031916,-0.025273227920596227,6.66753209189701,3.4238087537357145,-4.2280228904733234e-16,201.9023085960379,80.05374850088029,0.19592541552605724,0.1612552465567718,2.688517980029441,0.21282900785983874,52.0,0.03121391149810315,0.0833760574239807,-8.641651581404665e-05,0.1671694172015199,-0.058734383186873344,0.35886394488071344,-1.2772638085921517,-0.2957292587667898,-1.0234555661490083,0.0,48235.78321569392,0.08760330578512396,2140301.4867600426
ID1004_DCHA,0.19581582592502203,0.15256757995517886,0.9775225278859372,-0.0136025594992236,8.488361945177136,2.623819703995475,8.484092367284778e-16,289.1860351093485,92.42672951902426,0.0724586399606346,0.09065298428692774,2.2450535051589084,0.5230444438369048,42.0,0.12117079240800678,0.2565084515944477,-0.00022005137178483555,0.11951223955011292,-0.5271120533652096,1.269585501059347,2.2242660858728094,0.01890827748853783,0.41258754514305984,0.0,18163.964840351135,0.11774461028192372,1239889.3236881015
ID1004_IZDA,0.35945696925385523,0.18440755270698564,0.6804393818339233,-0.0015352704017138217,6.203715779729991,2.075025317992312,2.791002562723798e-16,325.8306636393101,53.38679333047398,0.2015595973065262,0.1284025421296523,1.952995959728434,0.6709217837130892,34.0,0.20214726094151225,0.3499415143813372,-0.0001887983348358612,0.0749909293649973,0.0084814222763895,-0.4365553520897153,-1.2467255335121552,-0.3408573536213033,1.0450290904097619,0.0,54573.548782454345,0.08183306055646482,801634.6277042219
ID101_DCHA,0.5556369613810134,0.30979362629462537,1.4894397443941099,0.013982479195087648,14.107237830305216,4.279420095810146,6.321138011704351e-16,684.2158607829105,164.8354772915673,0.3161960513514803,0.24558319586632396,2.248369497245543,0.5238816921918511,41.0,0.14108802406351725,0.2965357728361201,0.00045411147122704874,-0.10704781836347799,-0.3718195642742979,0.24698220583379932,-0.6482980671890899,-0.05021453145595161,0.9518686640166045,0.0,131402.25828055147,0.032948929159802305,3364778.972690394
ID101_IZDA,0.411581815835935,0.21524701261037243,0.6981213261841283,0.0019798667264004205,6.54124977661329,2.2282691256441245,-5.133642097445715e-16,373.35887261885387,55.62942057133217,0.25535138389596657,0.17487853820133417,1.9267815535610513,0.6098063122577484,34.0,0.21181072606139423,0.3635888870022026,-1.719672601504256e-05,-0.09754598855909546,-0.8970204065662506,-0.3867125948249957,-1.4780510782958185,-0.0652551200276858,0.8550759885639683,0.0,71404.6680793364,0.0361247947454844,919192.5515142104
ID102_DCHA,0.1096246625025191,0.08813673525263326,0.6526128135221606,0.0057651195334349585,6.324447817335377,1.5196291057062032,4.659296627935083e-17,272.4682336931594,48.56896181089408,0.04805281600379978,0.06671809976229563,2.253794263793632,0.5162881923369325,42.0,0.11663774926748292,0.24858070458306972,7.140898150859936e-05,0.21210694880925018,0.5070971659325882,1.5479325195908988,3.9972703762802864,0.1745408461118473,2.712997371728407,0.0,5914.617382281649,0.12295081967213115,428921.8513199882
ID102_IZDA,0.3590054455397381,0.19128896255019245,0.6302152523978628,0.02659545608338377,4.027689003012153,1.8225002800862846,1.1725127652806933e-16,99.38432936929715,27.814088373128804,0.22595185661360326,0.14487238292069385,1.6551105592023603,0.5322441679710606,30.0,0.14529370203780972,0.22382720864405312,4.585380855748306e-05,0.1942472608165684,-0.7960805504307716,-0.2264585245215123,-1.5443237166247972,-0.553749102407432,0.1328403032918981,0.0,54038.94305348557,0.04785478547854786,608978.3063887113
ID103_DCHA,0.2702894098968769,0.22804482458437328,0.817589375827284,-0.031778167649975986,8.842840643862454,2.9863076475368815,-3.2722362831057244e-16,450.6697632512524,95.70162879594467,0.1582858981664192,0.19818451459307793,2.2355152232459075,0.5462333737683583,41.0,0.13791720796750587,0.2879061898350924,-0.0006664681380374536,-0.3306368757646445,0.7038431646106046,0.995008515903103,-0.08478320015957808,0.11745906428938292,0.1848034841697106,0.0,36602.20592816537,0.07730263157894736,1643440.2731302683
ID103_IZDA,0.4180178013399374,0.16160030370774747,0.6736869422489918,-0.008858091134543321,3.9462842422569224,1.548049348302556,2.0762612408574356e-16,101.85089265909619,25.227695175645234,0.26971248041568574,0.12248501800154141,1.511613262348195,0.4976062943647698,28.0,0.15308069807606978,0.21567749693711963,-0.00013834711526467469,-0.3997715494091927,-0.05597701428459022,-0.5186280641727943,-1.2715130430071424,-0.4024433508471643,0.35556415920001205,0.0,71252.3315855551,0.04220779220779221,453936.37234124914
ID104_DCHA,0.41920599684444926,0.23804824583698586,1.001530588967935,0.004297915615868898,8.87224649386857,4.358218117526065,-2.3450255305613865e-16,428.04818115636243,107.698339902666,0.2697480217958743,0.2239081646872168,2.64910369776717,0.4647158976858448,50.0,0.09770388131239169,0.24789103145735306,-0.00014578708591612562,-0.07950399613364789,-0.03696941998138929,0.20292113107146864,-1.250912158863082,-0.20326514082435726,-1.090070294177448,0.0,74923.304011561,0.09735973597359736,3480835.262959699
ID104_IZDA,0.34548898250972987,0.19758560393770191,0.759932138244615,0.011467918796306317,6.612539048456604,3.7546617214437883,3.277627117180034e-16,210.84639701604445,78.37882240275681,0.21793963522935322,0.17538454986687904,2.0912799833197306,0.6799657925104208,37.0,0.17148663341033737,0.32305813924578725,-0.00017170706653194968,-0.041771399777283946,-0.8843580014641061,0.31762288323074345,-1.1853016432526247,-0.1477366831718171,-1.206519947059409,0.0,51159.254841562855,0.10543657331136738,2592706.181055936
ID105_DCHA,0.3273520488046747,0.2005084075611613,0.7730824287524802,-0.0022345026537288967,6.064643310055284,1.8806347566026396,3.770707718793235e-16,109.66696274702174,33.45959931047604,0.18827241698422487,0.16932665850060039,2.3885994351671163,0.5197882222938105,43.0,0.12453155619415515,0.28024422951355954,-0.00010687473372615163,-0.2902810241943614,0.16533311371162823,0.30737796638446746,-1.4334446837116017,-0.3107461665277525,0.8754848976451708,0.0,46261.08118214386,0.04145936981757877,641588.2580378659
ID105_IZDA,0.2886820253402753,0.22066547084440236,0.6818150264385844,-0.01358083979615125,5.603878527862861,2.199758834077034,-9.380102122245547e-17,166.8084181014831,55.08222206127286,0.17863849796837378,0.16758178892164566,1.7632581161803942,0.5295310916578766,32.0,0.16701168166709845,0.2712818905389826,-0.00040145940617937443,-0.2683963796878879,-0.0013318901272599843,0.2767374274791374,-1.486393288217614,-0.35035491457641854,0.37969051587461733,0.0,39530.43316073469,0.041254125412541254,886585.8139137016
ID106_DCHA,0.28477296491884996,0.16810372148567754,0.661289011822533,-0.0068883538665379645,5.763950974816159,2.2683360370563914,-2.100126312591429e-16,167.1103163602115,50.0400883215953,0.1531856222404547,0.1383489603414512,2.0861231397525506,0.3299090097897106,40.0,0.07618356956460516,0.15515650835723135,-0.00021488134020999377,-0.27685410112353637,0.011103128803919182,0.40292917152141955,-1.1142359981766987,-0.17058708546535964,-0.15336687315965314,0.0,35308.45140794717,0.06403940886699507,952294.5835867474
ID106_IZDA,0.26012942491085106,0.15952744464771668,0.5102473076247737,0.02074346331322427,4.360117034001424,2.2887137459931055,1.6254245589283337e-16,99.95610210044134,41.623147471284405,0.1398635559948088,0.11204513035203761,2.2076458022060184,0.12694093573168128,43.0,0.02576918742293061,0.05670636108038581,3.1187167791279247e-06,0.010563058913239942,0.5005214828314766,0.16768316622038984,-1.5503139892510955,-0.2938678432342731,-0.7154338540890439,0.0,30102.371331707272,0.07352941176470588,979397.9590730852
ID107_DCHA,0.35909479789469034,0.2673532382951899,0.8750828340430851,-0.02266557928766636,10.6996375291597,2.2683491806454263,-7.011934892369409e-17,400.45025968243164,59.25485232756407,0.2295943500816066,0.20215722234353178,1.851576476185883,0.5506223722035484,33.0,0.1854407433765282,0.31370553674996016,1.1036177057753911e-05,-0.04080801160029224,0.0360960714550376,0.06994712646469341,-1.6217852702850781,0.11457498408619483,4.1102708940754376,0.0,60857.45673313061,0.02796052631578947,949660.5476513503
ID107_IZDA,0.2956036942211011,0.15241748558148963,0.6071006791456751,-0.0028242725411356125,4.226909490218394,1.3982684800812095,2.110522977505248e-16,236.36571204262052,25.004411706210405,0.1341893848429935,0.10305784644440964,1.854615516725548,0.6238375533855207,32.0,0.1848740738787205,0.309071418570106,-9.200095194793942e-05,-0.6183457210109311,-0.00048635382157122,-0.12911282566786267,-1.348277323484599,0.07963021995136879,0.21754910647100267,0.0,36348.24315502623,0.04455445544554455,358348.00902915356
ID108_DCHA,0.3487003007266032,0.19768176832266396,0.7917866747772123,0.01309301954900346,6.981208441654814,2.991266557120622,5.125226290728592e-16,410.0974259608528,92.91610697849069,0.2134269723968249,0.17116345577900893,1.9341149050472504,0.3644749810766633,37.0,0.0809829690193014,0.15230306332542282,-9.698831211742927e-05,0.1907536001253476,-0.13049588483117375,0.29461214546989184,-1.2748263059994205,-0.09073771837635553,-0.4769590212249599,0.0,52502.76116520512,0.060655737704918035,1661758.4054838046
ID108_IZDA,0.3571404079697942,0.22035980339326022,0.6905145906419193,-0.0037030822921041624,5.844654167043598,2.6095736981067126,-9.380102122245547e-17,168.0150550098931,54.333045834564444,0.22550052414768382,0.17058294877013117,1.7414909527364528,0.2543979992988027,34.0,0.06001239789605864,0.10301575072754254,9.817710776354613e-05,0.13107620004686638,0.04407700374135405,0.05095249851644591,-1.607929698167792,-0.3239673264881098,-0.08103959087911106,0.0,55742.12035750978,0.056105610561056105,1248112.6970684198
ID109_DCHA,0.23685515885772723,0.20114570391433406,0.71726398313676,0.0019335283152892627,4.7050895382579325,1.539523808834193,4.674623261579606e-17,134.60481253150255,28.40097913573489,0.1352382945909648,0.14159229675843016,2.0267175310043424,0.5472008787809219,36.0,0.14782341754257616,0.2785059945420565,9.027615587141502e-05,0.2036129001556526,0.06605743689928292,0.5012444415051598,-1.2440027285753568,-0.4210666537220158,0.8855357421759216,0.0,28204.081778164382,0.03289473684210526,436916.44498919265
ID109_IZDA,0.15350576326573687,0.07092749535083294,0.3805208919121092,0.0028284811520102172,2.557963199245657,0.8847445740128962,-1.8729297812457336e-16,54.20776063905829,18.823666708033798,0.04685543869996608,0.05090995354834307,2.206242139626885,0.4918089498972162,41.0,0.1084154344430777,0.22747704099216992,-7.587900936220673e-05,-0.27900346099834294,-0.032344851368821724,0.8520982121505875,0.17042728307299448,-0.3036375377803687,0.007933375059266723,0.0,9607.369873069461,0.06919275123558484,143904.55506207686
ID110_DCHA,0.22810876444826636,0.12058642486605006,0.47454699999293887,-0.003662320757642507,2.548947591333833,0.9953105913658551,-1.0587557320928645e-16,80.5056115527047,18.529398078865942,0.11524480414335159,0.08764875204751515,2.031692133925689,0.6776316458685254,35.0,0.23048701614699338,0.40865848160843915,-5.833116001197973e-05,-0.6268704833969319,-0.36965362687632386,0.04891559866328937,-1.5435495394381609,-0.7784424509773992,1.340831735576157,0.0,21630.70744593452,0.0347682119205298,180401.04281705045
ID110_IZDA,0.15787410001422647,0.07682068826261244,0.35380722973410034,-0.008110955700729058,2.5584035686244238,0.8197892525610375,-1.2834105243614288e-16,71.7287849084823,18.956056480376176,0.0555248215137935,0.032029619389436485,2.0896799037509686,0.6582085076447614,38.0,0.1672814779592558,0.3161514771464902,-4.510844052700127e-05,-0.29461077206007436,0.06849250467855918,0.4543165728223674,-1.0377898044474398,-0.5718174358179325,0.9178567154848847,0.0,10336.483014376163,0.04433497536945813,124389.17533634279
ID111_DCHA,0.3518370767107174,0.2795482038897679,0.8454334059849943,-0.014261865438347893,5.925916680445249,2.68527783915937,1.1667368403285718e-16,214.218216855087,50.54935213344439,0.22591916256629424,0.22476148756668335,1.9032924132852078,0.5941736454325608,34.0,0.16309333950979338,0.28426162010095407,-3.0367667862477994e-05,0.17285107697171465,-0.06290134359263846,0.289101301860125,-1.5419588306117284,-0.6751069572785892,0.3126762307566264,0.0,60378.93388419802,0.04433497536945813,1334800.8666469818
ID111_IZDA,0.37590296520997574,0.14069756982245143,0.6524174609258945,-0.019576883935018847,6.576349797162123,1.973375322134677,0.0,361.423543679674,64.35197965650546,0.23131932548160883,0.1183228754301618,2.2781839916204922,0.5765472056897885,42.0,0.1604172946489746,0.33620540220467343,0.00011636296192963814,0.17725737233607797,1.2780835191264681,-0.9097948689154446,0.4976721378351945,0.10119408649107502,2.0638759006062317,0.0,56255.6078038633,0.1557377049180328,722107.3677611891
ID112_DCHA,0.3013394675887971,0.1376680028935854,0.6152646896286607,-0.0012302366091529902,4.635719881138365,1.8287138884738932,2.3334736806571434e-17,199.47227936141488,42.152128776105144,0.15824894476623982,0.1258388487218252,1.9866952185776512,0.2649448414819739,39.0,0.07527810223453646,0.1467437108841885,-0.0001597878642277393,0.003687624733952788,0.02736759652814016,0.35565294588709834,-1.072764659510364,-0.06002131208351068,-0.4865740333814679,0.0,37186.71236947854,0.06568144499178982,618797.3255585735
ID112_IZDA,0.3453140454356588,0.17944733550345324,0.7443309522525096,-0.0038733006855667354,5.590236173441515,2.725720485328893,-1.8729297812457336e-16,259.02247889180404,69.09625729267918,0.2052522272094812,0.16148781097028328,2.3087939964020823,0.4418956734465494,44.0,0.09266925631080254,0.2058600571017842,-0.0001213754596946547,0.2399377112264074,-0.17303721067084044,0.20728137453048318,-1.2068260610069081,-0.17903182559696765,-0.6335789959386267,0.0,49856.861971225284,0.08731466227347612,1365855.067764926
ID113_IZDA,0.08684580106515179,0.047875793241293416,0.2654953975475602,-0.007954003959655119,2.1562686086765903,0.32607292014817313,1.8928392550986274e-17,115.1186128279714,13.146355129930182,0.03067161342076973,0.026028276268940206,2.12101280248583,0.5063667502915299,40.0,0.13083634446169143,0.26115154650391825,-5.9708991362122756e-05,-0.02480734669440876,-0.0010272207603807494,2.072305235255297,4.060060565469303,0.3603444597488493,12.973585705307148,0.0,3232.1938075447906,0.4967213114754098,19746.089359905607
ID114_DCHA,0.2661527333136123,0.1813264509344488,0.684890005379045,-0.012849188114807777,6.581149755555492,2.451462331073401,-2.337311630789803e-17,234.74984689211473,70.17431699952307,0.153856202380326,0.14543911891295797,1.7911451894887869,0.3797592277609125,34.0,0.08526475425751975,0.1481057214767159,-6.985400235472724e-05,0.09083853363478189,-0.7743467087510529,0.20759016672324881,-1.3065331417868429,0.03389005316784883,-0.4895082283614105,0.0,32253.091073366988,0.05592105263157894,1108953.8377053558
ID114_IZDA,0.1922233710719811,0.11956736402606105,0.4307777427253033,0.0063931659279634154,3.156239835184499,1.3319991657092403,4.729069788752747e-17,86.17026335083139,20.730563796898924,0.10167423173382797,0.06881374841911396,1.729895888955234,0.12515446747533662,33.0,0.04186026113673683,0.07204338167099444,-7.720623969699242e-05,-0.06880360756611337,0.20193045032217918,0.09335112820333374,-1.5141210420656799,-0.0942953107580956,-0.6281209090567819,0.0,15923.91901443055,0.05823627287853578,319869.9922845638
ID115_DCHA,0.4434985803966822,0.28115887488290287,0.807289690217297,-0.02750714912582261,7.127276483155537,2.2876093470395418,-3.3128198291065764e-16,411.01511315936324,56.06625809855283,0.29984345892546443,0.21860153041712652,1.5732312341934467,0.5644647317380197,28.0,0.28111543242890297,0.3871214106002033,-6.201638855104886e-05,0.26201643648034234,-4.3674850582257516e-07,-0.4094265003553669,-1.555028855989547,-0.8456393952401146,2.6943768015518517,0.0,91362.59916041406,0.027331189710610933,1008487.6058036113
ID115_IZDA,0.4720722097044718,0.27130789272627265,0.7913053725215528,0.019095899494408593,6.914490383249511,2.5182824776228347,-7.558965274043619e-17,356.41432108497906,60.66662482057564,0.31979761088612707,0.21576933144078533,2.092209382501114,0.7250934178349895,35.0,0.25324572426649067,0.4528282786569421,-5.100688051480396e-05,-0.5284312932074893,-0.08139803801640513,-0.5341028089302066,-1.3735676591131685,-0.5011737677607696,1.3943576077741353,0.0,96912.27006042148,0.058919803600654665,1181408.6205187822
ID116_DCHA,0.35858739487367264,0.17608787524878147,0.7387648367051566,0.006843729009391451,6.1846356804303255,3.4157605847287225,3.7335578890514294e-16,164.80073483571866,74.58997582613718,0.20764661215708555,0.16609326288507742,1.9693969966805607,0.5964301198908718,36.0,0.15284004128428835,0.27732823505227344,-0.00018381206873174544,0.3320478824194866,0.47137858255257403,0.16689694643127964,-1.2357173558027565,-0.09710233293436589,-1.2457231988232975,0.0,53430.06495954506,0.1116584564860427,2159372.210145419
ID116_IZDA,0.25273981701041864,0.14662650432350688,0.7057704536291919,-0.002671027854086427,7.260395312555497,3.1777714372169394,-1.2663137865031488e-15,256.43905176873847,112.24638872235751,0.13564994011505024,0.16216605884915722,2.108262185702132,0.529236558976121,39.0,0.11342412791912498,0.2259921896974501,0.0002153230367628622,0.05741578717226847,0.03919089037818621,0.7119499516888593,-0.42440999611977404,-0.0361183938385757,-0.2746794401249235,0.0,27398.436147645214,0.11221122112211221,1848392.9490047107
ID117_DCHA,0.18112458467964238,0.11010159669130114,0.5891193707664256,0.004826345064697134,5.142402423141939,2.1723384093367324,-5.108477185203334e-16,295.2392721319945,73.82432301053821,0.0958772947351452,0.09553475952305997,2.112859844989553,0.42065124519706815,40.0,0.11890880111026739,0.24013625113426748,1.8379372849266176e-05,0.13089248956370225,0.2987289065765916,0.6331108626614426,0.000404407282415864,-0.053520762418791105,-0.6230869956094893,0.0,14553.766323499662,0.13071895424836602,882222.5404827602
ID117_IZDA,0.282615790402678,0.16982292003109842,0.64959457935351,0.021978298202917544,5.182777701201659,2.4706686501235535,-1.6607008849150923e-16,109.86297173475276,44.593458623112014,0.1634607934430621,0.13486372173981329,2.401357343805254,0.3528572583588632,45.0,0.07747540455675708,0.18125675922088275,-0.00011657707925377762,0.2376387195383738,0.0868215200957709,0.35112773373203654,-1.1287883746789131,-0.2202779746365084,-0.6627725669648012,0.0,33823.208253807585,0.08848080133555927,1093429.218125561
ID118_DCHA,0.5064447715935722,0.4304576038378104,1.5070977440579876,-0.0028021583029487554,14.908252833053128,5.769935812071364,1.5687307153145068e-15,850.3866680573035,206.693466736135,0.30573822677519885,0.3032355417286,2.3874930218958976,0.5632460660960569,44.0,0.14535514600296548,0.32235731432276055,0.00014431288365873804,0.3332812309795741,0.3677763893944274,0.778997426040168,-0.4241935787036275,0.18669966037578167,0.7769206791909471,0.0,132423.28654759438,0.0275974025974026,6304951.854863824
ID118_IZDA,0.3733168324223327,0.33334484933004555,1.4869410242388295,0.030625757682538213,14.135792833103293,4.4951517752024746,-1.5300430851604115e-15,637.6159608833301,152.07343789897342,0.2293594209417727,0.2663352031509482,2.2232963518095414,0.5231168301860185,41.0,0.11842408022010761,0.24847716092336436,-0.0004009939955522839,-0.1532667730945021,0.7627928773981636,0.8819419223605227,0.09756793937397701,-0.13608329045313947,1.813682639247948,0.0,73209.79255027235,0.1435562805872757,3780028.3515598425
ID119_DCHA,0.31816022331432475,0.23280384911307486,0.7500224631517477,0.03125136817881659,7.008700715399784,2.2008936436335937,-3.4944724709513123e-16,381.0613196426946,67.26360512921264,0.1945889485723259,0.18851094214091582,1.6842248876831365,0.6177847740006234,30.0,0.22303555555555277,0.3333333333333332,0.0002668047552608682,-0.20809966833091065,-0.2099505642192245,0.4366230170651267,-1.3441485033774343,-0.1879048023707592,4.067528714045692,0.0,47733.08572298687,0.029508196721311476,900077.2438957449
ID119_IZDA,0.2536715507466734,0.1574620130760433,0.6540674498859772,-0.0024069489061442984,6.367050367692735,2.2238726025375937,4.6139138685720794e-17,348.1679939159443,87.32568508021546,0.12798711429457565,0.1350088536073913,2.1709194608894533,0.4752457418084413,40.0,0.12537311078300262,0.2575189704898925,-0.00041322412531564405,-0.010413241493289593,-1.0241842256703637,0.4056274485177215,-0.7533701597925968,0.13121892404238433,1.6009464409929377,0.0,29110.108162409164,0.14610389610389612,922123.2225566444
ID11_DCHA,0.44192681341293794,0.3131186223840269,0.9946258635313311,0.02371976792442164,7.592152201760639,2.9462676146589124,-6.300378937774288e-16,456.015283019536,60.24573609303601,0.3056186914249753,0.25236229753449924,2.018728490957487,0.5570333479090864,35.0,0.17142705930433155,0.31732170876228294,-0.00021629617987169752,-0.2514973912628111,0.14298841159893327,0.0381452199424771,-1.6723704077335853,-0.2678177368692817,0.832967320096361,0.0,90584.10268883711,0.03940886699507389,1607230.0396346394
ID11_IZDA,0.4314438769708357,0.30004512305433695,0.8411974622433087,-0.002787898198463704,6.243062365403626,2.7548252835216553,8.153769098886395e-17,129.2364637714039,45.260581911330206,0.29826532574331116,0.23093278580173127,2.0898616116152793,0.6912939260283689,37.0,0.20105822517123498,0.37060131575114014,5.706400156711946e-07,0.031217536346420438,-0.007861867249788844,-0.16175596491524438,-1.7201858777268564,-0.3476672113492257,0.6537223430554193,0.0,85986.19396611287,0.04262295081967213,1409628.3869210253
ID120_DCHA,0.4188789090152322,0.29945989375995946,1.0232755831958196,0.0033696796689968635,10.580038924863182,3.6496963889028384,1.0316409956589476e-16,398.8575920060764,105.20936143500508,0.2808630441947058,0.27358542634387795,2.306737066992175,0.5540479675387322,39.0,0.13441896062985226,0.28948558360337506,-0.00021314502883668129,-0.2429591157378157,0.38953608332910333,0.5085541724181475,-1.229779338395591,0.3483552875540762,1.0706291351466763,0.0,66857.71997545991,0.04174228675136116,2017859.5585600357
ID120_IZDA,0.41718420439558185,0.2656270721634789,0.8853426916218762,-0.02741681900453559,6.510938438396174,2.4606367224391965,-1.1763952578809607e-16,134.2241654044289,42.00981810523036,0.2774124624538059,0.20072496346643562,1.8590250007987255,0.577559293439803,33.0,0.16987253148239628,0.28884791986955916,-0.00017182891826234822,0.03956269304913351,0.8989639617558903,-0.217355423273431,-1.4820852043982373,-0.2250691997203927,0.9066235482266558,0.0,76342.40441632432,0.041390728476821195,1102776.985488631
ID121_DCHA,0.668054610447665,0.4510722070981446,1.2577469015485394,-0.04796171233764696,11.290335012936879,4.228324669009723,9.426769296983087e-17,656.8852581535534,92.81792618630556,0.3990403054820685,0.29645304436034614,2.041111956481423,0.6199005305702453,35.0,0.20262015372685732,0.3698527922876384,0.00010429261368865973,0.07094622428836139,-1.1745335664510144,-0.2659350367077837,-1.61869753268294,-0.45092889582507184,0.7946770566264489,0.0,199206.92160473386,0.03814262023217247,3245808.222168808
ID121_IZDA,0.4356202833954955,0.3417212627422824,1.4546991076203504,-0.010827713473452356,13.438676576458075,4.833203481954144,-7.959951570294368e-16,625.597554599411,158.73481082880502,0.2628295138131437,0.2606204976531987,2.069492711555416,0.5721791913439723,38.0,0.14939108350776478,0.28574564844061673,1.4861701164719312e-05,-0.07900456576661385,0.16903246712299616,0.7716324903088608,0.03932820405914672,-0.06990602133653734,0.42360230811154365,0.0,91395.21524823901,0.11532125205930807,4294761.796473958
ID122_DCHA,0.3588231446186643,0.22344493940666574,0.6998790625223251,-0.00013789413596154747,5.207419082977312,1.7170151424528004,-4.7133846484915436e-17,101.82738861515503,28.57945301331978,0.23757226657211516,0.16012140604976555,1.880064627033661,0.5197113026349739,33.0,0.19027789206818185,0.32747676267575493,-8.53271234815242e-05,0.20000057692048534,-0.07660634271549016,-0.11926173929523301,-1.6529158232011008,-0.1323411957670062,1.1500107374850126,0.0,55878.138949185995,0.03316749585406302,535065.7750146679
ID122_IZDA,0.3996856674359332,0.252124322599079,0.7783032458898121,-0.02759253027197575,6.429962998769069,2.4455726812731395,-5.628061273347328e-16,374.5659030194242,56.09743415027131,0.2647780698253748,0.194593248431255,1.9441083481614427,0.6803188313875903,34.0,0.20823919692398232,0.3568583293313869,-0.0001552357140298232,0.09575987965645627,0.9492688232801603,-0.34548860890927924,-1.5069387564216492,0.00689084054404426,0.9582471633575196,0.0,70318.08685146901,0.034653465346534656,1096620.0051801826
ID123_DCHA,0.4696455071775669,0.20542831483337326,0.7242581095615908,-0.01913419165239564,6.200429947869086,1.4432697048509646,1.691768418476429e-16,368.0724481335275,37.11518948536973,0.2920479895320574,0.15196412798643658,1.789838272539436,0.6360186435984988,31.0,0.2282145978691794,0.360208372776707,9.081694677442559e-05,-0.009758974005352528,-0.2646878906920742,-0.7430865480203867,-1.081512875962899,-0.3025792859466255,5.993993403360159,0.0,89616.95712222876,0.019704433497536946,385700.34324525046
ID123_IZDA,0.4519220909469496,0.1989496516478311,0.6885772409098171,0.019873110232010053,6.132190424286812,1.266052454725583,3.008812887583486e-16,163.19619617771377,24.95986497478024,0.27660394859312204,0.15115146060048018,2.125285691691553,0.6290843016531517,38.0,0.1802842518944326,0.34587973964109003,-0.00016881368829897234,0.1829963020645704,-0.3126763595802636,-0.7916947850095806,-0.9105957202281223,-0.26783873513775247,4.104869532785533,0.0,84444.0225002061,0.021172638436482087,301724.637380808
ID124_DCHA,0.26999844788169114,0.14839767220066657,0.4966262272966369,-0.01709912207523336,3.003092852476177,0.8068983083154031,-1.2855213969343918e-16,51.775157480357166,13.44071316330614,0.1364548623092723,0.09217693953099976,1.7529140415574855,0.5961826804738909,31.0,0.21072355640953513,0.3303612012327381,7.902164909870175e-05,-0.13170531082249015,-0.005584450839291441,-0.28578087193394014,-1.516535068829704,-0.02312638030534919,2.959332508145348,0.0,31011.846247004174,0.021381578947368418,120221.61245271582
ID124_IZDA,0.34707625714755164,0.1865303042897306,0.6293949924982964,-0.02138118655263314,5.693727441892073,1.180330888334448,-7.684738406723214e-17,175.03465183209462,25.314722028485935,0.1895261496845717,0.1366476611246089,1.9547603572644536,0.5789274069800295,35.0,0.17315447318849486,0.30909157345263905,-0.00017644793517210063,0.146256018049032,0.0034349876105353215,-0.22838373853018237,-1.469790497543267,-0.10490907712467372,4.053714037776803,0.0,49783.90380665893,0.02329450915141431,250789.76218901027
ID125_DCHA,0.1864162863387726,0.091001911550119,0.5472491183311483,-0.010307340606708749,4.364531871048433,1.3943561491287237,9.257885807949189e-17,252.61062967148703,37.69606211725444,0.06488296210054648,0.07021222322341168,2.0692812901116175,0.24106567390576183,40.0,0.05377984587391595,0.10990132259458178,8.953607549283425e-05,-0.040323374981881877,0.2689290595312581,0.6443910079850512,-0.6356506314419117,-0.14666988948077891,0.9026720102509262,0.0,14659.373531434148,0.06840390879478828,365711.0967441714
ID125_IZDA,0.17809672921206776,0.09013067429773015,0.38155600361549147,0.011083023253174135,3.2015792981082556,1.3402828412921737,4.940860083100034e-16,64.18749136985745,27.660495576184758,0.10153959210706492,0.06304657430327541,2.0839943184319276,0.13877744221147909,40.0,0.0306795536328526,0.06366945972769145,-6.389888593037929e-05,-0.02097576989099048,-0.17388314743380934,0.7029143687017624,-0.8680077904591204,0.03786666069816183,-0.2671507253964589,0.0,13050.697072433633,0.0695364238410596,327109.94586437906
ID126_DCHA,0.15409300810067567,0.11757648619019252,0.628546777040265,-0.017521404107339742,6.911491149500639,1.7982958845659995,-1.4023869784738819e-16,223.7897561349702,63.216086852073836,0.07524845044744567,0.08576125806660666,2.1739693733242027,0.4709963351103472,40.0,0.10500191014722757,0.21791108728162828,-2.8104816903580792e-05,-0.17054069467444144,-0.0257704016804906,1.4886223547865358,1.8611318786197462,-0.06413483961899095,2.378361726313827,0.0,11328.128003367408,0.06743421052631579,594893.5882784638
ID126_IZDA,0.20514998627269018,0.1869230777331958,0.7022640195213125,-0.025995218863948986,6.580091420305246,1.4894412057997868,2.3334736806571436e-16,221.78708301715,47.38877735438372,0.09543898707207595,0.11009035406262313,2.061258395786743,0.5043887604232254,38.0,0.12070275834700345,0.23504928907677133,-0.0005906068109241022,-0.12195878065618171,-0.25469131274182044,0.8377946624475554,-0.8270488497455153,0.24275433780461877,4.559734577336984,0.0,22077.42023046814,0.031198686371100164,410466.50144622155
ID127_DCHA,0.5442759207632131,0.3617252481851091,1.7673834384025502,-0.0213317761120431,17.367775555921042,4.127426815259753,2.3527905157619213e-16,823.9511713866488,138.6817964728582,0.39549376368881123,0.3213185946626947,2.1012250243792554,0.58047522907252,38.0,0.14999198736507668,0.2911890438887688,-0.0002618302134831645,0.1769366386177711,-0.6553459586861743,0.27682299188666665,-0.8590966045727271,0.1201930093461215,3.2007792870897323,0.0,131898.04093480128,0.10430463576158941,3098679.513944495
ID127_IZDA,0.3645040091060677,0.3218801209073292,1.0182373084258864,0.01810369293123394,9.57047756267707,3.8485941404344945,9.333894722628574e-17,475.61678462436856,118.15766497080308,0.25653694905267505,0.2739408575697573,2.1109317755577925,0.56870559617648,39.0,0.14762415292842876,0.28873265454595626,-0.0004915402515988901,-0.09228004180981575,-1.516799610303403,0.357781730093755,-1.3559269201809645,0.039001868116715896,0.9461555981666665,0.0,68457.52342851933,0.11822660098522167,2741870.187354987
ID22_DCHA,0.3104424633268802,0.25388044868950677,1.3387351494183388,-0.021873407015513116,13.624443959263028,3.668446577747437,1.285849568614222e-15,446.55643936938253,117.08875190977614,0.14114521252870801,0.1672110178855624,2.0272411676597857,0.6705636951652705,38.0,0.17577535422435028,0.3200182441273561,-0.0004042426039517988,-0.0028064983491491446,0.2367477420516029,0.8938010229253042,0.12176549807783577,-0.004562862247729305,3.9937133657730834,0.0,52813.52134716032,0.0421216848673947,2741801.33344347
ID22_IZDA,0.5990248386314324,0.35433447246403416,2.191412484161713,0.011908530132356262,21.48083660457083,4.0890282165802185,4.569406660836657e-17,653.5687996999208,86.82443092780544,0.4374020679683252,0.3253208447180071,1.6943346620278907,0.47831052454706413,32.0,0.12209422571020542,0.19593814013865593,5.442996498311013e-05,-0.27110820997936846,0.01295677423251198,-0.04685147639122656,-0.39795750165490595,-0.40842110147967414,3.9962032202706324,0.0,163073.94221173433,0.04983922829581994,3229052.48821951
ID23_DCHA,0.41269168453679383,0.2002500828686921,0.7251021207602576,-0.013309785182386917,3.771295415396457,1.3837862826873473,2.2746032699637354e-16,120.67620460222327,22.96382694120431,0.2489824962863505,0.1597215194022386,1.8131575934476696,0.6556138789273861,34.0,0.2438137822783885,0.38429334471264054,-0.0001966174535324173,0.4653408222027684,0.03496627219343783,-0.40988393811628143,-1.2651500578903268,-0.45383411894273185,1.2995336954883001,0.0,81907.53312751045,0.03658536585365854,411409.8942301582
ID23_IZDA,0.4640678813815616,0.2808370299741577,1.0389702828595717,-0.012946836516713979,7.085983618081672,2.7470723259480008,-9.380102122245547e-17,234.21392094143604,49.82727449201948,0.31163854724337375,0.22365524951824337,1.6967338659896005,0.6153288797737266,30.0,0.18977262114023108,0.29036229238226113,-0.0002872078468444138,0.2690920731915729,1.160926279792995,-0.2463468329920682,-1.447151791353453,0.06662331504561658,0.2977449780255865,0.0,93545.51517482834,0.04785478547854786,1383429.3924149864
ID25_DCHA,0.16938490966234576,0.0851134668793278,0.5491803070212883,-0.003301823790467401,4.471548270342666,1.5504717308121947,7.0234866796715e-17,97.110256301386,39.98426054319508,0.07669334283408927,0.06795135388777253,2.2022799968155837,0.5167931134687181,41.0,0.1273286889689636,0.2636567176641573,-0.00019058959276630678,0.036224766663981,0.17346633127772473,1.5538733339053898,2.6896505296139077,-0.09074797203867685,-0.09429050041077724,0.0,11903.612273107128,0.09225700164744646,442065.0241502637
ID25_IZDA,0.17846942816395853,0.0577935479875869,0.3963934971041227,-0.0004674018854107306,2.2591438403353914,0.8224137645924424,-1.1961998918520205e-16,80.81918144460525,20.128521931919,0.07185660367539787,0.04667120097746597,2.328480401193744,0.5405001216641997,42.0,0.13326166407152207,0.2903866584290584,-9.642196438745077e-05,0.09132561499302527,0.21646540626506522,0.9272335165780985,1.1442670092620757,-0.4057395702277709,1.004857498328481,0.0,11826.547114255844,0.08922558922558922,119081.69584175975
ID26_DCHA,0.3892433465301931,0.23215286240785177,0.9168839691105526,-0.006394945953492423,8.317197832996449,2.879899061099585,1.8884856764388045e-16,446.57036345381727,67.62922526321945,0.24307702913539764,0.20012936672514012,1.813046329764299,0.4915663912228272,33.0,0.13263487628828174,0.22630609175757102,-1.6086970992235507e-05,0.5143682748135809,0.00765803399198018,0.1475570965732824,-1.3745416982206342,-0.2898089973844462,-0.10108409636069782,0.0,64656.67845814686,0.04983388704318937,1496653.7527530799
ID26_IZDA,0.4882086742179188,0.2616899780124262,1.309999567654495,-0.004071417078075969,13.362769360369493,4.28560184015779,-4.644070168366668e-16,648.2972061968499,142.20261379110622,0.3177201514911356,0.24159013207742525,1.6682137101855097,0.4993708184714006,31.0,0.142670625450914,0.22292085476835422,6.79119055470448e-06,0.19621897962176593,0.08421515996963369,0.0648999690895868,-0.738869300495768,-0.26254734267923624,0.3239976408548664,0.0,102071.81456359068,0.04575163398692811,3421195.8061723425
ID27_DCHA,0.44137995424486137,0.3992488961275719,4.962994632480206,0.03808605873288134,139.97761663672617,9.03858467122581,-3.5876584035100144e-15,4186.90836162284,372.5940446777775,0.2821551229978783,0.26241705023057715,2.168424917338259,0.6249712086923159,39.0,0.16113102422803854,0.31887668639288874,0.0001167102134046503,0.13615968915893983,-1.190456411500447,6.447338406897779,68.63450912116289,0.027581578585253973,185.41562539030957,0.0,102084.72689794141,0.15245901639344261,15131416.776608843
ID27_IZDA,0.49978967852717215,0.2749639101770322,0.9221891623441438,0.01941283810298235,5.674898896743346,2.58368171601301,-5.116838031660296e-16,180.39948374222092,42.840563049940464,0.343471996498699,0.2183587646126103,1.4527858551273807,0.4211555406127332,27.0,0.1615645128021072,0.22060939058425827,-0.000119441171363184,-0.09072932055682381,0.7909094252780078,-0.5422417093119981,-1.3186894962360494,-0.6958114886735544,0.8940232167850346,0.0,107341.11876417235,0.03927986906710311,1244120.8545349778
ID29_DCHA,0.35288576726749454,0.25201654645001503,0.7997161678640913,-0.006596603940393897,5.964957620940587,2.8841039393827264,2.791002562723798e-16,191.95622818104025,49.31544520504037,0.22450098754859835,0.19533174737900882,1.7796536402872416,0.2951855550115648,35.0,0.06695714140541749,0.11694163393221288,-0.00020069678013692939,-0.004954632546171345,-0.27576042232191433,0.3155004110262666,-1.5141999159200055,-0.5945948391316771,-0.13900438135609416,0.0,58324.77166582957,0.058919803600654665,1549823.6773575046
ID29_IZDA,0.4945625333102052,0.27672048970356117,0.8751679238598152,0.00022377482982195528,6.979906551042666,3.0997922914649156,-3.2561696565110973e-16,173.09680152033317,51.39308708919915,0.3346670508228613,0.22828962953576085,1.6041664423991446,0.20153558161964558,31.0,0.07467594924378144,0.11806681596409975,-3.14944609867129e-05,-0.05331023942855184,-0.7420760572879341,-0.41639148656878616,-1.500040087632993,-0.18175472777995236,-0.14325913073644125,0.0,105581.32949471661,0.05237315875613748,1790527.796777832
ID30_DCHA,0.6148422768966039,0.28797713813256315,1.6035749481840436,-0.03102473073028442,14.838333782945103,3.758811782780853,3.6673173458585816e-16,584.5044996470251,116.17937956808694,0.395632763719345,0.2409642689372547,1.7713020788839404,0.5679155440424172,33.0,0.1614321938918225,0.26320928774479935,-4.973749777031876e-05,0.2449339323355515,-1.0723179072939018,-0.09205009951955836,-0.5063329794691369,-0.3943174424197289,1.3892649889451478,0.0,161228.71571941776,0.04838709677419355,2711161.7570501207
ID30_IZDA,0.42425923887778766,0.2708368550441913,0.9290172845811447,-0.028955882547348682,7.196712624949802,2.673187046305692,4.79787699387849e-16,212.88057090694983,52.12677999171945,0.26280185014395163,0.21271566455149085,1.6683187392408245,0.5533509471824458,31.0,0.14585858523096001,0.22570588455529525,-0.0003043972302343343,-0.5286439409290651,0.4935197756727292,-0.022106525103636143,-1.5593841016864525,-0.28355741195170636,0.1292247872373542,0.0,83803.66018073725,0.04662379421221865,1379448.1343213548
ID32_DCHA,0.5932754172708562,0.27759819442192885,0.9276657162904366,0.004284567812936224,7.4862035002205864,2.815460254167299,5.720956004509663e-17,249.22112122931696,66.81967498003236,0.4189732690586316,0.23643875866941,2.0258875161422796,0.5554775907613143,38.0,0.13944190223298936,0.26310083176291776,0.00014246230287318442,-0.1482364535876608,-0.18799974842743278,-0.7893445139098181,-0.8290158893029731,-0.28927317955525794,1.0983844744470455,0.0,150570.378067685,0.033816425120772944,1523044.5965666878
ID32_IZDA,0.5300202624048732,0.2839452204662795,0.9014840347351335,0.026120543180763702,8.422238893634963,2.671043935168889,3.240451945837936e-16,398.8131965852765,56.94263310195048,0.3654761309261155,0.23549501082178595,1.743049639726298,0.6167285894866709,30.0,0.21306333670146937,0.33048712631987476,-7.451383915561066e-05,0.159704658344352,0.004772157298647146,-0.5721235784513646,-1.2457232982015585,-0.30105811245119496,1.0485681991791038,0.0,116779.07760533015,0.03482587064676617,1295107.0113533782
ID36_DCHA,0.4023456650986181,0.30443283519458736,0.9060321655205366,-0.007305324518445392,7.253103281599918,2.764589459198783,2.7864421010200007e-16,223.9607705863832,43.79857783504627,0.2765089415092999,0.23795343506601355,1.9596268575939921,0.6723409824077644,34.0,0.1907281641484201,0.3324274130548198,-0.00014877426355647364,0.09157757890936691,0.11103648097110515,0.16888428495244281,-1.6263006529125488,-0.08978870914392541,0.016440407244979305,0.0,77959.64977201332,0.04411764705882353,1428486.4737061907
ID36_IZDA,0.36377607890063324,0.2361928936827405,0.7790360901654277,0.023797189805437217,7.104991010651603,2.752630448576082,5.474486567654062e-16,338.3246351307241,74.6290394649988,0.22252911758651503,0.19590989589881894,1.671673129408021,0.46008604345006987,32.0,0.11750534988313449,0.18670370834027877,-0.00014433612995196193,0.16613273766807968,0.16130564470032904,0.1302154715644078,-1.4600791254374208,-0.10653569543027902,-0.03254425437641473,0.0,62171.14967233871,0.04975922953451043,1467627.0639412308
ID40_DCHA,0.28876875215321735,0.14647229070890916,0.5602918486043263,-0.0027106966231556498,3.316368939641942,1.383261513651992,8.022256694065647e-17,95.0827098337468,24.45371467517881,0.1585289980993336,0.1136732108064198,2.1511280916460622,0.6813220381047264,38.0,0.1770629436291901,0.3408452794911695,9.088939517921589e-05,0.013993813697767532,-0.18432524001177267,0.019674171287564313,-1.5451869990449763,-0.44704331664750585,0.025717329465238414,0.0,36170.94158663741,0.04516129032258064,367157.2227313474
ID40_IZDA,0.2601019488487162,0.11916315118664376,0.5001829879989388,0.01470664853063018,3.2381258597518134,1.0881596476138526,0.0,72.56346773589242,18.580808573244234,0.13135184310053324,0.09572357055552555,2.118620637644679,0.562693162406844,39.0,0.15347496565588484,0.30017604410341353,-5.9874552420797484e-05,0.11866339689402228,0.22783154710784856,0.20304523143206205,-1.326506253366554,-0.42125018712530954,0.21087669544009202,0.0,27538.31821982475,0.047775947281713346,217558.28611160727
ID43_DCHA,0.3288935087890105,0.21180804899069483,0.9572355949911905,0.010218394358889292,6.086734201223052,2.0427743617218703,3.4604354014290595e-16,314.35052059590464,47.46035938481407,0.1653412458505557,0.17721079028477307,2.159769439636767,0.5307220686056514,41.0,0.12823775365806978,0.2602026815535909,-0.0002481786621528013,0.0954662557277044,-0.08790653393144093,0.7082216902677987,-0.6850696185845551,-0.41682407171801333,1.7508156519071205,0.0,49543.86457032849,0.0551948051948052,790177.0172231093
ID43_IZDA,0.3418756452841022,0.3335521969761165,4.0960445798165255,0.003004216846382048,97.48587980133993,5.6730808339904835,-5.176139134676226e-16,2880.166603457995,224.0327731029469,0.18691624606865487,0.22178913922546642,2.0741137895786914,0.5414942468703953,38.0,0.1462303211184463,0.2819681299306127,-0.0001819510598861817,-0.1307159504836517,-0.01448164451776502,6.752984433134979,70.98952887583573,3.941041186272615,203.3095575370042,0.0,62898.559003068556,0.029801324503311258,5855879.243494056
ID44_DCHA,0.526169648478055,0.32900544827756556,1.0296166218575773,0.03441339219541505,9.923224272664996,4.338664449354261,-8.896416460917234e-16,527.9239020197379,128.8688959100178,0.3729229093556098,0.29871497827720644,1.8577992163878476,0.5585820148401867,33.0,0.17435988949218267,0.2964781353936531,-0.0001612845278483841,-0.12042165263502858,-0.9130053015726254,-0.08877270702263593,-1.433076603582995,-0.0582175648930532,-0.20034097096518355,0.0,121914.59621550504,0.03953871499176277,3458639.9207135104
ID44_IZDA,0.4680766136803553,0.22404804562454594,1.239847649592029,-0.01923663012362686,7.229104713102894,2.755254271713363,-6.988944941902625e-17,339.30472572212415,77.54692025631205,0.2992454130471793,0.1872690980770326,1.628668036990253,0.5143737242711912,30.0,0.16984584266154495,0.25553480053882166,-0.00022537190568138916,-0.42270853283216847,-0.05675397231422556,-0.3275120506781103,-1.068661623878887,-0.5554596904992606,0.9919134825465217,0.0,90848.07833374153,0.04590163934426229,1406336.8557734233
ID50_DCHA,0.2745283793441518,0.2045082147280288,0.8165206436102456,0.008156440396427905,4.995913721966176,2.2519723055418472,1.620130016391108e-16,154.3236002956361,40.73780352726249,0.16030338093449564,0.15393990015030362,1.753483190809537,0.2892911927329681,34.0,0.09033617530274554,0.15454927979148136,-0.0002058096519372774,-0.12876342861892387,-0.20420037861951074,0.5670912434446874,-0.9942180937846379,-0.6885650325089547,0.5723450019903691,0.0,36283.429420898494,0.05374592833876222,954399.5653387517
ID50_IZDA,0.24493525827537643,0.1869838217074371,0.9067401608059945,-0.015386789434269646,9.291263431333038,3.0532590766552143,-1.3501456170642806e-15,426.49790468310607,100.69963514831313,0.13838893329644064,0.1504150264023501,1.8273012686541694,0.4451304212535179,35.0,0.11564559105806108,0.20137514612260418,-7.444828418136133e-05,-0.039796290082577235,0.5568338947247007,0.7376590093453009,0.05820537464131181,-0.07303016934227738,-0.015569910359152228,0.0,29866.38864373026,0.05475040257648953,1794436.1409124264
ID981_DCHA,0.35794116805797616,0.18460239815801083,0.7329111064251458,0.0020034001371045194,5.273689235249256,3.0723193274615572,1.1763952578809607e-16,210.26910303255042,65.80143714259333,0.1993672615721765,0.1534821741476465,2.4164699979357174,0.5047233436394406,45.0,0.11523064277717936,0.2635686291522268,-0.00020739944608163944,-0.015018235597171081,0.20746412387475419,0.15331951752256293,-1.2667763959505118,-0.3274806436421571,-0.9411078012967908,0.0,52946.640510564255,0.09768211920529801,1718639.6646480907
ID981_IZDA,0.33279802810761727,0.16458373714413765,0.7374729210192168,-0.004068250195044318,4.885411373442051,2.5730663329345744,1.4023869784738819e-16,253.1617255692048,58.50416119120021,0.17332565959795368,0.1401270413913756,2.461572145008494,0.5006947975233345,46.0,0.10863994079302935,0.25401570671958784,-0.0001394592075710128,0.36227503878877343,-0.030893746525035543,0.14236213559671426,-1.302137125901745,-0.3669908328930333,-0.5600598847258085,0.0,45940.41180346757,0.08881578947368421,1221651.497233025
ID982_DCHA,0.391280158740058,0.19680008145477879,0.7831378349382104,0.014410273486821664,9.59679523422754,3.8468628392565636,7.986265459782945e-16,422.08970697923587,112.43629159744238,0.24981537028097042,0.16884352061533223,2.276822625810718,0.589188579417858,42.0,0.13581115126006538,0.28701929304010404,-7.566445460183675e-05,-0.22284574302005256,-0.7065401829251279,-0.10942450855426356,-1.1461092201617755,-0.3134228581836054,-0.7926162786830049,0.0,63114.17380730025,0.09917355371900827,2700446.318103594
ID982_IZDA,0.3900519764415529,0.1943775752193028,0.8001076336358149,-0.0028605425342365254,7.516358530990136,4.216511809131294,-1.8791212846548104e-16,292.6325493650508,109.19124090392943,0.2504702794204633,0.18626754922041974,1.905671303657476,0.47422043777011785,35.0,0.13286310742106258,0.23919951966568503,3.238793239440244e-05,0.3766259876419418,0.9417579628119951,0.15340538879467264,-1.2228726354260817,-0.14334310640707157,-1.3574166306179007,0.0,62588.58459815512,0.1140495867768595,3241620.950206235
ID983_DCHA,0.13753821928687343,0.09302085999967513,0.46865282518257595,-0.0010420126315997447,7.15844057030755,1.9244533946135711,-2.3684757858670006e-16,232.60471683051946,70.98492513772123,0.05527295476414646,0.07248875637365339,2.1535635858538797,0.5066445904176361,40.0,0.11833954193415164,0.2410119430217415,-2.7181530354715575e-05,0.2405237881240252,0.1465900768136612,0.8216010556815647,0.16077127341312458,-0.02624393266881637,0.6214205485959807,0.0,8364.956842114128,0.15333333333333335,665522.9147368732
ID983_IZDA,0.28920828053329334,0.22136657891754782,1.1287705641016414,-0.021123724520793436,12.666002208196916,3.9811238225234398,7.47939721852737e-16,506.77637424990485,134.70002197847842,0.16207755994746156,0.18046712406175625,2.114306097673587,0.5590186086287341,38.0,0.13887664892572607,0.27332888640370123,9.497559805376304e-05,-0.347323067636806,-0.021118175868555362,0.7724476002808265,0.11427633438063589,-0.12605100830441598,0.7090413894276963,0.0,39961.347266365716,0.10361842105263157,2922896.013830523
ID984_DCHA,0.23747983069789597,0.12940787877259166,0.656937686098232,0.004157556934966445,2.575160333644371,1.1635380037047127,1.644231124072959e-16,84.05624195279323,22.271613941157383,0.10035427891601939,0.09250035840465043,1.8490394501405687,0.5370836314925712,33.0,0.1421878329763167,0.2451372055144019,-0.00024559056660730416,-0.1871465441160025,-0.3252786236919768,0.7309533525978222,-0.1809246187748803,-0.7846266766378813,0.8456441944411743,0.0,23702.24540456583,0.04462809917355372,247141.59042196505
ID984_IZDA,0.1630897928927913,0.11415311153864223,1.243806869979907,-0.0016656223353236279,35.6489979572497,2.553911280475476,3.51753829584208e-17,1182.358022180326,108.28398625526411,0.05076514913038648,0.08565978470941138,2.065816515387442,0.487556969635928,39.0,0.11930942294616426,0.23335291492777016,-0.00010202072021707585,0.18747736445766172,0.21603646111174923,4.530131414495527,37.48200468406269,1.4385969361148163,98.83572168029097,0.0,12156.422658481031,0.22442244224422442,1195021.0041483794
ID985_DCHA,0.5327680738951402,0.22641718293832389,1.58268987107824,-0.0023901617618704253,11.788622779752982,3.2984741973604415,-1.8791212846548104e-16,450.92614938354785,91.71735211694083,0.32544344871434283,0.19231428412285853,1.8434366587895092,0.5033802588741063,33.0,0.13154866560657402,0.22798436192985144,-0.00036371617702292766,-0.10356098423211724,-0.6504953188725789,-0.11805361477429922,-0.16737721678265638,-0.22347093205716254,1.2840649057721887,0.0,113259.73558889468,0.049586776859504134,1987711.8399862356
ID985_IZDA,0.4713698855995874,0.2129965157399755,0.7916846251543119,0.014300354236723368,7.626297761305883,2.6172936851802304,-9.364648906228668e-17,183.5355704887198,53.70785733862666,0.29199125323149805,0.1691514962907358,1.7253993048226786,0.38197950819571486,33.0,0.11651001938066195,0.19281956217670618,3.91596559230646e-05,-0.08517564850263226,-0.02122108303329642,-0.5993764603117312,-1.1057079964496064,-0.10663371541109982,0.23837697643681288,0.0,90209.52585986898,0.054365733113673806,1259953.3514045672
ID986_DCHA,0.4684127895451718,0.26535995008162083,0.8569154107725717,-0.031233085848560688,8.152748391154649,2.83575849117246,2.100126312591429e-16,295.6041930111988,79.74960495114473,0.3181917758854026,0.22466054966119492,2.1082003096295843,0.5283413426783138,38.0,0.15844161179438895,0.3096996408092164,8.905522961086215e-05,0.23513534019550075,0.09032361416152201,-0.20971661156875643,-1.5703133736962804,0.09471939000301029,1.3037304445195144,0.0,94411.71183530723,0.034482758620689655,1488898.9270998782
ID986_IZDA,0.455222155592849,0.23831310182606646,0.7375025322709657,-0.01877491340376788,8.77316223650809,2.496320711310364,-8.428184015605801e-16,295.5500579276324,63.39332169308968,0.3002549654665653,0.19118634545033286,1.6981697850664914,0.6608327664888608,29.0,0.2405431038406086,0.3557757264490648,0.00018439623898236076,0.38484807509354635,0.006807205392125446,-0.6096558427190187,-1.2137240739570674,0.03618292797544751,1.0683390787284228,0.0,86797.82586855476,0.06754530477759473,1145729.966404218
ID987_DCHA,0.47896146601120887,0.3567464241433738,0.9933022747461543,0.004935991557984729,8.467829364013419,2.545339648327819,8.779358349589377e-17,257.60097805697154,56.44388890277608,0.3519249338014053,0.29183047756454494,2.2255520770207946,0.5749436530438636,41.0,0.1508344370520068,0.31014032773911504,-8.170663570789348e-05,-0.19314398473764705,0.8102920704521555,0.0982562281198216,-1.8441123938299162,-0.2937579427260884,4.1676439137436905,0.0,107930.32913876812,0.023064250411861616,1189420.7423820212
ID987_IZDA,0.5054059214776279,0.3581368870052649,1.1083364027990592,-0.02877897584608469,10.348296598440065,3.5816619491578257,2.79557797676105e-16,584.1189925835306,110.77439844517401,0.3540772136144285,0.3026568827628509,2.0925151783064675,0.6256792348907184,37.0,0.17521290728607558,0.3323310382344877,0.0002116528428751241,0.015078085423712473,1.1092718674666269,0.02392068494031974,-1.5870815991342822,-0.11116120279569894,2.056108312607498,0.0,118871.44757537452,0.021311475409836064,2382902.5265298337
ID988_DCHA,0.5876375502382821,0.267289439272232,1.0253003945080248,0.02811398386176115,8.366970215575158,1.9856803692817941,4.674623261579606e-17,255.3772067226721,54.53717558957779,0.3505414387594174,0.2246487337886173,2.0562017769633374,0.5932805053451458,37.0,0.19299764412090875,0.3581192034134739,0.0003231665717230128,0.09684025938327379,-0.5556226238269372,-0.5317126400656095,-1.2238908611829127,-0.21190250280686232,5.270262391084737,0.0,140834.93582990358,0.019736842105263157,727549.1601786594
ID988_IZDA,0.24500267602870543,0.16686498580256576,0.5532706487893013,0.006573112155409882,5.2286956485829865,1.4004256978659202,1.400084208394286e-16,217.83405927014883,44.930452727394005,0.1089926200010941,0.10494942357278714,2.115864422095389,0.6010780833511996,38.0,0.18692787397846047,0.3580239698828495,0.00018220089154179187,-0.3348027334427137,0.36868131224688455,0.2661460150383963,-1.4842907198167539,-0.09392303392339313,2.4399807536484586,0.0,27417.30793654382,0.02134646962233169,362090.5843351122
ID989_DCHA,0.1621669645764438,0.1373017396429551,0.5431629596725459,0.0030205672755182844,5.071359307969482,1.717865070236485,1.161017542091667e-16,254.20638886087409,51.51556328977821,0.07056100477571334,0.08794217950904529,2.0188094105071164,0.48608367685966836,38.0,0.1276621888737676,0.2432874806633022,-0.00020323484136843125,-0.10420091350057903,-0.553561016050516,0.7407417771138376,-0.41437827969012586,-0.00978371903465121,1.3888813883771922,0.0,13374.370515684328,0.09477124183006536,551525.9762707304
ID989_IZDA,0.273534237801012,0.2225848672121812,0.7624284650894179,-0.029556333246147416,7.205009019025934,2.1758993964117868,8.140424141277743e-17,331.572011279914,76.6067517259225,0.15214057829508246,0.16672880936772017,2.2686556603277626,0.55834874543036,42.0,0.13379563967543537,0.2832341992752913,-0.0006257541902279317,0.3358975852938406,0.01763084094665957,0.6242254274841401,-0.98250134327784,-0.21221139996539262,1.9294104189261692,0.0,37164.76762466332,0.027823240589198037,880500.4869642607
ID990_DCHA,0.3886282530939149,0.21371446156660417,0.8044158441672621,-0.029045811507101546,6.716361379534701,2.1222473124842587,-1.4116743094571527e-16,224.79510796114621,42.35590136386181,0.23406163450579148,0.16696865346941872,1.7390288437775652,0.5759577695196916,31.0,0.1994386773246993,0.313725682518086,-0.0001188135470477309,0.5013850856791022,-0.40769523449457407,-0.2217390536866478,-1.5394137137660435,-0.102429943503788,1.2771102832043635,0.0,63416.16262446749,0.039735099337748346,820322.5739998756
ID990_IZDA,0.3380344618637823,0.14966664554943931,0.8079996417629586,-0.009507285728318432,6.990545228646082,1.8433736796595717,7.00042104197143e-17,311.2378912455614,52.56076908150196,0.18464713049114775,0.11381319296560347,1.9942300571406009,0.5759690848100164,35.0,0.1617560122110431,0.296290197885678,-5.473180955881124e-05,0.23843595931287642,-0.6539111608420688,-0.08372834828599046,-0.9556647147371624,-0.476359994651102,2.1730328141536903,0.0,46526.247128087045,0.0361247947454844,628048.9783105007
ID991_DCHA,0.3681946239382754,0.2386816865992734,0.6948435614725715,-0.005555332235451144,6.283652568032082,2.2557062915329813,-7.09360468312912e-17,187.80241100781896,42.51743338996881,0.2381294823634674,0.1813049296126039,1.7574482936832383,0.596902812360658,30.0,0.19982270017187256,0.31537747379696884,-7.596367357224459e-05,0.1779379522834197,-0.3193480805896358,-0.18749856175189197,-1.7163887003636733,-0.5127637523532,1.0929570758489566,0.0,59238.52710972826,0.04326123128119801,917319.8334962466
ID991_IZDA,0.3609852738243102,0.1858185069381922,0.6867109375940014,0.006047619595692745,6.779980968217118,2.198363433810057,-5.969963677720776e-16,355.04790026116046,56.032845505213196,0.2286351745993942,0.1503006216950186,1.5343774372180066,0.4655640965919117,28.0,0.14985660306267232,0.21583494872039358,1.0114601923723995e-05,-0.3746382100962127,0.14548237572046147,-0.26996163713631194,-1.2054398900462144,-0.6439827187004669,0.8719915999405212,0.0,54362.99546818342,0.044481054365733116,887738.7093264938
ID992_DCHA,0.47551409788157095,0.30080297295692454,1.2801433009534673,0.004661615755793824,12.688993395277983,4.219246113448213,8.026064124864919e-16,385.3833193367266,114.60925353670021,0.332358345691667,0.26066724234200694,1.8455137435353948,0.272248384271634,35.0,0.07599371825891063,0.1375214069221219,0.0002174776237811591,-0.048956809875241314,-0.04628759663292979,-0.14622085954490452,-1.4727461064907472,-0.276583365396454,0.14292026369752442,0.0,98312.36087795418,0.061461794019933555,3218792.118195365
ID992_IZDA,0.3947917639401474,0.3057059536244297,1.4450495248608146,0.01169772850725679,15.018255311960072,5.636389517370081,-7.504081697796438e-16,830.1316882523178,210.69727901957953,0.264519911164278,0.3106176905028911,2.1651567292096305,0.5016551756176929,41.0,0.11754687342716073,0.240891328730168,0.00042435196488477874,0.18231513149359957,0.9851057685700522,0.7951913734239471,-0.08665731588630843,-0.18373681900070174,-0.23703662208639553,0.0,74368.89286541025,0.1188118811881188,5821982.194762491
ID993_DCHA,0.40635979713945036,0.19975004267515126,0.7811440207182918,0.015957725667741143,5.710961161019401,2.431257215400685,-1.7011152053188403e-16,184.58095678268916,50.039010369151704,0.2436779624074551,0.16534284928761755,1.6880447823412543,0.20192793179139748,29.0,0.07554793896622955,0.1256724797334989,-0.00018077187448102292,0.24249647227312043,-0.01505810741792217,-0.21428700671880768,-1.287160151520736,-0.04401210487912813,-0.2611012024752113,0.0,54558.99163286527,0.058931860036832415,869220.1480155
ID993_IZDA,0.43067897089957824,0.1793995300207989,0.7176859734793114,0.012770378025404781,6.628776507847875,2.2646923430046693,2.842170943040401e-16,220.5460450934512,42.23752681514688,0.25418312582978514,0.15186308941636534,1.969599647248059,0.2837651314069973,27.0,0.0782174521553437,0.1508479434424491,7.230218255636948e-05,0.18038046938543117,-0.07277005944721418,-0.3557348740473415,-1.1166161155384495,-0.13093453913732597,-0.11583421170439934,0.0,40811.9720651806,0.06888888888888889,518005.1629630712
ID994_DCHA,0.4763980789645567,0.2661506893624247,0.975346734568978,-0.012598090997457697,8.611999597450193,3.619468499886133,1.8791212846548104e-16,475.5229455046086,89.95113895808834,0.31872916733021794,0.22633231183701558,1.7086138888010272,0.44687915009990153,32.0,0.13620490067250396,0.22005257089946875,-8.471911659633839e-05,-0.1616553076245979,0.8972277876218782,-0.2461498276589972,-1.2937377479720087,-0.20514098776267284,-0.2562743341342273,0.0,96012.40515754282,0.05454545454545454,2389139.7730380557
ID994_IZDA,0.574604674828243,0.38994916669993773,1.1507393430940975,0.04872348379117965,10.43203778891556,4.740855480264801,2.341162226557167e-16,344.20323157879506,120.14974673423282,0.41279325484914237,0.3347548742025945,1.696412793327078,0.21207813487590602,33.0,0.06397442524867493,0.10712709456559458,-0.0001387270556676546,-0.06614825877006414,0.8857812056203477,-0.16045075725577398,-1.5505785903610392,-0.4483315657633999,-0.06427157126898608,0.0,149617.48538147763,0.054365733113673806,4134233.9743680395
ID995_DCHA,0.43118071782673667,0.3215590664957455,1.251531438960783,0.009168842287271401,14.742837738246767,5.13733142141983,2.100126312591429e-16,895.9117737186251,168.57222265833602,0.30111290085294035,0.35784401695876467,2.1928526023267976,0.5198383077347931,40.0,0.14669554459390766,0.3002890626104961,-8.297484158462249e-05,-0.006259157886360889,0.23894572184525176,0.5975086665705995,-0.7675833690212026,-0.2381347236970627,0.6385969487186927,0.0,88094.58171701773,0.05747126436781609,4879788.784926916
ID995_IZDA,0.4864108557388488,0.43935036162403196,2.040368649112176,0.036530178835977666,22.964898992908193,7.706626730424605,-1.6524249668839539e-15,1272.361533373878,300.17824956184495,0.1720194060102188,0.2440013576195157,2.2474341660950143,0.5463650758090864,41.0,0.12945543848120247,0.27255176017918076,0.0011836116943993952,-0.25643173422039434,0.0315852292253786,0.9028142552955745,0.17195235464835434,0.008562349149355917,0.9542369980713774,0.0,120646.38678977141,0.09800664451827243,10694495.643806513
ID996_DCHA,0.39718880127261946,0.19660487773370913,0.825421022877363,0.02598829981308166,6.990884977096204,2.492881900485481,-1.6361181415528622e-16,206.08311486703926,73.87874570265795,0.22707425086171287,0.1945941866688311,2.396828556412201,0.62759466146914,43.0,0.14899718305634896,0.3273179990713638,1.1942201134337503e-06,0.16442033321226113,0.12389276003044203,0.30644870227854004,-1.3388042048878954,0.0579750051573019,0.4667901911370156,0.0,65450.28855402933,0.046052631578947366,1145738.2087311076
ID996_IZDA,0.3804699113383478,0.2542818587007519,0.8940146325417294,0.012604741719961005,8.373413616475679,3.1576513158496033,8.676594463077131e-16,463.4488277288674,82.0626979843138,0.2313177433809577,0.2261439627276958,1.9808127532436344,0.6802891574474528,34.0,0.18994500705823103,0.3350649003496856,9.171593307626911e-05,-0.45721247033647816,-1.3724148243046939,0.33209344048142714,-1.3546759058497433,-0.3892060019647876,0.16446923593624785,0.0,65013.11675423871,0.04620462046204621,1827848.5259647365
ID997_DCHA,0.3992099642323293,0.22294675117079019,0.9184982774807645,-0.011100583519647352,7.241082206075828,2.7530013248109086,2.5710427938687837e-16,367.20546526344305,72.71864630031348,0.2590686764780748,0.18251054663365998,2.0219961993720443,0.6527367531299323,36.0,0.1696399158381412,0.3098914133910441,-2.943800171184003e-05,0.6647699724808289,0.03685602995046035,0.08800146556918755,-1.5060641291260124,-0.5286900425849952,0.2064804562982676,0.0,68084.73269212096,0.04769736842105263,1398354.171343899
ID997_IZDA,0.4518841331549665,0.27159387607873,0.9194331362067537,0.028566657387244683,9.772172281421232,3.6914934550025618,1.6469533610333448e-16,470.3359228812182,112.67519008311989,0.27436015738660663,0.22691852902133608,1.855594593330908,0.5678623534417863,33.0,0.14407891967619701,0.24796626487996007,4.1233751193835864e-05,0.04636117617254376,0.791945115654314,-0.0036500588871988516,-1.515624122669728,-0.4865415312931332,0.24004381514338613,0.0,87927.82948960106,0.04966887417218543,2481162.645587259
ID998_DCHA,0.34956241842916896,0.22275787006823888,0.7561832397583665,0.011867311891215985,6.376029971714781,2.751618873470754,-5.492117764329277e-16,342.01854411554746,58.497015680850765,0.21870964881426688,0.1730435131501692,1.7973667657056356,0.17377366778675718,36.0,0.05213652278468506,0.09288734997700483,-4.300704875370448e-06,0.004115419548071042,-0.5038835857242111,-0.017857115444307927,-1.4758993596006373,-0.522186114284093,-0.256642115446684,0.0,56675.218371694406,0.05958132045088567,1456361.0751902694
ID998_IZDA,0.279635810916508,0.16674512066377048,0.6534241695069964,-0.014694809742108447,5.7032776345872165,2.468795920731248,0.0,298.59974312606624,70.55695184696738,0.15275470939818395,0.13404387076812108,1.8895465863475693,0.42001113708624616,35.0,0.1050536558968018,0.1904372589170214,-0.0001410050033756057,0.16490536752056006,0.002753012713885422,0.1718941094471173,-1.1782396164280053,-0.2422325744239935,-0.8232007463205346,0.0,33701.69636795848,0.05785123966942149,1113129.491450545
ID9992_DCHA,0.3448736590282216,0.22485410638200704,0.9958980966155307,-0.02807153083309631,10.47611277889377,2.405697191336251,-4.591199215680647e-16,307.2427330502863,55.80198472488733,0.22608517051487148,0.16892170209471677,1.78513818346298,0.6298052016498704,34.0,0.16646403639262752,0.2700316912004355,-0.0001114088483662172,0.19279145631040584,0.2254092661609131,-0.029499475409398578,-1.293309537215274,-0.014667140140009412,1.0004980775681283,0.0,60914.37187969223,0.046153846153846156,1218528.9600552134
ID9992_IZDA,0.25771861140159547,0.17522032380763167,0.6831204536981351,-0.02018477907269472,5.873284800674875,2.0754716781949782,2.2239209256967142e-16,93.59757062136369,36.859619615185615,0.14451008879975955,0.12797753213464325,1.893499935675046,0.38923102625061545,37.0,0.09407720602220616,0.17209311179177061,-0.00022577298473785263,0.23103857885867107,-0.20791337913021568,0.4892040141964276,-0.9955736971873086,0.07451121543681802,-0.2714277470136981,0.0,33378.433658494345,0.06729264475743349,877855.1217749678
ID9993_DCHA,0.34852952844983237,0.23613553158246892,0.7625797816882501,0.014038447384288343,6.002392766889811,2.4863445030628704,-3.7929327531677947e-16,320.6572265705421,67.26949905984414,0.21174450499622835,0.19033878504434176,2.188717905849933,0.7112180346632346,35.0,0.19079304186047685,0.37021860946462876,-4.027192796664643e-05,0.30338866078443383,0.5498446620263404,0.0509481986938915,-1.5532344599255437,-0.05466422510496445,0.5165013898121988,0.0,47156.28215412705,0.04092526690391459,974025.6726479572
ID9993_IZDA,0.3478785115473273,0.2582463858803906,0.7522799697458713,0.002508487130605241,6.194485661004595,1.9215908430214947,4.3928453524581154e-17,197.2727809022558,44.42213018487809,0.2075070699153372,0.19424879116258942,2.140471868797861,0.6291526232890293,40.0,0.20532159177588474,0.3928012766735302,-0.0005342871024811403,-0.1782153598592373,0.003290119128006641,0.1274463542364772,-1.6159146398951965,0.12030252759444843,2.17082418773502,0.0,64596.05883668145,0.030911901081916538,768403.6784849302
ID9994_DCHA,0.3331417292086781,0.18730355463581724,0.6659347283723582,-0.004216079539542933,6.470387469281692,2.7313820317256035,-2.6118529969460657e-16,911.5781262301565,87.75554881547951,0.2098234587105563,0.1313174527915797,2.061270630372546,0.29177712212039086,40.0,0.06226866713020963,0.12613618042293565,-6.453448277131456e-05,0.04163545659549461,-0.04939705770568094,-0.05424207655172544,-1.557506971716056,-0.9731334322243772,1.590369895759137,0.0,184130.33793692282,0.03341687552213868,5339406.294669285
ID9994_IZDA,0.305924856277818,0.18612794571992516,0.6236576301074064,-0.008599994994742623,5.423282122509809,2.824970891032874,-4.841858506031347e-17,407.7678234232285,84.7266771717775,0.17204855806256877,0.1435064682921486,2.0217136281196972,0.21421190153971126,39.0,0.05087961925999209,0.10177843433865426,-2.9196706733676087e-05,0.15968101626968245,-0.030887644766176534,0.11954972454695961,-1.6306982102451304,-1.2249210070908263,1.6146689970488577,0.0,152846.73557570626,0.03492333901192504,5494837.148603328
ID9995_DCHA,0.2492531933543921,0.18128685319075996,0.6794932915165366,0.00743453566776633,4.318477875073539,2.057033658886872,-1.581494165443784e-16,102.16348432357397,34.320117780126076,0.15054411346840668,0.131892581689521,1.7061646441274743,0.10548562324089028,35.0,0.03731311613260849,0.06341721016914376,-0.00019398999103596034,-0.0635843221233594,-0.16572490489472128,0.4100674443044694,-1.2720445490919727,-0.6475342563531806,-0.14916275030962156,0.0,31071.045413635027,0.057233704292527825,835721.3185627759
ID9995_IZDA,0.2565731279646358,0.1708171679256852,0.6550919906287836,-0.0007551180717708048,4.434309545735448,2.0807130178876596,1.1137033475863639e-17,120.21536724892037,39.80854967812309,0.15476647847521802,0.12034662558703443,1.8775057108334805,0.26216102139986297,38.0,0.0637006562928332,0.11773575768988007,-0.00011676824916246044,-0.13042164189423877,0.03136497573288523,0.34218832800543425,-1.2894381737156244,-0.5869133115262922,-0.11832630324140014,0.0,32724.760858620357,0.05956112852664577,879702.4758158248
ID9996_DCHA,0.2779823178676636,0.11839287140492476,0.7288311806989745,-0.015245416394781148,4.908612098128661,2.372652060558257,5.0990586341598455e-16,160.75296898475926,60.599691404987844,0.16206589745206496,0.09831069604692586,1.9284915446201139,0.46200477746415114,38.0,0.13462572892129807,0.24510085372246487,-0.0001569158719471834,-0.0395127173939267,-0.6120358435431124,0.7615942696595739,1.1520586266030213,-0.014722736829494744,-1.333963791779282,0.0,34625.3236649352,0.1419656786271451,1154263.843612111
ID9996_IZDA,0.26445160773625026,0.10429344663243273,0.6223314004732229,-0.0154836201968697,4.599393535649281,1.949490120936539,2.573619357871229e-16,117.89524190751328,47.91649638614693,0.12800688329876855,0.08622471688414615,1.9886228760145002,0.5275692855995175,38.0,0.13694013800442367,0.25459313393705707,-0.00010546649671778501,0.002438468292837559,0.2864776882722723,0.8199858771333062,0.7352568505277302,0.026242861998303557,-0.6756255068830135,0.0,30388.830993374344,0.14803149606299212,765033.6401640626
ID9997_DCHA,0.15039898345175703,0.04979334133406784,0.35863896123379585,0.0053759506945974655,2.6023767610928763,0.977506051147354,1.246566203087895e-16,148.52492934343726,24.96396192395207,0.0463340350482165,0.039289248321181816,1.9774367187175172,0.5829142603641428,37.0,0.15607701852414688,0.28447535396026874,-2.0397638841678652e-05,0.006392257926784772,0.19970762200126618,0.7897995876949768,0.043176379945425225,-0.18937306804087822,-0.5189383224921054,0.0,9379.06102433029,0.11642743221690591,187435.41411775764
ID9997_IZDA,0.1813200249719433,0.06240748793378293,0.39162128152729503,-0.0010082136697727683,3.1308744100704824,0.7905986349246265,-9.153529607215461e-17,98.79181446674559,21.037194392516962,0.04103264472427935,0.04128817910200384,2.2445828607482823,0.6330310044649744,42.0,0.15532052214905437,0.31873592493128533,6.7415621015202e-05,-0.06002758007542708,0.0808357056040665,1.601134884266996,1.8897225481204423,-0.11126324093972062,2.4666913432643716,0.0,13428.439194489336,0.0499194847020934,120214.79375421986
ID9998_DCHA,0.20969289214413916,0.12979452157940127,0.5398170906022614,-0.009736068702135317,5.251618337413401,1.7649572434509804,2.7974123455122054e-16,313.40329712553967,56.689324803805704,0.09171984572403998,0.09290083268219694,1.988835249030329,0.5367406447205364,38.0,0.1352844753926207,0.25167329068513744,-0.00020208966342445849,0.037573670351312094,-0.13442737515599468,0.6245760191671629,-0.6437461094762207,-0.28930439485395915,0.3792277699101181,0.0,21120.45495512168,0.06299212598425197,623517.6552773387
ID9998_IZDA,0.385082536732134,0.17581449167773455,1.0153677073387093,-0.0018338538651308052,9.667164781185758,2.140390828312098,-6.488974755800001e-17,560.9560758970127,74.75018320297724,0.20770853859460714,0.15356893366310173,1.8768020606686422,0.6344390636448295,35.0,0.21979267752377055,0.36470657897018843,8.391430151682824e-05,0.05822233268309662,-0.35118863921595733,0.08515532993928271,-1.0915812779355623,-0.11217518316222294,4.2794622015940975,0.0,70667.65422160452,0.0395738203957382,979739.1115582515
ID9999_DCHA,0.29545981608939875,0.09520039750740229,0.6352268904170698,-0.0034098928184952103,4.645786373479202,1.828515168855361,1.7743405433282865e-16,121.74759212277664,41.64639145849619,0.10052801926929307,0.10380606721509232,1.9639920522871395,0.6683402700649315,50.0,0.18502817705420205,0.32531625956319143,-7.528385900817181e-05,-0.35311308668667807,0.10738319416906783,0.7151559163396753,-0.09552614265107895,-0.0760371723421751,-0.5608602662584015,0.0,71269.36431748027,0.11577752553916004,1296034.66933922
ID9999_IZDA,0.19377226246544793,0.08953393910089892,0.40307568244435865,-0.006054348757055324,4.219449680515606,1.355554421704526,7.296972896124263e-17,183.3075496722601,38.17616282207701,0.06575330971884029,0.05554758178410666,2.079495672509503,0.4469977695477901,50.0,0.1061951566692209,0.21119494992188043,1.6224317153340875e-05,0.29927987250900023,0.31127857426669175,-0.09286215013225689,-1.005469819009028,-0.06064140887440883,-0.2699920673702265,0.0,25214.43831496019,0.06546854942233632,556073.7953065529
ID999_DCHA,0.5004771435822637,0.24984546754965273,0.8861608152403392,0.005450837410944735,5.919165221140202,2.2737300513050127,-9.349246523159212e-17,151.50200743359036,40.18787972701219,0.3418586349014754,0.20200208581069967,1.8566929189888741,0.700757922628825,31.0,0.23959761999431925,0.3840331915785355,4.8599730023081055e-05,0.36236343143474525,0.19929006009562522,-0.15776844891445774,-1.547119351243438,-0.1640368007130331,0.3348526998612744,0.0,104111.21348232985,0.041118421052631575,953989.7975005463
ID999_IZDA,0.3689629199246377,0.24132015875409152,1.2418355721223968,0.01623975994989308,12.085028942974953,3.356824443808398,-1.1256122546694657e-15,468.25078299493845,113.0802863773407,0.22107006492750245,0.210834389769534,2.055524605340554,0.5818895830476513,37.0,0.1587606735204975,0.3001014066506226,-4.68437292327109e-06,-0.28067587405781835,-0.9689611691518476,0.663264040544606,-0.24218643551340557,-0.4157236203202373,1.0527225056873197,0.0,60664.59858106702,0.039603960396039604,2049583.2112728558
