ID,SMOOTHED_AMPLITUDE_mean,SMOOTHED_AMPLITUDE_std,SMOOTHED_AMPLITUDE_max,VELOCITY_mean,VELOCITY_max,VELOCITY_std,ACCELERATION_mean,ACCELERATION_max,ACCELERATION_std,DISTANCE_ANG_mean,DISTANCE_ANG_std,FREQUENCY_mean,FREQUENCY_std,FREQUENCY_count,INTERVAL_STD,INTERVAL_CV,AMPLITUDE_SLOPE,FREQUENCY_DROP,ACCELERATION_INCREASE,SKEW_AMPLITUDE,KURTOSIS_AMPLITUDE,SKEW_VELOCITY,KURTOSIS_VELOCITY,FFT_DOMINANT_FREQ_AMPLITUDE,FFT_POWER_AMPLITUDE,FFT_DOMINANT_FREQ_VELOCITY,FFT_POWER_VELOCITY
CONTROL01_DCHA,0.5529588757347156,0.34130299980366413,1.0458139031359484,0.030586978951750193,8.210663248874665,3.7892913500082246,4.221045955010496e-16,178.0811161151931,65.23181836317072,0.4049243689997968,0.30185286282017304,1.7939846994491102,0.39901495637095125,33.0,0.10654660416384718,0.18369037810797764,-0.00012885238291743926,0.08645530548590452,0.03194031768780718,-0.25789391205979356,-1.6368565008798786,-0.38741463300101586,0.01320349304411872,0.0,133641.31987039887,0.054455445544554455,2632391.456138805
CONTROL01_IZDA,0.483681756576212,0.26153694211772194,0.8408685315591056,0.0301723600444921,6.066815090027118,2.3676324451853765,-1.3932210505100003e-16,212.14538034958517,45.13363677414518,0.2880416500324419,0.20359116525138887,1.7150479296135976,0.5877174319773559,30.0,0.21065727457836222,0.32341511644235754,-9.602646109868775e-05,0.060052291549730796,0.02416571726205103,-0.49838934508147825,-1.308906716126061,-0.5946200797138119,1.0854771359558892,0.0,100412.28937510178,0.03758169934640523,1047987.8549967082
CONTROL02_DCHA,0.3345398974912024,0.19717575660591252,0.5908402743365833,-0.020393121688061445,4.43146544859431,2.300021542471683,1.4210854715202004e-16,141.69638432398966,39.66278368604625,0.20777345565590358,0.1406140328065673,1.707700618494798,0.26360005672963066,32.0,0.0911653767936414,0.15214515486254615,4.280809878265882e-05,0.31729072907031974,0.0627210357357732,-0.3075538598540534,-1.5488207669797591,-0.5838993552117127,-0.09433136599701486,0.0,47276.476193566414,0.05166666666666667,950757.6203414724
CONTROL02_IZDA,0.3452490237975679,0.21770955850023213,0.6168583225025298,-0.0118669362685634,4.942453196005794,2.4290369888314656,1.1572357259936485e-16,181.7690022578701,47.34108337233575,0.21882671680294827,0.15745647879635538,1.6120386175654644,0.32702888926851204,31.0,0.0907120593512547,0.14221354937335287,5.604531912776494e-05,0.19222042604548228,0.17586830951221932,-0.2657781446623888,-1.6310304093439196,-0.719518592460668,0.25836243874868314,0.0,53856.51767562405,0.050488599348534204,1110421.3867925568
CONTROL03_DCHA,0.5154045588957215,0.25234001930421307,0.8907972346451866,-0.0020811816266052556,6.056822108660543,2.682107122295379,-3.326955953391773e-16,150.51014265314777,45.45759919692476,0.30359526242043483,0.19026813437922263,1.4645190864700162,0.14698265369585073,28.0,0.06883245717315134,0.09982148155951816,-0.00012388668940934507,-0.05022110325659557,0.12200875881166143,-0.3846907929609209,-1.3696222601806205,-0.4268827025038407,0.21846669137412178,0.0,106360.83515744121,0.048494983277591976,1284035.5650511214
CONTROL03_IZDA,0.3953698086715275,0.20938815490607726,0.7707803692744113,0.019260830794229994,5.435674677533047,2.139377616299316,-1.7558716699178753e-16,93.11382238045952,33.45066444391239,0.24258556559397312,0.15372987483947437,1.6122228063458608,0.47791006065438835,29.0,0.15844246416154273,0.23839202498070633,-0.00022707686682579538,-0.3628323906690465,-0.6004435311280975,-0.44470706854565395,-1.222678656291651,-0.12923726585303894,0.2245462408793233,0.0,65658.65885356747,0.047775947281713346,841891.294837433
CONTROL04_DCHA,0.5084432033031193,0.27221795749650096,0.7811023393227474,0.0029750086221172756,5.358367015595968,2.461296123940512,-8.022256694065647e-17,212.17822222114003,45.93940697031762,0.33992383755039923,0.21917421890536226,1.1870258753375142,0.3210082958988366,23.0,0.1591550901120687,0.1802682464772627,-1.945831227921248e-05,0.18851361599659677,0.04222955675307088,-0.6925467574123381,-1.2350474333202701,-0.7957260558407174,1.5678528494236863,0.0,113592.4636846435,0.035483870967741936,1162296.561136658
CONTROL04_IZDA,0.49683765795422347,0.26489361246033477,0.7806923768836734,-0.03121851162951561,5.427031896154713,2.475144720621922,-2.337311630789803e-16,247.26143795504666,50.99919956855656,0.32672906149485464,0.2169247677542306,1.5288940058887996,0.5569350496026555,27.0,0.21945315566818768,0.30168539310815695,-9.502780905204743e-05,-0.31632098307718426,0.014592929868188446,-0.6164328145066874,-1.344410107352356,-0.7311789220107845,1.5224580094281164,0.0,104198.75472895431,0.03782894736842105,1130417.646433384
CONTROL05_DCHA,0.5871854251139371,0.25636360206205633,0.8419481113916155,0.031654568415321896,6.506147250851914,2.3803654978556157,2.3107080837726835e-17,200.93067966074736,41.102557345417814,0.40972259434007585,0.20184809171721502,1.5511428798054412,0.606252306214408,26.0,0.23727813053039232,0.32456049130369696,7.298589111599166e-05,-0.44836267634965976,-1.0734950470750335,-0.9529526976777954,-0.6057105098072642,-0.14779261156353565,1.2383635260084782,0.0,142815.64994278943,0.03414634146341464,1069594.1094442725
CONTROL05_IZDA,0.6601281706261959,0.27173643998840125,0.9245311961494473,0.023428544820143997,5.927562307584394,2.392136660105755,-4.7212141910970113e-17,154.9921305667171,35.9664795660269,0.4681404549399995,0.22927215532024314,1.1693166721046542,0.32857764723152394,21.0,0.22015886529486922,0.24120076018321945,-0.00011259381631561517,-0.2969558409216533,-0.19461920019187529,-1.0120748332101326,-0.5452490191305599,-0.3993509495304141,1.4660620830590538,0.0,171282.30664573793,0.06478405315614619,1035359.6594346769
CONTROL06_DCHA,0.5155473116150492,0.3040360596352207,0.9508143330501868,0.013318828363752238,9.62480550743042,4.487276405153109,1.2337397984258975e-15,289.71277317974756,85.64296216063933,0.3533781263819904,0.2675350902841383,2.2786598137064495,0.18601459528086242,45.0,0.03466593782076637,0.07849497161715231,-5.460845700829491e-05,0.18756548930838512,1.2371582628120974,-0.07475081374165878,-1.6111849763896056,-0.1031980154365262,-0.8189500530728537,0.0,120681.83893284913,0.07234726688102894,3887327.355131918
CONTROL06_IZDA,0.4617590522698724,0.2905847876870263,0.897711654708635,0.03415325236872149,7.961729952203261,3.3831583377488688,-8.521906393232968e-16,241.3306216300954,70.42314096419565,0.30605213337126697,0.23137876467702945,1.7232464061592607,0.305720571709991,34.0,0.07721747121931745,0.13014352576323673,-6.219524092602153e-05,0.2576117281406869,0.21479498843414319,-0.01887388146848004,-1.7188174978411754,-0.35541315879427426,0.035517479625549964,0.0,97216.98245484721,0.055105348460291734,2170955.1312047797
CONTROL07_DCHA,0.5177840756365425,0.3191155545906981,0.9365701760436517,0.03267619141784151,9.970706510555635,3.3800872250882357,-3.9865434019543574e-16,198.7954316975526,63.13232699283411,0.3459320143439701,0.2612453654008659,1.4560828673991735,0.09524378712085703,28.0,0.043455474587267943,0.0630195409741278,2.908083613462754e-05,0.07173932967330843,0.02584516444902358,-0.23904589880564087,-1.6633492401955579,-0.4558240958767862,0.3387559531829609,0.0,117123.9231118092,0.04785478547854786,2094706.9211472608
CONTROL07_IZDA,0.43531112953195744,0.26401488623950814,0.7684553801301117,-0.030356517774536462,5.937150325088679,2.85642896717924,-6.977506406809494e-16,230.9478405741191,68.10597970583899,0.2701211438635316,0.2067715433379352,1.8785669018977327,0.640171329905133,34.0,0.16048633245237237,0.27410470220284755,-7.24049782919552e-05,0.28829783961504507,-0.553827309865442,-0.17247669695184406,-1.727799834061734,-0.5436201284000534,0.5904777226516358,0.0,83731.7511377461,0.0458265139116203,1516296.7649531488
CONTROL08_DCHA,0.5972206392151075,0.27642734544139896,0.9749420760415375,-0.018662457507863373,6.5359838248290485,3.1025434886737155,-6.49109187643811e-16,230.8103049357528,60.970961745952195,0.4053756152252454,0.23396076585826156,1.641332786491573,0.4997094388777673,31.0,0.13890297059472148,0.21380534263828266,-0.0001356920082559136,0.07707528028864696,0.06945221119532469,-0.6985798069227765,-0.9952268025633737,-0.9163828411766307,0.6325193131915432,0.0,148359.36496972013,0.04404567699836868,1804610.0186579782
CONTROL08_IZDA,0.4979023060142523,0.22953091907701895,0.8273066575954272,-0.0024282865684094614,4.729524256061562,2.498039119747222,-2.8047739569477637e-16,215.34550171408824,49.5008307261428,0.3250146447391278,0.18953811248950792,1.5415462733270728,0.19607688224610523,30.0,0.08569329894906533,0.1300116806485376,-0.00021053102758277324,0.10425648856424252,0.11770157228216674,-0.5113526118163318,-1.0454090324842653,-0.9224880199123279,0.5898197874291582,0.0,101363.93590374634,0.049342105263157895,1151471.8594973758
CONTROL09_DCHA,0.38995746616198534,0.2069182120458037,0.7143738559214943,0.012373647068550719,4.343005607668558,1.951635239152997,2.341162226557167e-17,152.8121166577793,34.41061405349157,0.2109772516092354,0.16209768457000065,1.485403553800937,0.4560852171846114,28.0,0.13766491434630268,0.19298819768173506,-0.00030113143803847745,0.20792192443885926,0.2680107616237836,-0.10872966784248732,-1.356337131206684,-0.6481021164682594,1.0232311904267908,0.0,63903.36218984601,0.044481054365733116,699843.0779045033
CONTROL09_IZDA,0.430935959807107,0.23593439019218665,0.7592652607333888,0.020156169378261497,4.10439948608783,2.1485998727105278,0.0,88.70004995185731,27.420400356670623,0.2843741856992755,0.17785283992732742,1.3186365404104987,0.10360415710823782,25.0,0.060229894937216595,0.07894019461011263,-9.84043607656459e-05,0.04024001846069991,0.2681705718124635,-0.4021528338313546,-1.3994453742416118,-0.48911768653049537,-0.26145706419340486,0.0,78661.02071478055,0.042833607907743,849207.4031811972
CONTROL1000_DCHA,0.4156311956408654,0.25018161602537164,0.7365168479162815,0.02120089646024012,4.899859819822398,2.2360230126982445,-9.411162063047685e-17,132.29547856462676,32.125582541677495,0.26537404730559433,0.19358171049995407,1.3126908763799778,0.38407341585635485,24.0,0.12925518252087376,0.16234840079751556,-0.00011244681819297625,-0.15928696188273217,0.6452051706837012,-0.39471722316845914,-1.4960111249911932,-0.5359029706618046,0.4822535975966775,0.0,74419.87041888651,0.039735099337748346,910511.3589339462
CONTROL1000_IZDA,0.3699722210540618,0.21342934513347714,0.6237814554008162,-0.003875406092622085,4.9550209634648725,1.955566841714969,2.220446049250313e-16,76.84282584529363,28.284396783887384,0.2191546366264875,0.15222230527059663,1.467101567256167,0.5059168807858521,27.0,0.1826306398977905,0.24688053791257028,-3.28659870247674e-05,0.012456356673301361,-0.42093996611168516,-0.45949233938891226,-1.4603984589667243,0.1349574777526893,0.32931308743645893,0.0,59005.03650066082,0.041118421052631575,705668.5120059812
CONTROL1001_DCHA,0.36324463789130085,0.21725808009682573,0.7235326270052558,0.020767873509811546,5.061486955158333,2.4267681711153406,2.3450255305613868e-17,109.82980941950959,35.48584779694151,0.2141317185704696,0.16417230012383333,1.7254004550229443,0.12665695722761017,34.0,0.0413656156876721,0.07100716024967263,-0.00016807390788821082,0.07766988048655121,-0.5838079497162667,-0.06628372809637186,-1.5578205850352946,-0.15365601455881683,-0.599339352153478,0.0,57108.20601103883,0.0594059405940594,1079737.4303679843
CONTROL1001_IZDA,0.38842646463058594,0.24458579314115084,0.8618413521646549,0.0025682852519537495,7.525216111900132,2.8513294726543097,-2.3334736806571436e-16,194.96204278009176,49.296320591577725,0.12798551342205894,0.1307949606356521,1.8186020902179634,0.2714580279628748,35.0,0.06452800521316489,0.11542094898610321,-0.0002033758272597304,-0.0412230448769213,-0.26971302831040395,0.24827904901160158,-1.4508677064395221,-0.036548751452971984,-0.3642758319216606,0.0,67031.84393661677,0.05747126436781609,1504806.862651026
CONTROL1002_DCHA,0.23120376015304733,0.15691789305151285,0.5334941457733056,0.007575272570576233,3.7461814708446943,1.8895323683849992,-2.341162226557167e-17,131.04344887066532,34.34657227345586,0.11520417055420058,0.11507550026326836,1.9680893644879704,0.24402166169837797,38.0,0.06513868665413242,0.12624320166398187,-0.0002643693536003335,-0.3024301357212724,0.12195329568007346,0.4086788829301837,-1.3362635743463562,-0.41810443140450376,-0.3158703096990343,0.0,24224.233001937606,0.06919275123558484,656638.5776499821
CONTROL1002_IZDA,0.2621211340454831,0.16552402121510787,0.612764142946692,-0.015123794302392326,4.542425406663727,2.4221068968181796,1.638813558590017e-16,134.75052746174893,45.23799383971551,0.13246628857907738,0.12906029438109448,2.3884207016064276,0.373702435334407,46.0,0.0789598232997981,0.18337821210418828,-0.0001547539335230712,0.2893032595514735,0.0802154170280089,0.29538226318087857,-1.3416049373835641,-0.25740674106609435,-0.7549596616906529,0.0,30354.30664726626,0.085667215815486,1078984.6855720845
CONTROL101_DCHA,0.32056882153533145,0.21358080363885198,0.7499876184296767,0.011723042876490244,5.7573496749673065,3.3776936409843894,4.970410234251893e-16,160.63570216025448,62.04640022908994,0.21045833653420687,0.16868674774237857,2.6461402585278697,0.22494095887422996,54.0,0.03243834358803735,0.08522340745718644,-0.0001532016173279665,-0.01308919313991197,0.1416863045800073,0.32902393154120535,-1.342686267608541,-0.18471404424550253,-1.058115900898762,0.0,49667.342552178336,0.08426073131955486,2253338.7286986434
CONTROL101_IZDA,0.36665338525263974,0.25474915128406594,0.8789455013331512,-0.001954545279911408,6.778727766026026,3.672410486264926,1.1516089720585092e-16,122.16713015445319,63.18105080457777,0.24977869444229486,0.2018119100834446,2.4596633200794944,0.23937005182897453,47.0,0.0394889075720811,0.09623483726763589,-0.00015703879822774358,0.06243869653187639,0.48137861545396055,0.3313623829775687,-1.3636783536782164,-0.2196394180580137,-0.8616067153325755,0.0,63510.59858837373,0.08103727714748785,2562926.0822414616
CONTROL102_DCHA,0.5044946547230055,0.3190655500092694,0.8929335268446752,0.0037862777658064653,6.711261635011222,3.262785570777232,3.240260032782216e-16,232.19940972670332,50.18026030839421,0.3455320923757672,0.24277686734904497,2.0517313750396395,0.7404029436487032,37.0,0.1625496184290339,0.2984268652807906,-2.2298481269528528e-05,0.40620076055554555,0.10964510624379131,-0.3271183057008389,-1.5900903234452977,-0.20735639021248242,-0.0529025014200446,0.0,115109.44017516001,0.050488599348534204,2003401.946727571
CONTROL102_IZDA,0.4608369486898244,0.3547623479471365,0.889840641546613,0.00152638019786845,7.123440445398917,2.994924037531844,-2.599546594244269e-16,123.95539592615178,45.264905883729085,0.32975993781689134,0.27065405942030335,1.682112826860387,0.6645644227231421,29.0,0.23093613817556782,0.33847171414208627,3.670060138159709e-05,0.08718244141259768,-1.0258671804101007,-0.15180360976067575,-1.778963820989576,-0.11696970493259526,0.862924541993229,0.0,104086.1970701881,0.03739837398373984,1693469.3418851674
CONTROL103_DCHA,0.5516078623806013,0.374861945376981,1.062620777130251,-0.0031936208286006506,9.106122486949836,5.40033996197973,1.1534784671430197e-16,370.42903894233547,104.74261257990669,0.4148417590281307,0.344014047877928,2.2217939948788175,0.18657313127520364,43.0,0.041384024232679326,0.09125707907719062,7.066586864280439e-05,0.02393993728027377,0.024619134091538666,-0.10219432699681358,-1.6381298904793886,-0.2546641827350195,-0.7710464894998323,0.0,142074.29491115804,0.07467532467532469,5521049.065197768
CONTROL103_IZDA,0.5598172165260834,0.341853445642626,1.0086688785696012,0.0028209058604513992,8.540954687192256,4.820303782883415,-9.704973951845272e-16,261.2108814731355,84.3943435098244,0.42188816953347374,0.3131334433259275,2.258874458874467,0.21502913454939426,45.0,0.05234684368608797,0.11700039565599174,-5.6445994492054976e-05,0.14153435497309053,1.4735773653909856,-0.20598674882585136,-1.6007441693482718,-0.09160602258956912,-0.8051422207906564,0.0,140598.31756734668,0.07804878048780488,4386678.590562038
CONTROL104_DCHA,0.48558473675245606,0.32211675784771426,0.9465808482034389,0.020736579333110572,5.750234995291089,1.9351267472237814,3.2924999713846197e-16,265.9586647100243,48.12730162154742,,,1.7216045755791836,0.7084854460427188,29.0,0.3313593397795602,0.47325858189228887,-7.105996048395139e-05,0.3005169274608559,-0.4636910581459085,-0.32519306895474315,-1.5960447418311836,-1.0935489506146339,6.5156953953608205,0.0,128716.01729816523,0.02092675635276532,836014.488882418
CONTROL104_IZDA,0.44196915627519745,0.3095436814773112,0.8019695712509334,-0.03306165696047841,4.953646665891689,1.4687230424424407,5.559590108046586e-17,69.32441483184559,16.686618080511924,0.3098771377124678,0.22883661489422863,1.6188652536145443,0.6724234918293832,29.0,0.26669239135180656,0.37107036085680284,-0.0002197675750743614,0.13329911503780156,-0.6160130431841552,-0.21657757537496677,-1.772719753878235,0.0033501217757293945,2.4328502115338084,0.0,104326.81978715834,0.01984732824427481,462492.272046897
CONTROL105_DCHA,0.408631132536972,0.266607083955652,0.8891136447172356,-0.0005371809160803152,7.022770426950383,3.938522656068464,0.0,217.3905598662689,77.44205848119344,0.2482613840054453,0.22474219486887814,2.301162627249546,0.22783091951129053,46.0,0.042409196224235286,0.0966720694117281,-0.00019703175270740828,0.26564609897942804,-1.1948523626881236,0.13996445824277398,-1.520988523797435,-0.444722654270663,-0.7798892446773644,0.0,78581.13821480975,0.0738362760834671,3004623.9727572473
CONTROL105_IZDA,0.2908644577286853,0.21110014211084568,0.803236117233368,4.7364189865536476e-05,5.420965824139935,2.8405716353507953,-1.1460366705808067e-16,205.8676007017533,52.87259090788259,0.17910854880982227,0.15781123801302144,2.0796972827784805,0.19935125497591327,42.0,0.04661029053410354,0.09605842128561484,-0.00018759703005013113,0.24699657052597845,-0.07974535499638052,0.47226647736416316,-1.175300147594431,-0.5785259490652336,-0.43921279312903083,0.0,41072.25533020329,0.07096774193548387,1548148.7774372029
CONTROL106_DCHA,0.4045188810528452,0.2656524130569346,0.8939115988798,-0.015923055519310374,8.36548927507925,3.848144561518502,-1.3664283380001927e-16,216.12769464275345,84.51953446140892,0.24899964731819507,0.24675097698113796,2.143127116929397,0.1943269819153056,43.0,0.04629452144457605,0.0983547130771453,-0.00013976175555507832,0.0703390163146036,-0.06426519202430944,0.2641072446544948,-1.4757162847199354,-0.2005299382018189,-0.43124237210452554,0.0,77432.67335810878,0.07211538461538461,2877438.4013690683
CONTROL106_IZDA,0.4578076781192712,0.2539593008397319,0.833283713646671,-0.004415421744245925,8.516739183300153,3.6838386909131886,9.659946558672057e-17,224.40878236675076,86.08164577716117,0.25668524480817156,0.22955544057803318,2.145464584108267,0.14538360690677338,45.0,0.0324649641182445,0.06933051582145879,-0.0002551767331869511,0.02655092535162762,1.0646233674232337,-0.10173560705021989,-1.583989477758747,-0.14358774547031877,-0.6427017264276835,0.0,105961.61704491008,0.07099697885196375,2969100.722931421
CONTROL107_DCHA,0.5163044936600641,0.274771547262374,0.910657998709062,-0.02768075326003122,10.110033224950074,4.131485476341361,6.410095016796011e-16,276.05830989677145,101.16579794468939,0.32459620732881256,0.23066605465000548,2.2495275940534167,0.40651529740541664,46.0,0.11685222068356496,0.2519053973316293,-0.00017078194568312952,0.04380936012724934,0.9831580218548961,-0.24902949613633169,-1.5234042096287435,-0.19819102072833134,-0.45558104890850437,0.0,130135.81303658603,0.0764525993883792,3639778.1088770097
CONTROL107_IZDA,0.5320215822657963,0.5920544538148134,8.999637759826216,-0.00022461989969649993,242.3229162847887,13.402286964332244,-4.537573348830828e-16,7189.922389538833,547.241424872642,,,2.297265729877207,0.2596175409942148,51.0,0.053896134970471174,0.12214671806711838,0.00021808552443536186,-0.04461450052654303,0.03402305988641646,10.868224649839602,145.92699083707183,0.9996478957963971,284.23729019707616,0.0,217393.8367210179,0.07692307692307693,42373160.98390711
CONTROL108_DCHA,0.49138887282119,0.30093896050661356,0.8700183457883538,-0.03354790004270204,5.405507682990324,3.267914228430425,9.364648906228668e-17,237.11777639581445,59.25447779482627,0.33073638690094864,0.2405295614803057,1.5048851172499929,0.08714243034592697,29.0,0.03815676476482236,0.057235147147233746,-0.00014349459032956787,0.06271798921357608,0.8696733184688474,-0.36862842411394237,-1.4469408908448549,-0.9465232164721468,0.32210830943301394,0.0,105623.0204186365,0.04942339373970346,1962972.4880229724
CONTROL108_IZDA,0.3817835934410537,0.22617189363042256,0.7453642461498471,-0.02983143007092295,5.179761235512,2.094954550072534,9.109522253334617e-17,180.21363285635994,29.440302285884272,0.2419259632914072,0.17196197912644703,1.4943137118419498,0.3151904199599921,29.0,0.11634773234137501,0.16814373278570863,-0.0001512107521076428,0.3361680939413616,-0.54604284617392,-0.1551062744061603,-1.5202213681275005,-0.36397277033411335,0.17240105547333595,0.0,66697.8310260295,0.05128205128205128,853296.8764038496
CONTROL109_DCHA,0.35972482944906675,0.19978124478461395,0.677309527310487,0.0028730178132084215,4.866984892994638,2.176204699133052,-5.979321759552035e-17,184.62756135497085,46.73214719894065,0.22588347133274617,0.14500546899879152,1.809994415736489,0.36675397014589783,40.0,0.11725743283713597,0.20422194398340154,-0.00026986688064683,0.314425565052618,-0.007098899584069198,-0.27345118265793816,-1.416152265221044,-0.7415313721419904,0.5720334872231057,0.0,75914.81258401928,0.05750350631136045,1201968.5991231645
CONTROL109_IZDA,0.4142321895121746,0.2090029281232665,0.7225805674921082,-0.017019891965969123,5.480738984084935,2.4976857876102656,-2.2780759467117717e-16,231.93951404657832,55.48697059376192,0.26464363027100285,0.15976437087692094,1.849317359491311,0.40314968709413035,38.0,0.10293103710498346,0.1830598787826545,6.176549719178857e-05,0.22857486465519772,0.03629090268179691,-0.43691664515001005,-1.2043894804545834,-0.7109471543625628,0.6597638050810608,0.0,82971.2652673166,0.05801526717557252,1334989.1550133848
CONTROL10_DCHA,0.5167332243522363,0.28656402947002924,0.9265507369833061,-0.005300307447780871,6.188836967912701,2.229989647102255,-1.0415121533942836e-16,102.99245371430997,34.003645278219274,0.2771253527848583,0.2148729086301638,1.5848134503865978,0.749489242972689,26.0,0.2928850265424033,0.3844627358097607,-0.00023806378928047992,-0.21261210497244543,0.008353898544492658,-0.44518644575506605,-1.4843583008956232,-0.049417162142455756,1.424805720176348,0.0,116116.96364371425,0.03420195439739414,935854.7180590576
CONTROL10_IZDA,0.3904964658899704,0.20707869182025,0.6794912581400897,-0.0039588947619990785,4.27910545475518,1.6750096081700339,-2.110522977505248e-16,126.06183007406445,29.209684521035385,0.20460550765570665,0.1465790578179072,1.6124521557683429,0.48502216506538465,29.0,0.2052835319164547,0.30259749508196276,-0.00024554333379786297,-0.25786786042563015,0.017109678114161628,-0.3495707818642495,-1.429270151745278,-0.7215063772794059,2.088926319341322,0.0,63859.655510636556,0.033003300330033,514097.2973313428
CONTROL110_DCHA,0.467944346355443,0.24602844497555784,0.8027213593545216,-0.0010356360222505804,5.835705569840245,2.2356245335128104,-4.569406660836657e-17,82.63683700784398,31.935542093737013,0.3153241872588168,0.18402997684056982,1.3373807608352632,0.3015976089983554,25.0,0.13111182950914213,0.16901488147571037,-2.8388334049342763e-05,0.2368316197736695,0.03669068719015906,-0.5319099635453848,-1.3291893786312903,-0.11441679923963513,0.4742577266162593,0.0,96406.93278208759,0.04180064308681672,965225.7424272317
CONTROL110_IZDA,0.4488252088314688,0.23888367924230608,0.7801381058026315,-0.010066596891500251,5.632043939842309,2.007710166897682,-2.450869695870629e-16,98.65053098098947,30.611157780480706,0.2724588442731946,0.17280099620637676,1.980001336408467,0.6700506275072032,36.0,0.2166814508163453,0.3775709648619232,-0.00025330543944215844,-0.3209775873959053,-0.6640911960452405,-0.4817197170145562,-1.2962230888832706,-0.21083745025117112,1.3529075437457703,0.0,93006.53637929565,0.03459119496855346,813997.425720388
CONTROL11_DCHA,0.30878864677678436,0.21585332524757878,0.5765436453570696,0.0005191516732812497,4.244312421818258,1.7304868865707423,-9.852550169593559e-17,93.53229308334295,27.45342471085962,0.19277314136728332,0.15572676644627237,1.8113927559869865,0.5790419907554021,32.0,0.2155760789198775,0.3500495634321249,-0.00010550567490977087,0.09937195733978821,-0.008366844552106036,-0.09748501328808926,-1.7743021527048544,-0.5934554749803805,1.4454563168260242,0.0,44569.49167968606,0.03425774877650897,561715.5010499656
CONTROL11_IZDA,0.34909582159055347,0.23131167522245957,0.6584998474695383,-0.005252076070317845,4.820065832000949,1.9297200618337216,0.0,163.67045350098007,29.59208436007492,0.21409494068203583,0.16877221444385596,1.725676321760005,0.6737153377407448,29.0,0.24177138472789095,0.36115206924466986,-0.0001192642176463877,0.35565148294007276,0.020481314739530354,-0.13501278822371554,-1.689232034792419,-0.6331269267301101,1.0130741554824487,0.0,55285.342156940336,0.03770491803278689,691655.2497293326
CONTROL12_DCHA,0.44009823623870864,0.22910088626130765,0.7719309347237916,0.013858882285362665,4.691956178532863,2.5486863183238087,7.00042104197143e-17,73.22076558277227,37.358689356960916,0.29905441397147364,0.17302555730307578,1.6616040630467834,0.10902449547941903,32.0,0.04000676252152453,0.06619237357325089,-0.00011673933036261081,-0.008614162947664816,0.1179935370465732,-0.3077196179581998,-1.505004484559869,-0.4927891867200696,-0.38507819105142316,0.0,81551.89188411388,0.05582922824302135,1202631.3765332783
CONTROL12_IZDA,0.47064189252275557,0.2531320945327161,0.8206450197210596,-0.0034188883904085776,6.108364591249273,2.9790894702332813,-2.1070460039014503e-16,103.90652149329773,43.10124178804262,0.32469244490106663,0.19596056969735964,1.8070100569958247,0.125155225823955,34.0,0.0399869616069014,0.0719034431572612,-0.00017963424821740875,0.012848734876028223,-0.1746117517687024,-0.2818293175203098,-1.4607721037499637,-0.3367359812922897,-0.6185005160876855,0.0,93397.7078980112,0.060955518945634266,1632143.9634353004
CONTROL13_DCHA,0.3499716581115593,0.17159243588645703,0.6432576984758157,-0.0045299755864575105,5.082103683631209,3.1132006071871876,-4.674623261579606e-16,137.1917740109239,61.02433515305668,0.17658473947421913,0.15395793527222018,2.332622395846865,0.5356132208643192,42.0,0.13488985213315832,0.2944431335571599,-5.4024354842244424e-05,-0.5493418884672701,-0.8828527952810961,0.09402091050311304,-1.4660271644127503,-0.2610601243097845,-1.2656583700479367,0.0,50709.73675255331,0.11184210526315788,1788450.0772174927
CONTROL13_IZDA,0.34538540824183434,0.1796327199985853,0.6591596577561468,0.009454936366317362,5.34577397947005,2.9425992509159045,2.588069567338113e-16,117.05373266063249,53.08563008108474,0.21951185225883038,0.1392938252639974,2.6397406261787157,0.40659726576711336,50.0,0.07621338259853688,0.19534591155295808,-0.00014136975307850057,0.3300040817168961,0.4723473746706539,-0.010039890648406533,-1.4414908148689705,-0.19312106401465776,-1.198342043082747,0.0,49395.47441808495,0.09933774834437085,1576832.4607211542
CONTROL14_DCHA,0.44924272152660066,0.3236133455272716,1.0601945267769481,0.01626139599161423,7.26733563497344,3.3787091076246862,-5.824120784918854e-16,152.66642058374137,52.52953585165782,0.3094685703460291,0.2445383748862588,1.6746520145072858,0.37078887231581115,31.0,0.08575903059881156,0.13937588417522792,-0.00016829550185186372,0.11795172726337055,0.3922547654125268,0.17822340292889055,-1.533526066225664,-0.16343706744437975,-0.3440467813220347,0.0,94549.08117303303,0.054098360655737705,2120487.3711718293
CONTROL14_IZDA,0.5267844728143584,0.3455797490258755,1.0197747481007209,-0.04220411862720997,7.894138429402101,3.7651302092329857,-5.150556898425767e-16,239.37820438341913,61.45108369727728,0.36645199267438955,0.2732201420658693,1.7904611670476223,0.46838515322900637,33.0,0.10073409628963921,0.17246960598024086,-0.00012335511434519123,0.051239864993083195,0.02022343545740723,-0.04889601003522593,-1.6002071644552835,-0.20065235834940276,-0.441765408040967,0.0,124209.84012154395,0.054365733113673806,2607791.131830396
CONTROL15_DCHA,0.40618964348121694,0.18650747030171208,0.6800046641811592,-0.009384190551139966,3.552152356201028,1.9244205196436335,-1.2331733430547193e-16,90.57295346508936,27.77384703574934,0.2634482049995833,0.14561468122004181,1.5909332607289977,0.2461566397832357,30.0,0.14195021337845465,0.21867651234228677,-0.00019925447434414602,-0.25572225694673434,0.03435205987970816,-0.313349171676948,-1.452693856363379,-0.5526780551614264,-0.24487282114703968,0.0,66746.02614776425,0.05454545454545454,676667.8832106398
CONTROL15_IZDA,0.3989905021666635,0.21809979390609313,0.7083443564684103,-0.02367050411972115,4.870714935658926,2.4592929431914814,-3.2722362831057244e-16,282.35055729946225,40.176560814393255,0.2596158737592147,0.17098111426021811,1.7115145514239938,0.10853045822836596,34.0,0.035206239980856466,0.06003056626499255,-0.00019781384932824478,-0.056735756894986666,0.9209250216774681,-0.11504222200749585,-1.5987425359422387,-0.28397516312028737,-0.4223181424026943,0.0,67625.51434783622,0.05592105263157894,1116174.2093528316
CONTROL16_DCHA,0.3800312477085862,0.23718512581844692,0.6558468159336651,0.02657666503642292,4.737605354698109,1.9436612854620685,1.8884856764388045e-16,85.17829896673142,29.043191961783336,0.2427832788829451,0.16750135482615788,2.073143789485177,0.4958125766085826,37.0,0.14859487741868038,0.2882382687120962,4.168214974671868e-05,0.251095026397538,0.016088534205873264,-0.2622654847801419,-1.7160234589276475,-0.17752971334882392,0.9795004132764045,0.0,62516.62521843137,0.03488372093023256,683665.5001126506
CONTROL16_IZDA,0.40023527773723633,0.26566058587491576,0.7421630871388718,-0.026873493138460693,5.129534634394987,2.049662773367388,9.333894722628574e-17,94.54752536250196,28.272408835090243,0.26713362528639295,0.19647976151507004,1.7412803140960256,0.5969908998193604,30.0,0.21752420323654229,0.33740647239270716,-7.877674168296715e-05,0.49906752417358935,0.45483318691475016,-0.15030040173856377,-1.6930941480865989,-0.004602788430603461,0.507344122253444,0.0,72476.77838786932,0.0361247947454844,778038.9629081379
CONTROL17_DCHA,0.48722762341004433,0.29805330703276695,0.8811901971803703,-0.038824512092974606,6.826176558410267,3.261269580588983,-2.341162226557167e-17,153.6717567559119,53.427850127237235,0.33935983279164994,0.23917714699269352,1.6059839353643772,0.21129872128817476,31.0,0.11177174245569527,0.17552529930373362,-0.0001490017176737042,-0.011482212552359483,-1.3012395239192962,-0.2942549223120343,-1.5726121742621937,-0.49803916141218135,0.055203976703057656,0.0,103804.99872874026,0.057660626029654036,1956701.7264282983
CONTROL17_IZDA,0.4448983176579394,0.24588026815333483,0.748055390420039,0.009905995126882535,5.56296755107266,2.954610694455523,-9.364648906228668e-17,217.45343295594415,64.77179783993247,0.2859837418361997,0.19233099280006657,1.5889678283699422,0.1291525061057863,31.0,0.05035052043251381,0.07949857220039716,-3.128349973406224e-05,0.1576037263241017,-0.037952506227640015,-0.4786551321332022,-1.3995161142947845,-0.8378860994253728,0.3453755870711852,0.0,84047.59087977516,0.054365733113673806,1603814.2151902977
CONTROL18_DCHA,0.42660396403341083,0.23123033732324577,0.7040457875399326,0.02120141866799059,4.925531306908595,2.5278062917037625,3.0385051200267443e-16,103.8773418044216,39.868733876188145,0.27394699574993436,0.18057252973922594,1.5376105606859791,0.15618269368228574,29.0,0.06297737426227996,0.09591515191849781,-5.047390630040134e-05,-0.05396730624092516,0.42996403391350446,-0.47554462136251574,-1.3878126452600672,-0.6120250240726647,0.09601500391232332,0.0,77141.73906793098,0.05098684210526316,1179242.9381301044
CONTROL18_IZDA,0.3469178856944918,0.2105346215848301,0.6244228806084741,0.007043098686813466,4.962944736602456,2.595947671755614,1.7645928868214407e-16,142.72152858014215,43.453509465645894,0.20560633686834454,0.16327882469903346,1.8557870021392573,0.2123804395129526,36.0,0.06041002343370256,0.11072869810888875,1.7967631627879973e-05,0.19847012360508165,0.16439406948765672,-0.17983424598532527,-1.6147030046687918,-0.47841103882733077,-0.372796385218674,0.0,51978.15510610571,0.06291390728476821,1227219.5596584515
CONTROL19_DCHA,0.3771286119637775,0.25042158489406907,0.7905808759063625,0.01908472565260939,5.533541840804312,3.190516122567339,1.8698493046318425e-16,187.84049248994154,54.690520965056436,0.2462851106706791,0.200804986829638,2.0180680231879684,0.15413506269748,39.0,0.0395227434310666,0.07928655412870017,-0.0002964360774425207,-0.039425675109423075,0.04002282829453993,0.12676358849295083,-1.5505243663073778,-0.49163789556847415,-0.5225613898004764,0.0,64147.7411003101,0.06743421052631579,1878517.5844723796
CONTROL20_DCHA,0.48652712475778864,0.28291073986734244,0.941123637325605,0.010569624782731853,7.0504567280616435,3.8860217252802243,-2.3334736806571436e-16,230.16535769028226,72.0434954293895,0.333927847145071,0.23452742917110306,2.1875246873447693,0.24724404803290095,43.0,0.05413180507033598,0.11688951249030967,-0.00026897048776415935,0.07507783381291011,0.2474221073630771,0.03692544304135006,-1.5587613166832215,-0.23457475138491554,-0.736792786052765,0.0,102608.73751112937,0.0722495894909688,2795734.636134589
CONTROL20_IZDA,0.4917067706164196,0.2638475330036224,0.900353960433539,-0.012756108200073479,6.888134611690195,3.682683532240206,-1.0386671220413426e-15,286.11717336325455,73.16986675301588,0.32937827742510567,0.21321317074827778,2.166700313667698,0.3553024639345831,41.0,0.06905652097582021,0.14613904587604762,-0.00013807246560086696,0.2742621937437746,0.8469624928210882,-0.1590013283607898,-1.5293327599309923,-0.48115241453308966,-0.46334729501092875,0.0,100213.19862518413,0.0664451827242525,2451313.1274031177
CONTROL21_DCHA,0.5335466027893941,0.25707966077664574,0.873812399951302,-0.00975755760832917,6.6429569251646,3.3818776719606327,-1.8698493046318425e-16,133.79312999675716,54.000572245863815,0.36241182456413146,0.22322774124786918,2.0539412192461155,0.2087125057997002,39.0,0.04795160960449362,0.09753174934158432,-0.00020302914146400647,0.09708883269528767,0.4551146360046382,-0.31393594540083086,-1.3777026330088276,-0.25763454106690253,-0.7767643994780289,0.0,117428.3986242528,0.07072368421052631,2110461.455637827
CONTROL21_IZDA,0.5026192352936161,0.2240458382441074,0.8119313108281697,-0.023009018095850122,6.1010056011577305,3.4577564908373826,-2.3296483139675417e-16,180.8746885152595,63.83527521664823,0.3384933392974123,0.19482895826418836,2.3390889745304615,0.32674438851429466,46.0,0.06556719364545739,0.15025461349914696,-0.00016503516697787273,-0.0699260218581439,0.9401272251930188,-0.3847089402232167,-1.3171437427326778,-0.1546936584537646,-0.9132643994234702,0.0,103325.91990154954,0.07704918032786885,2220952.035807363
CONTROL22_DCHA,0.519721369386782,0.2738627719258352,0.8598831303192922,0.02906212467054864,5.634256617439718,2.720927124851265,-1.8791212846548104e-16,181.74435107674938,37.635885828542904,0.36035540562890517,0.22148205488898992,1.4590243279983859,0.09970138312157976,28.0,0.044531785014112896,0.06469195440527836,-2.873774854852837e-06,0.006407941625913738,-0.692408504685261,-0.3012152708606023,-1.5719278908905456,-0.18457025061754537,-0.32072949676055984,0.0,112570.49141941543,0.04793388429752066,1352931.4237689346
CONTROL22_IZDA,0.49150143793295853,0.2622828419472349,0.8245619638035263,-0.01179206655916267,6.10590645294943,2.704569960532191,6.988944941902625e-17,101.22403883939876,37.63260096903842,0.3272401409066787,0.22304767499652497,1.713202499689697,0.40238340253547683,32.0,0.0993936443846087,0.1639402983403841,-6.893978179871662e-05,-0.19774624709578026,0.050478543777668444,-0.23899867678492423,-1.5775164381620412,-0.03834635389253571,-0.5316371477742239,0.0,102667.38384774665,0.05245901639344262,1358688.426475188
CONTROL23_DCHA,0.47072606853666354,0.24537783534981764,0.801295227826528,-0.004680360434324816,5.505521015611913,2.465641741079569,-2.2994910542398065e-17,113.88831350744287,35.33446579154306,0.3133154223642514,0.19059111889965497,1.4532297507483334,0.21321545707583114,28.0,0.11173025718385494,0.15874783951987473,-0.00012356005845131946,0.21652306796797238,-0.030169020760150368,-0.4469988107973496,-1.388404003217733,-0.23885196926693186,0.04738494366274404,0.0,96107.14386433733,0.05016181229773463,1159023.5859260135
CONTROL23_IZDA,0.3544497688768882,0.19152780120706647,0.6122855560574546,0.006498186389668161,4.48005316104011,2.0025879272749534,-1.8667789445257147e-16,102.82458779548276,29.957089280101673,0.22071588361599273,0.14053146631379324,1.530304602043967,0.240809472629643,29.0,0.10430044079091136,0.1558534022861139,-5.70814382087818e-05,0.1250282610642488,-0.8671225234719774,-0.3951888508220955,-1.41293783324527,-0.3113274100485952,-0.11376566199325966,0.0,53386.813804125835,0.047619047619047616,742448.6782576828
CONTROL24_DCHA,0.4608587016423792,0.23953625922841035,0.7907193357322783,-0.01579038045390968,5.122587319052773,2.7185548429250077,-4.2071609354216456e-16,238.3129888438539,54.1094925835827,0.2871526115964919,0.1965517101769331,1.606060779954629,0.1830214696298653,31.0,0.06969181691155006,0.11056204933279687,-0.00019217266578404102,-0.01648250691287312,0.6573779363724319,-0.2766701978441579,-1.557830440943755,-0.8673282639352622,0.327615120988741,0.0,89100.74491648239,0.05592105263157894,1363329.8430048055
CONTROL24_IZDA,0.4970251573765535,0.31638521783274487,0.9224582978752448,-0.03940647525737313,9.069692934438558,3.6595618286433487,6.555254234360068e-16,266.6694093527478,85.05487863623736,0.32665098814331345,0.26745440840472445,1.5789898090208512,0.13539620164801344,31.0,0.054204746486762635,0.08497932299073374,-0.00020644384950515372,0.07435693112121244,0.03842348153801231,-0.1432334787415842,-1.673309663829573,-0.7953240893539988,0.36744127201436294,0.0,109429.17781326939,0.05271828665568369,2462943.741495706
CONTROL25_DCHA,0.5301492854101921,0.27025185750143105,0.8745123707263969,-0.00462264038781638,4.504400798936255,1.981228718512259,1.0398186376977076e-16,83.64311025179404,26.374230402732056,0.3675316457769245,0.20852802083636723,1.0971204110698254,0.3427824046779358,20.0,0.24200358266912075,0.24643391686340133,4.887013638287236e-05,0.24739821437942633,-0.011378738495607521,-0.5915866609198676,-1.2959188978190812,-0.6718087910154542,1.228867037369871,0.0,120092.83590903993,0.030894308943089432,741114.153915716
CONTROL25_IZDA,0.4021293205601446,0.2260826887191583,0.7634833009801092,-0.023579521826565072,4.7682365622990766,1.7384241830690284,0.0,116.44295792648194,24.979635458061196,0.2483672291296864,0.17425869121621684,1.8392211883925826,0.6411770109805609,32.0,0.24433908385936354,0.39146448682408524,-7.217414989409844e-05,0.23574833762214475,-0.02959666669670208,-0.4121895119715862,-1.4737293265392177,-0.008432242841403245,1.1358854002017917,0.0,69894.18623477142,0.03436988543371522,563384.8586201168
CONTROL995_DCHA,0.6523727048090344,0.3267159891608634,1.0314559307836941,0.0027874731847652573,7.080560893293402,3.8505600533558106,4.651670937872997e-16,266.3097934830548,61.62439480283538,0.472953670139153,0.2712278093989763,1.7090402563321536,0.1762366245302837,33.0,0.059678703805273514,0.10095699288565899,0.00010657229156548848,-0.1527567942617747,-1.3635595588268892,-0.4964583606851056,-1.353893095230863,-0.4075473569952009,-0.34281917200795986,0.0,178773.58110718575,0.05728314238952537,2761977.3289352898
CONTROL995_IZDA,0.633808982000538,0.3507687616684618,1.0825953183078896,-0.015482475667237884,9.19993808385273,4.371044165509746,2.3450255305613865e-16,242.2132735748154,74.46226135773753,0.45452362425842097,0.30093588921643655,1.8557508058150525,0.17296385680378673,36.0,0.05321596756979533,0.0978741127206678,-9.72293995192153e-05,0.05957355068605619,-1.5583421541095843,-0.3553784402497553,-1.4893831629175134,-0.3170883816794587,-0.5124291002314538,0.0,170078.38779950162,0.06435643564356436,3502005.2269940595
CONTROL996_DCHA,0.36275434052233807,0.19408049670765287,0.6338589907401696,0.011485018431418517,4.405651662542383,2.195057755252545,-1.1763952578809607e-16,213.6992327254725,40.176155994010855,0.2317089060230505,0.14392952820799754,1.7080077904143909,0.35900726500704133,31.0,0.1523505124158386,0.2472517666727848,-6.869238958851103e-05,-0.4010522133062344,0.020865898167749787,-0.3244034409550876,-1.5621200617746684,-0.43364306281411236,0.11642639336293525,0.0,54865.805103246,0.06456953642384106,877469.1717308834
CONTROL996_IZDA,0.34024076191015395,0.21731581013690132,0.7472973965394507,-0.011595589805836476,6.238980248141089,2.666822052936766,4.697803211637026e-17,118.69241099742518,42.72273867321239,0.20399991436130685,0.16853893548120735,1.933348812340906,0.16895266353430607,38.0,0.04662716282220433,0.08945535046837845,-0.0002175347458765009,-0.0049321880893851144,-0.014335290645587799,0.08632481247106347,-1.4195056141305413,-0.1776494308166911,-0.41074352468024555,0.0,51001.12744529941,0.06446280991735537,1299435.6858044022
CONTROL997_DCHA,0.49576657877244207,0.2826615251694722,0.8546170623038973,-0.002582893707037129,7.451087339896589,2.9720672249425997,0.0,262.15187693958717,72.3711562641083,0.3337228373504805,0.22007415660212812,2.1291754025168097,0.6648487612597749,36.0,0.17611668789013304,0.3370972912343526,-0.0001844255895797473,-0.11493591103866274,-0.9771652835288794,-0.4318599892348787,-1.5037117066393089,-0.5933257423771816,0.8600786972236749,0.0,105600.78743146524,0.044407894736842105,1629087.731793859
CONTROL997_IZDA,0.5781710656250445,0.25473826711315484,0.8783454391578115,-0.005099508877902524,8.618399098764897,3.6685641388795402,0.0,445.1354820452475,91.27364413306272,0.3634630105843296,0.21755339745501506,1.8454546717241596,0.3889231237496742,35.0,0.10089850017850292,0.1795006289052567,-0.00019291916081931137,0.2240329732926587,0.8926291558350139,-0.7981263266407744,-0.866509445370268,-0.4786140563509458,0.16744493902094515,0.0,135545.12257657535,0.05756578947368421,2479082.803423806
CONTROL998_DCHA,0.34860452485776827,0.19978534218233765,0.6716767757717211,0.007359836140832022,4.466791667294728,2.3383774592502484,1.4163642573291033e-16,213.14297547784759,44.17236598410245,0.21388319451687812,0.1578609463018507,1.7395652756474624,0.16527130574151216,33.0,0.05560057007871174,0.09585748716188303,-0.00019950417172617674,0.006287530094066129,-0.10919779562450682,-0.03601305226495034,-1.6046304941049492,-0.6898479691852882,0.00880069230265823,0.0,51261.70273990296,0.05813953488372093,989185.008558631
CONTROL998_IZDA,0.3148713542906061,0.1848764922563196,0.5986132136795012,-0.006324599491859335,6.886648060114769,2.2051642998468486,0.0,244.37327385324818,40.24095123728165,0.18478286515480338,0.14227852375068903,1.793173851325808,0.14887493149030354,35.0,0.04295822604792873,0.0765531511229574,-0.00021128163912343268,0.052518709428830856,0.19813445691108109,-0.02097182416287295,-1.6150031079302367,-0.22202906751440726,-0.23274357629856945,0.0,42674.73257593224,0.057755775577557754,891213.8643642815
CONTROL999_DCHA,0.4747309878838639,0.25593618389167827,0.763880828548586,0.0026757913516354133,5.173867033154355,2.5285183201177306,1.6334315764600004e-16,226.28805956044476,49.37765302579655,0.3202755308790705,0.19541972595109056,1.4842443060827375,0.4648297786643535,27.0,0.14307206335280295,0.19972994052156487,-6.769725250219256e-05,-0.3299097476266273,0.039857118986859015,-0.5529021982937964,-1.3709761154658127,-0.6023350547695824,0.6984761921743026,0.0,95711.81554064495,0.04269293924466338,1182043.9452290745
CONTROL999_IZDA,0.590855129707305,0.3364924411719251,1.0979057729230226,0.03470498712583701,9.552249339078212,3.3031741756369946,-1.8791212846548104e-16,250.11460934201645,64.30237785622253,0.42874078131000964,0.28600868816843217,1.6028704387724337,0.5088326229745211,29.0,0.15659196739342282,0.23326914367068008,8.812278513534242e-05,0.5035652291218617,0.6372239057685879,-0.3796804654341977,-1.4643779960122774,-0.5893980758470678,0.7553409537243572,0.0,148470.2153931081,0.04462809917355372,1992714.3713870505
ID01_DCHA,0.4755187942087121,0.2594111731149651,0.9189763050771407,-0.030800267587711122,6.407533790898514,3.3744677607362323,2.337311630789803e-16,170.1136292601916,57.50276516517148,0.32635408853328407,0.21256070168209043,2.0130536039002473,0.1185766694494614,39.0,0.029666626212056825,0.059514202729393034,-0.00020892919561953585,-0.044752283599125864,0.06605394987696067,-0.09823916136311721,-1.5908886858205677,-0.22492097177403214,-0.6583219121416914,0.0,96005.38614628735,0.06743421052631579,2101414.5278546913
ID01_IZDA,0.3290013402787425,0.1926804797231888,0.71106520322154,0.009874854976914557,4.881373519158536,2.519190530482105,6.94341435596189e-17,172.22802072584,43.714656890065015,0.19972331923007103,0.14970216890840937,2.105920527457734,0.12978100694899256,41.0,0.028888985819226068,0.060614810475833475,-0.000282458788601889,-0.05311954554852649,-0.6917113326563913,0.20464688936447734,-1.389631784847434,-0.4445545271043352,-0.5815315542686537,0.0,47793.39450969297,0.07003257328990228,1194148.4287336082
ID08_DCHA,0.41467658345876585,0.21232132858480038,0.7002698261251629,0.01297867953578934,5.70346851237568,1.915989049656562,1.813784130992152e-16,105.87334673895181,32.34115123823418,0.25747982104462747,0.1508485036140719,2.0487848748543342,0.594315900912122,37.0,0.15964536754931513,0.30024187576623645,-0.00020742066901825908,0.4574899711540321,0.18885990596929203,-0.3600617848124013,-1.4195262027271751,-0.09699226707668279,1.4024989593506767,0.0,74028.83549979536,0.03889789303079416,697588.6246088804
ID08_IZDA,0.3792153689700274,0.20965478468863355,0.6363132918171862,-0.00746602710906029,4.810183490878077,2.1815373451424134,2.75493144721202e-16,218.96370545733055,42.44426983404693,0.23446824643123626,0.14936137490855939,1.7144790065405215,0.4892608586826255,32.0,0.15756002028523583,0.25159396272631473,4.886731935746832e-05,-0.17155928234345108,0.06384701178714264,-0.3781036531875024,-1.518587550392985,-0.5087449211786208,0.6882309972536329,0.0,63507.26347075466,0.04523424878836834,909504.544466314
ID1000_DCHA,0.35368504206775436,0.17771506000434847,0.6436981065546508,-0.00035434338395603447,3.8187972293096824,1.489519365992869,-2.110522977505248e-16,64.04383589807189,20.343057936309435,0.21790644094457978,0.13765503911298288,1.5340654752857752,0.5280476246464542,28.0,0.15783143688484616,0.22424901047670381,-1.588069220273732e-05,0.2215024334838369,-0.09630799322062322,-0.11150261999352429,-1.4317580405201369,-0.03012843814432794,-0.46566729192650724,0.0,51728.26310288949,0.0429042904290429,406707.1516414393
ID1000_IZDA,0.36689935692429165,0.203042416294047,0.7821161803528116,0.017176171269641452,4.0423567014450885,1.7704731094743122,-4.6516709378729965e-17,146.28418176356757,31.723101013222234,0.20358688731697885,0.1625751475719024,1.7814918443609402,0.5806301735609373,31.0,0.17242996974841504,0.28023380539852083,-7.762315134904475e-05,-0.08526686451526233,-0.6275714742777145,0.27497751728256487,-1.216993722951665,-0.4508366137242611,-0.17029377244954258,0.0,57937.256825253375,0.0425531914893617,584061.1860842238
ID1001_DCHA,0.34241399631949876,0.19460576427176424,0.6250777539781938,0.01952274413748835,3.385642942820438,1.4025005339522383,-4.682324453114334e-17,63.077426958290445,19.455868581466124,0.14319850608300497,0.11507553992490245,1.721784261390473,0.699556924574577,28.0,0.27728141318660987,0.4042068576879313,9.807378012202546e-05,-0.14201479312683607,-0.22064389599538242,-0.18047326232483854,-1.634566733639155,-0.4671560442409562,1.0884466080981916,0.0,50164.98789561646,0.03130148270181219,361909.2541367982
ID1001_IZDA,0.4174949616912647,0.22828826576659908,0.7963379389585138,0.006970139914738513,4.164908283365381,1.7052955208138314,9.395606423274052e-17,151.54901388208583,27.872635079882954,0.23787951747461303,0.20700571947869856,1.7835986036924087,0.6041427458213101,30.0,0.23606962894163377,0.3712850398218095,3.7346125038940923e-06,0.10995726985609511,-0.003496117463766126,0.04053044705984649,-1.6521732065468329,-0.5804296282059216,1.1625405923888827,0.0,73320.92444500994,0.03305785123966942,531281.5633559253
ID1002_DCHA,0.47983536125495796,0.21972757453002123,0.7691804808586666,-0.0009154136078602282,5.076843431373943,2.0460084125846203,1.6469533610333448e-16,72.1580324893952,28.162963031846974,0.3081625979659028,0.189388650289967,1.4913292913830298,0.4825619964698533,26.0,0.1714319927149911,0.2374033362172487,5.283195094992492e-05,0.09392788129247553,-0.6115971393465156,-0.4528420359660389,-1.3956123993164986,0.29255894514773756,-0.07463656785846817,0.0,92788.06678109014,0.04470198675496689,762303.6667754594
ID1002_IZDA,0.4205131732143336,0.19030143663965593,0.7100737670930027,0.01464826483511401,5.010390658137334,2.2140023207461605,-7.09360468312912e-17,146.63897231721043,37.66907549002582,0.17712588313769054,0.12277632699011798,1.6503101338298167,0.26838744459943636,31.0,0.12186018023721538,0.19498501028968468,6.609922642631165e-05,0.1486040933054822,-0.2443636252440198,-0.550086548202049,-1.211054769692358,-0.3262882192210368,0.0433323615928467,0.0,70401.10341118048,0.05490848585690516,883797.5280931821
ID1003_DCHA,0.21151747216613984,0.11024496568069667,0.5014596055256859,0.00365385955489396,3.3610488462564936,1.9609469214751751,1.6415178713929706e-16,163.6482125186042,45.40081159258746,0.1088380265237474,0.08140066760073462,2.548329631919186,0.46715241563243215,48.0,0.10559488457945368,0.2567616301123507,-6.601026314717594e-05,-0.2113407091975037,-0.04405840441922697,0.45226928345119527,-1.11177524707195,-0.4533185053513477,-0.7963637970320643,0.0,18657.986927412654,0.09240924092409242,704855.413583013
ID1003_IZDA,0.36080609635839345,0.2230696954977208,0.9598520066783364,-0.02591148926653796,10.123342473116981,4.15014522839612,3.7582425693096207e-16,395.2404825215515,123.20388019728627,0.21309661090401413,0.15649367976415735,2.6977935914213034,0.23891704603884284,53.0,0.033366510788664046,0.08931314457537103,-0.00023175674428809492,0.14341137366692536,0.019133139449605555,0.41392065232489106,-1.0495888716901436,-0.7404313037253324,0.14924899262921576,0.0,56741.04213620978,0.08760330578512396,3146551.946037001
ID1004_DCHA,0.30154326537708764,0.14384421008549142,0.5146468955725948,0.0033902204789273476,3.803870567900797,1.4769403252575513,3.5350384863686576e-17,113.51301869199949,30.3314547250845,0.07254310733414557,0.04531301992950676,1.9109675870914766,0.6381398793938525,33.0,0.18761743569528527,0.3217807041539839,-7.834234831492375e-05,0.04547521795389531,0.043289732575246494,-0.5137860200446478,-1.4205708045207874,-0.7915456725535636,1.5172170007288583,0.0,36817.82918781863,0.04145936981757877,395749.6315132983
ID1004_IZDA,0.3300792491465231,0.15966971038728311,0.5864774285749901,0.00026637216762338616,3.8331193241603314,1.5427619192026618,-2.2386166388513794e-16,128.02931298529944,28.23986704140433,0.16692828987142438,0.0990253973816163,1.7480463892959661,0.6430479981078664,30.0,0.21219472677679663,0.32913980677469573,-0.00016370288326753344,0.03254403039575626,0.010489350859937869,-0.47126558849912786,-1.3208564534349618,-0.6355877502773517,1.3612104942435135,0.0,45425.12724906239,0.04091653027823241,443296.17507865635
ID101_DCHA,0.5723663710613982,0.3480628998084736,1.0908524608723298,0.0012495324404611155,8.743277578139113,2.601424592654211,0.0,198.31076417595276,42.39070756465152,0.39997765956246484,0.27997423705116803,1.6463620936452887,0.6723975254395382,27.0,0.2659741275963947,0.3751768329130028,0.00010356857958329448,0.9479100732024099,0.010334443544182333,-0.3118304199586176,-1.6294014050449575,0.00478735950068541,0.8578995321362983,0.0,142986.478991735,0.032948929159802305,1243850.9948400045
ID101_IZDA,0.39285836534708657,0.2091891389436387,0.6447701663051416,0.00314125146813119,3.984046682659122,1.6627081442016811,4.666947361314287e-17,65.45550691657581,22.434251267586138,0.2442118808780486,0.16183719202002503,1.6344557485413609,0.7125640938527114,28.0,0.23876251644523122,0.3358332522750416,2.425830348125505e-05,-0.23263498750708966,-0.8650661336931119,-0.4258549804151014,-1.5043009271141805,-0.1311378482385894,0.37572216638045175,0.0,65342.484747519804,0.0361247947454844,511824.30502589996
ID102_DCHA,0.3358954468183402,0.16302227704782293,0.6237250004646993,0.0004401731858294074,2.718781777171991,1.3084498420654473,-4.659296627935083e-17,43.15592057603196,15.88752003883723,0.20962781888470092,0.12376416668630656,1.219974206601286,0.12261059585679018,24.0,0.072339001503657,0.08750607255305558,-3.397374532542271e-05,0.024756433301158953,-0.5170378876095462,-0.15977526543760923,-1.4136786031047053,-0.4526090478931216,-0.34550558785123675,0.0,46918.86907726555,0.039344262295081964,318000.59595864953
ID102_IZDA,0.33183770963906006,0.17884372751127262,0.5905375568042874,0.023042447511208215,3.301666062287885,1.6977774499334815,-1.5242665948649013e-16,72.6964537705459,24.747067210081788,0.2113088049726837,0.13038367853473803,1.4013370776812801,0.11590032154090671,26.0,0.05778584470564941,0.08045122350372069,3.614521778741918e-05,0.005259693119631814,-0.7561585746741789,-0.1592133037570093,-1.5970164069542705,-0.6583187254010685,0.2378270330000496,0.0,46301.97342180131,0.04785478547854786,528590.9435272898
ID103_DCHA,0.4472921847353057,0.20676070213161735,0.7671509273057247,-0.003842566850589018,4.281557048663954,1.8163192291809824,1.6361181415528622e-16,158.81561862744837,30.627209031684014,0.2914434103508327,0.1603087013724122,1.6686869595901292,0.6925490933420354,28.0,0.21489639421570686,0.3138089868804169,-0.0002238471987986907,-0.06411069621179788,0.3520100219196498,-0.45135132926220456,-1.347210686602496,-0.5304953382702883,0.7254772710509125,0.0,81847.31246605991,0.041118421052631575,608562.4205883134
ID103_IZDA,0.37929892143320293,0.15413188857863044,0.6160093143342988,-0.008397630861606662,3.370242094202036,1.4420121482330044,5.190653102143589e-17,77.68854043408227,21.675007053157216,0.2271369913101295,0.12207702949990254,1.4373266124891177,0.4479603935625898,27.0,0.13660417579409306,0.18558980213687806,-0.00014525285815915893,-0.2549407466641518,0.04776907963314252,-0.4526245639531287,-1.3000757576498536,-0.282298439238822,0.2520205931676598,0.0,59091.432778799666,0.04220779220779221,393903.64690082165
ID104_DCHA,0.41838810828849127,0.2290033937465694,0.8897462002004867,0.005435725079984251,7.318494905040092,3.965137742647046,3.283035742785941e-16,289.9927542323309,81.26654169886145,0.2580743031994779,0.2066858491023143,2.7289297540002875,0.4042192573627496,52.0,0.08232857142585404,0.21760413448783467,-0.00016712948193095588,0.0346709665572873,-0.033044419270817874,0.15174688991861185,-1.3481309811589521,-0.2936814679015691,-1.1019408606934564,0.0,73897.59789959468,0.09735973597359736,2881856.9612530987
ID104_IZDA,0.3005191351106459,0.17760436577097122,0.6978964565651274,0.010350590721203498,5.75287772532385,3.3842400806179644,4.682324453114334e-17,251.82420024330196,76.07671920234226,0.18476879143411556,0.14694350066712378,2.1217946419556823,0.7013437963337448,37.0,0.19098656032785544,0.35979342280767496,-0.00017035092550308015,0.21965114003534447,-0.7828832978087965,0.33639353117099136,-1.162170939785041,-0.2693805013884016,-1.1324914263046575,0.0,39076.69136725765,0.10543657331136738,2106108.774460287
ID105_DCHA,0.29729747865786044,0.18508026686508866,0.6987852738705458,0.0007644082502450177,3.967914975624447,1.694150009753726,5.89173081061443e-17,86.7207491009287,25.940171615668095,0.16156087850132406,0.15363762095659614,2.0344149941072263,0.7083838651741851,34.0,0.2081655295662605,0.37040474434714626,-0.00010430638620575702,0.29253600946805247,0.17328227571017846,0.4639735685465435,-1.3891628230332274,-0.6039631172772696,0.8709055400807384,0.0,38355.196971971425,0.04145936981757877,520927.3440252641
ID105_IZDA,0.26413755273029904,0.17733314304065054,0.5502795158783904,-0.016048452093508084,3.4530200937349913,1.637877454707579,-2.3450255305613865e-16,89.9440473504938,26.307959124505228,0.15458788946037866,0.13472248786170318,2.028966989003879,0.6924006017424521,35.0,0.19680739578462553,0.3526282001641367,-9.406316306759137e-05,-0.18306021352073265,-0.050032350255914265,0.1525087292647168,-1.6070440141513407,-0.7363021096988863,0.9852078294219346,0.0,31386.236832077266,0.0429042904290429,491841.6581853446
ID106_DCHA,0.2279853929894623,0.15907228483437078,0.5647272142253232,-0.008691981287376992,4.40442142486488,2.0258074770805137,0.0,116.284911902241,36.976083199437085,0.13524225803244597,0.1199854466991556,2.0538563975220328,0.3271843729248946,40.0,0.08120032779840243,0.1626174789020063,-0.0002419829261770102,-0.2128795880925345,-0.049258288008545786,0.4543299473407288,-1.1702015907803927,-0.0703721847058721,-0.24140989700065152,0.0,23962.087127886407,0.06403940886699507,759785.9429050853
ID106_IZDA,0.2443574762279203,0.14405019730323765,0.48261022397924225,0.01619785890844374,3.569328450676211,2.0566450748661556,0.0,90.0512085493692,36.91650405112205,0.13433199766948012,0.10956902883132595,2.2038073082877276,0.12624185375239713,43.0,0.02560586815710028,0.05625114084537847,-4.6266608444335565e-05,0.015505189069942471,0.4320163660194698,0.20770422586733997,-1.5805510039124149,-0.2814408598870748,-0.7636978203135256,0.0,26243.76241485035,0.07352941176470588,790767.4299765461
ID107_DCHA,0.34100872567467755,0.2391751418429257,0.7451130697290779,-0.027229499332731076,7.8624456487459495,1.6574617392266815,2.337311630789803e-17,237.28472296815457,27.7031216896115,0.20258366749390755,0.1729817022683831,1.395769923316415,0.4887856963023318,24.0,0.2898575561371384,0.35722406014641644,-0.00015252959156160573,-0.14623331984849286,0.015401755521065789,-0.061764806246936824,-1.643444149823716,0.2144554963433983,3.3829623726551414,0.0,53542.870896339606,0.02796052631578947,507143.3706680288
ID107_IZDA,0.28266159193351803,0.14146262152758016,0.5683971944955696,-0.00319515969161321,3.5303843917838926,1.2281257125842597,3.51753829584208e-17,47.00422223758368,16.19291527705271,0.11910609709935849,0.0924875734906458,1.4327098030250258,0.41073841182863674,26.0,0.13938684018861178,0.18966357352274318,-8.16737426203859e-05,0.3125787806331719,0.010611524653425207,-0.1102997838937547,-1.4182407663901901,0.033701850238188516,0.09521048736194127,0.0,33009.70521743787,0.04455445544554455,276496.3741070384
ID108_DCHA,0.33020596673979635,0.18056991426789168,0.650228237125534,-0.015236345720576742,4.662312210452266,2.0946705822589147,-1.397788988380525e-16,205.61424517781703,34.55964700950579,0.19924725634245902,0.1413058985979081,1.7795390397936073,0.14998808636562358,35.0,0.048403987183998076,0.08553284470587887,-0.00014841602170930626,-0.07544957443553524,-0.07357859218113219,0.12711617383659768,-1.56732932235041,-0.22254591895424553,-0.22930650367894723,0.0,46628.52203714933,0.060655737704918035,814974.4913694964
ID108_IZDA,0.3290176753493206,0.1945357077509421,0.6110456199357759,-0.011530677304294558,4.358991463077024,2.2669004674678788,0.0,118.36144718426176,38.694657696357616,0.20865716666605777,0.13998497416902894,1.7022347999253558,0.11682540625700152,33.0,0.03953492939732634,0.06699459125560828,3.0450255181675586e-05,0.052717723109611425,0.024990185444627847,0.0023123458481358046,-1.6799112545785924,-0.42530849294172424,-0.16242378950763214,0.0,46691.63694307233,0.056105610561056105,941866.571161288
ID109_DCHA,0.2648781158264157,0.17388180873997378,0.6886787149113552,0.0001356245457946501,5.374130883940652,1.5712144106273271,3.622833027724195e-16,156.14034987581525,37.067798022631024,0.12100456216289843,0.13070364686251504,1.8900184371780284,0.5283344359984967,33.0,0.1925479001333221,0.3319598672989921,5.4586741371868046e-05,0.11446718436935743,0.01026938819228329,0.6497914643585557,-1.1400187619870181,-0.9481714965444635,3.26752570745367,0.0,31514.73558178874,0.03289473684210526,454730.6079739959
ID109_IZDA,0.17281702932631793,0.04970656005897693,0.3591251368143753,0.0011586509421887313,2.2052684491986385,0.5643928504841841,-2.9264527831964588e-18,39.3187510006374,10.74796658149498,0.038230971843566275,0.04249886815231603,2.0543453024354066,0.4680158966976057,38.0,0.12840542776621974,0.2497063449508356,-6.678377401439996e-05,-0.12191723886237416,0.04966179835584466,1.3068382292568312,1.3332885435907542,-0.14379395915208537,1.06905769333674,0.0,11458.413423857679,0.06919275123558484,58574.765956674804
ID110_DCHA,0.20409630744601623,0.10715028033124992,0.39557431705389495,-0.00040793042722203816,2.0682929480547694,0.8345372687230452,-2.352790515761921e-17,46.86981745960125,13.799125944236302,0.09131090625717693,0.07476174331023479,1.757620199424562,0.5689894099162959,31.0,0.227734076334721,0.3564293416285464,-5.2436960768315286e-05,-0.4040295499913824,-0.1877460023119187,0.16479576059337817,-1.4875783357440255,-0.9289660138208239,1.6275203771109137,0.0,17287.312699493195,0.0347682119205298,126826.1359953791
ID110_IZDA,0.13510359502847924,0.07149255055053778,0.3134501609179171,-0.009125066101354391,1.903986804915442,0.6699881723941816,-1.2250736823450003e-16,54.331654806056775,11.498207929306654,0.04200218962327667,0.023085566640009453,1.9585791368421088,0.6652167122560023,34.0,0.1869437054461528,0.3275079973213152,-7.177764844896152e-05,-0.4225339256316074,0.028094626435436386,0.3634889488388663,-1.0563039071792273,-0.6060948840134104,1.3564794527548614,0.0,7715.947037255706,0.04433497536945813,83120.09661465217
ID111_DCHA,0.3312986734584814,0.23454958759895922,0.7785611322438438,-0.011142446152282607,7.251799911969923,2.2617401379713717,4.666947361314287e-17,231.79696835952515,46.653258590282434,0.19307278913382153,0.18194767637385598,1.7106542300174064,0.4852198024894277,31.0,0.14595469690680926,0.23393992010574743,-4.19472754341309e-05,-0.30246634112134974,0.019896691768282466,0.26764866719954605,-1.5687717232176603,-1.0304714325017499,1.507841229740107,0.0,50892.109040968106,0.04433497536945813,946287.3835320524
ID111_IZDA,0.2995605465855865,0.15447964845276282,0.5615777247671164,-0.02328284245933957,2.84019404560189,1.165214537191559,-3.494472470951313e-17,54.41887640163822,15.926867335890583,0.17590679640025592,0.11187592292810374,1.4204245329915086,0.5791972406461373,24.0,0.3401155099517464,0.4142062736214622,-0.00010896084786249302,0.23844518164426298,-0.009779268105016291,-0.422115691416083,-1.284833742198611,-0.4257502639095378,1.3244877536475856,0.0,37823.52655610435,0.036065573770491806,252385.39139063162
ID112_DCHA,0.2810623384250136,0.12107475408193026,0.5356275474570049,0.004299092670137665,3.3616384020417116,1.4787163779586245,8.167157882300002e-17,100.9837971240847,22.723632061687663,0.1400735360968264,0.10448314863755037,1.969630068897565,0.2255431998802183,38.0,0.06646241158855873,0.12902773291422215,-0.00010387687587328661,0.02364731668867104,0.012096250615794212,0.19146264460209939,-1.2361415073104998,-0.2034435938247889,-0.5996951294238473,0.0,32012.050397810657,0.06568144499178982,404817.8447986332
ID112_IZDA,0.35217227300318726,0.18075824229670986,0.7458198249774579,-0.001056404406406576,4.809493018543195,2.5175268839959974,-9.364648906228668e-17,207.49007926758958,49.09504177638286,0.21783440172736815,0.1475993969784869,2.3556937213226377,0.3997524143980636,45.0,0.0815273684245057,0.18616366987021665,-7.387958578038736e-05,0.2568424687572124,-0.1660379888459163,0.17010039948970565,-1.2172364897134302,-0.3813374336069864,-0.4391956555192711,0.0,51706.24829940896,0.08072487644151566,1165281.6585552157
ID113_IZDA,0.09360495696031304,0.06742784643147386,0.4387481345247841,-0.0076176199353694685,3.881201495605678,0.5634975610222877,-2.3296483139675416e-17,104.20992489053818,17.54827409846781,0.033011140845903605,0.03470078690347402,1.929737733952364,0.5890539525231873,35.0,0.1783580605079214,0.3135886257484669,1.3213496653280209e-05,-0.29536474489959064,-0.579057885350531,1.8558277247837094,4.706850966885714,0.19857472234799695,19.368955641710652,0.0,4104.790773458857,0.16721311475409836,58993.37010045077
ID114_DCHA,0.23668368380832605,0.16606218722291308,0.5660419549028123,-0.01377661382968466,3.7148880762859644,1.8041236387666055,2.337311630789803e-17,67.10149771777016,25.404581336184435,0.130509864477599,0.1165756831671573,1.668928185206715,0.1010119300159827,32.0,0.035246846347852245,0.05861963441556199,-2.5491809821713774e-05,-0.14005551585525433,-0.7045249773406219,0.3036866190661789,-1.4092105850372476,-0.3509743532972408,-0.5938611564474776,0.0,25796.93176054142,0.05756578947368421,600669.6263062502
ID114_IZDA,0.1799990451732759,0.10677732671433453,0.37530595448292053,0.006628549486566133,2.789115752110242,1.1914138518889923,2.3645348943763734e-17,72.6547815647118,17.474353751783948,0.08662720874305037,0.059829258862139016,1.732483227159308,0.12424876537666295,33.0,0.040173248501153135,0.0692602008756167,-4.264897126834536e-05,-0.06221350208582588,0.07147220501266674,0.13175765815936152,-1.5220120088712967,0.014724128551017427,-0.5679341665332078,0.0,13758.451262574496,0.05823627287853578,255938.4295436482
ID115_DCHA,0.45506768993731966,0.24534583059709492,0.770727559795974,-0.026175016762669825,4.869768709326161,1.7063471899253513,6.854109991254986e-17,179.64268377806442,33.02582113112032,0.2924236977205469,0.1954847514236509,1.4614318415527174,0.5768614310240262,25.0,0.2848515575645045,0.3620902318981116,-0.00016895642563552777,0.0011728513869964097,-0.0026745167703838444,-0.431882287935899,-1.5366170485036497,-1.1901170825577851,3.2350046723364327,0.0,91743.88430574915,0.027331189710610933,562586.7483876306
ID115_IZDA,0.4762305861701318,0.24298613308931824,0.7447313313493501,0.018228308113525552,4.110510964828489,1.783830257906832,-1.395501281361899e-16,113.38569316084437,26.595811390950168,0.3202621173527456,0.18496083627948992,1.4301283179152728,0.8266738504408718,22.0,0.34748031905328813,0.3918825964343298,-0.00013654117921922722,-0.037351578996549284,-0.007948644525721454,-0.6861464286565561,-1.262061829086787,-0.8281082430022386,2.1249552604486492,0.0,95670.324015201,0.027823240589198037,593111.982490548
ID116_DCHA,0.29465682938015064,0.14790885819129918,0.6000439293357022,0.01211344408603577,4.908377693944347,2.8404258463136425,-3.266863152920001e-16,189.65603397084718,60.973284681388144,0.15699189956742576,0.13288486884578873,1.9806731015716816,0.6228439855025866,36.0,0.15681631335653484,0.2845431802107391,-0.00017035592201875154,0.19534635955602098,0.4906632493713503,0.21662205695118822,-1.2696194955973976,-0.15089091921792244,-1.2967149237333435,0.0,36250.9967390204,0.1116584564860427,1493130.346344641
ID116_IZDA,0.3363005233955476,0.1648862101934413,0.7440438430183622,-0.00014439606690904932,7.183912811318963,3.3993819048648226,-1.4070153183368321e-15,328.5922941987723,89.88734630841466,0.18730055744289942,0.1394375547231523,1.9814734093021278,0.5742771357914684,36.0,0.14053787685737995,0.258915761058991,-0.00019347868906938566,-0.10331530981507209,0.03286141036500806,0.24997145455355604,-1.0700137792362148,-0.36800468811956316,-0.9351599979987313,0.0,46517.507899404314,0.11056105610561057,2118225.7346828347
ID117_DCHA,0.2613736914528978,0.16009265933770292,0.5923404630331696,-0.0027743482760147196,3.6359191245317053,2.0607448650418503,4.644070168366668e-17,148.6077935157474,34.17941506579434,0.15465968612232292,0.12336452587364245,2.0231787448984155,0.12034228272307325,40.0,0.02958781163808575,0.05965231152560797,-0.00015633373612804397,-0.021357047978567856,0.1905156090068261,0.39855746220718163,-1.1945735087107872,-0.5153753090322781,-0.3700230027277085,0.0,30379.300048609493,0.06699346405228758,793981.811683333
ID117_IZDA,0.25817601549540553,0.14648782402268354,0.6057143875426241,0.01732106073231186,4.560628832294317,2.076386956073242,7.117289506778967e-17,80.612294210153,35.777061693222535,0.14275862859408656,0.11907054829921115,2.399974938416171,0.35140622980337327,45.0,0.07619426050925875,0.1782594722822317,-0.0001811383053596239,0.24372810673913659,0.12047833701034713,0.5266533368961899,-0.937482239283626,-0.2009644282181746,-0.653617101954505,0.0,27759.080195129067,0.08848080133555927,772276.550934564
ID118_DCHA,0.48823400796680455,0.34592230202467,0.9378566976091011,0.03777059007130589,5.920786968577553,2.3197148799323157,9.227827737144159e-17,127.66428356667426,32.79259103451099,0.3482144881953281,0.26687327200027583,1.7429985046061902,0.5489510720693276,30.0,0.21140119016007525,0.33306834137370234,7.186064710135002e-05,0.03950054677646331,0.26554536990546873,-0.22032870767076954,-1.7316249885114618,-0.7046607936138692,1.9416424815813533,0.0,113118.12360466992,0.0275974025974026,1019775.5180461529
ID118_IZDA,0.5036899668658178,0.36160400853209745,0.930806202880114,0.033057397102095654,6.6345446785571704,2.088538482645653,0.0,87.69595586494083,24.460981505085478,0.35889221414544803,0.27713640275922075,1.3356847928386786,0.5361275619272156,22.0,0.32851680325271965,0.3775836015791398,-6.178530398675747e-05,-0.25365442475132216,0.013881766405284433,-0.2619476846393198,-1.699407549310629,0.1736479529037302,1.2952008403290822,0.0,119861.04739660879,0.024469820554649267,818615.3614726469
ID119_DCHA,0.417817216384033,0.229502168289316,0.7228007246509947,-0.004879553681975102,2.117266248852432,0.7620832665021582,9.318593255870166e-17,32.85669855622832,7.99060446049709,0.25703660470904727,0.17647280830184459,1.2206269471007427,0.7483993733539926,18.0,0.46843444101239096,0.44515346439663117,-6.29323294073568e-05,-0.2776452030290488,-0.24857801839112625,-0.27957404273649755,-1.5972227165365467,-0.23679257056735178,0.9358729708994851,0.0,74741.37166191112,0.014754098360655738,107883.73454148676
ID119_IZDA,0.36972874411095485,0.12446911935811268,0.5488456190868013,0.0006569779075020981,2.555757821654288,0.501644012739765,-4.6139138685720794e-17,35.0842954582649,9.591723056918777,0.1930844175280807,0.11882451935332144,1.8105404051737055,0.687401650857626,31.0,0.2251420250721816,0.35596202404076643,-5.4546044423665304e-05,-0.24968539196903405,-0.012031736266355059,-0.2176284030467037,-1.588770911110905,0.6930066484178237,2.4910567666454577,0.0,54805.98716206589,0.014610389610389612,47665.64519645752
ID11_DCHA,0.4290829061964623,0.2977936833530672,0.8941205857768278,0.0232249856668427,6.554120164187532,2.671083113567074,8.750526302464288e-17,160.3579531689033,48.04075176019517,0.2814859337076304,0.22753310422193013,2.0991721840272404,0.5262826969227609,37.0,0.1361908811941765,0.2679180703336538,-0.000178032866671802,-0.08923674737638931,-0.0284188972515144,-0.07048382246633296,-1.7547380608532215,-0.21408936030988568,0.975062883855204,0.0,84701.30320271254,0.03940886699507389,1320247.4624310827
ID11_IZDA,0.3858345758040945,0.284097860094563,0.7661002587576352,-0.0022735968355672275,6.00244244252945,2.5531421203026854,0.0,147.51596650797165,39.067029511243824,0.26441526399751575,0.20874927158241535,1.7389088988997075,0.655361630804997,31.0,0.19386218868991706,0.30038693101888225,-3.2145493987719746e-05,0.3242294276626321,-6.926100842462791e-06,-0.13510021258774832,-1.7366526173304588,-0.2900027138485668,0.5577117025390868,0.0,70385.66458406375,0.04262295081967213,1210754.8777158693
ID120_DCHA,0.4255344013216967,0.28553195821107447,0.9075339734754148,0.021521240431800776,7.349409482208993,2.7253976407714,4.1265639826357904e-16,327.001817036409,58.5178471679534,0.24544317623003342,0.2272018972444042,2.211823662974244,0.5088011734992373,37.0,0.1341850148943082,0.2787742532710603,-0.00011275980501944243,0.03846327513952508,0.8380202398201531,0.09743876902084146,-1.5765777320446215,-0.19839193166035374,0.5359000368242182,0.0,67329.52340209157,0.04174228675136116,1125585.3412552914
ID120_IZDA,0.3743533602741127,0.2408490951120846,0.7448367694451933,-0.027195649961609707,5.897147086244992,2.2288924130534578,-4.705581031523842e-17,172.0251514317331,40.24836702221816,0.23288371903459296,0.17891683901825586,1.9400550191178345,0.6090965691823836,34.0,0.18139250116482808,0.3183288219139728,-0.00019039746872493032,-0.4503910817592278,0.6800621086081239,-0.22446178867956887,-1.496027746461547,-0.1657030020976497,0.8977493602984232,0.0,61689.11229032523,0.041390728476821195,904954.149942573
ID121_DCHA,0.4900855393448512,0.2782584687011334,0.8051487947083483,-0.033585473541207105,5.278340930637145,2.324075155011084,-1.414015394547463e-16,87.88627519769621,32.94764394772738,0.3367837631760011,0.20440985702565495,1.6657895925163104,0.6914568642393759,27.0,0.23258801184914638,0.3356722776236837,7.914713325252083e-05,0.2818118622552914,-0.6989711391548088,-0.42453406723876025,-1.5283422911726163,-0.48486795194659943,0.6735124836391853,0.0,101386.26601462704,0.03814262023217247,980766.8511865878
ID121_IZDA,0.524291548910791,0.28310075221227626,0.8661596810543304,-0.0029739283987734334,4.784661198202842,2.3680618286417303,9.364648906228668e-17,138.07643370680364,31.146660894314785,0.36596206042696827,0.21591587974612134,1.541056060663689,0.5709508512841585,27.0,0.2183178980323522,0.3007346665600616,0.00017231437656862588,0.24326405761570435,0.11332543693347524,-0.6146136770457483,-1.2256181541874211,-0.575727423162875,0.4466669096284632,0.0,116020.39973910186,0.03789126853377265,1031374.8037175152
ID122_DCHA,0.30085095706770226,0.19392882520724009,0.582602964812485,0.0010208223902076268,4.333200809517195,1.5204124995322055,2.1210230918211945e-16,174.10308411194302,26.557314577056296,0.19272813541033706,0.1333139786097986,1.6027885034696356,0.6511445908439217,27.0,0.25975763653715583,0.36014461263752695,-6.269425603137466e-05,-0.3943841898068947,0.014614212922313938,-0.12908999628068604,-1.697605190540038,-0.432470418913261,1.7576541064282827,0.0,39736.6888894073,0.03316749585406302,419303.1400853284
ID122_IZDA,0.4044260089534696,0.2270035730986336,0.7284322998856781,-0.00841634804232092,5.389279259619227,2.2455204623397047,-1.8760204244491094e-16,227.7435075078039,54.240081750387475,0.25803133607585693,0.17179625474180468,1.861795061049539,0.5008520146723634,34.0,0.1626843292009894,0.2811498508756366,-0.00010687248041391713,0.01250756737596781,0.90029223960515,-0.5511141521581322,-1.3654005597601873,-0.5665998579094293,1.965191277197487,0.0,69511.57188056782,0.034653465346534656,924320.447943975
ID123_DCHA,0.40201431535790805,0.2090126041941022,0.6567510796720473,-0.02100399169247674,3.7316593950197507,1.1324558586581743,-1.2834105243614288e-16,104.03375816951488,16.158621236230726,0.23631793895048692,0.1430165486976161,1.6583276543487717,0.7662605505767076,24.0,0.3923893212015337,0.5152960071809912,8.1411823994243e-05,0.3233968823638813,-0.2845788209775304,-0.7584818884383793,-1.1267940905660359,-0.1723660425473321,4.183892198124511,0.0,68027.95014297547,0.019704433497536946,237578.04555044396
ID123_IZDA,0.39872009759868804,0.19486335336807675,0.6360681874481164,0.018387644890276535,3.571220616315374,1.1677404154561426,1.1572357259936485e-16,91.60677262243301,17.84431744964123,0.23187454336039884,0.1346521063379104,1.8200934238798394,0.7115917720095809,30.0,0.3107775264183951,0.4691343462582841,-0.00011049394602822918,-0.2633020419632104,-0.2811066341943524,-0.8443978598250071,-0.7896765807575559,-0.37934661841778733,3.5260957674844775,0.0,67079.9002488706,0.021172638436482087,256690.06323433842
ID124_DCHA,0.24835685639512475,0.14350003846923146,0.46037150671718013,-0.015289244064065241,2.823450158237253,0.734083438408173,0.0,44.72466140081949,9.521146444888759,0.1282748830298008,0.0961791983344487,1.5915569083314545,0.7278313718859696,25.0,0.38209844546330957,0.4913637717255753,0.0001004303010502027,0.037689108370865254,-0.016096038106337144,-0.30720874586499025,-1.4751162134041602,0.3392965339458629,3.3340684134925276,0.0,26601.13074174902,0.021381578947368418,99524.42175168134
ID124_IZDA,0.2831142502133422,0.1777331010934501,0.5450264123297294,-0.02019957530333293,3.623819514948106,0.9767835318584802,7.684738406723214e-17,74.13803220313375,13.776178357273368,0.1596846678549909,0.1229430740436087,1.3819074867874255,0.5637742557988858,22.0,0.34210155598698094,0.40229266593549534,-0.0001887620181836535,-0.017691542548641248,-0.018735891149097763,-0.18795088762639559,-1.4957834098008413,-0.26614242443823444,3.7847985845211944,0.0,34647.059991425485,0.02329450915141431,172171.90489593986
ID125_DCHA,0.12650955046877693,0.08087674349640775,0.30859286962273114,-0.009486835330232233,2.4057716067068364,1.1780331368703583,-4.628942903974594e-17,54.29941104296641,22.58232966198539,0.049393028695974936,0.052795220584541405,2.047053095141748,0.1206301468301462,40.0,0.028817008844871716,0.058788759569374585,4.5157826865226586e-07,-0.0019827880017704302,0.32322281897802707,0.7050511095176731,-0.979174712764975,-0.22195736460382798,-0.4673435598027962,0.0,7264.660433916198,0.06840390879478828,261161.34352216974
ID125_IZDA,0.1249779350774776,0.09347593983867344,0.3329551335177876,0.009191502650887997,2.7698531031491345,1.3549094522821625,2.9409881447024017e-16,58.29671795003838,25.615187453641994,0.07025127199625442,0.06369498085938095,2.082206220014991,0.12124708683169746,40.0,0.027839046186832094,0.05777453776745319,-5.6805892142784224e-05,-0.022351230211711037,-0.20858210859437237,0.6705320742954143,-0.9698619371242092,-0.1625169952360206,-0.41814322782211955,0.0,7289.424984524551,0.0695364238410596,334333.3055074568
ID126_DCHA,0.15167984825265166,0.10919251573672174,0.6318297803042507,-0.016681809777594304,5.349375138697198,1.4068581477798332,-1.8698493046318425e-16,195.24566074656207,34.82538329826647,0.07496343855010511,0.06808910419952027,2.161257530887289,0.4063644561099494,41.0,0.10082253893228836,0.20975894021993766,-0.00014079116592820442,-0.027515094255974315,-0.011410502021723539,1.8420257172578582,3.160266290100874,-0.6427673043894127,2.6116186779144828,0.0,10704.90524750846,0.06743421052631579,365270.01858302264
ID126_IZDA,0.26783586525415204,0.15290971201906606,0.5309385663464116,-0.007849280557327537,3.1141826202877385,0.8305080280193389,2.3334736806571434e-17,42.07639178442739,9.475499043944312,0.09317584290652964,0.08870054050617526,1.4366172920044091,0.5192972836997309,25.0,0.2601870306990627,0.3322034160424101,-0.00032881392305330654,0.10334359882850963,0.2716416067740915,0.048922901802020954,-1.4283452785448498,0.5090057377380047,2.231609395294824,0.0,30934.263419616207,0.031198686371100164,127716.99368698333
ID127_DCHA,0.542780292968544,0.349926023921671,1.0446143399255206,-0.02139569788371457,6.360197921856422,1.9732218368583407,-7.058371547285764e-17,95.35397793887142,27.77328135910813,0.39073332227887875,0.2875207527976448,1.717900721265384,0.5754945769116585,29.0,0.23785489461576442,0.36352638309977314,-0.0004168754997775337,-0.15087106107997394,-0.6337739561129754,-0.29641210901770354,-1.608367820406362,-0.24353663464257602,2.6111387287213175,0.0,129777.15190461649,0.023178807947019868,709203.1885315152
ID127_IZDA,0.5280017832488809,0.3082832520877632,0.9204351813436406,0.02360152780773959,5.250941244620154,1.6400175984516507,-2.100126312591429e-16,89.08929458879643,18.235288260086943,0.37499258521929385,0.23510245550901507,1.3161139953801648,0.6997181845755848,20.0,0.4182858503670423,0.43705493159614867,0.00019639534415151843,0.7669386895464156,0.0959280373243579,-0.5076043450677334,-1.3509077068778195,0.18005622567711363,1.1729892110213127,0.0,120991.38952037353,0.026272577996715927,498152.0062442113
ID22_DCHA,0.36428208212365243,0.22009057500858306,0.7260401984104838,-0.018259689358078673,4.579705912422842,1.962032563023586,1.1084910074260534e-17,144.43273569560034,30.513897499960773,0.1656788101354078,0.14839456071498544,1.4773719039646072,0.4902314995210803,28.0,0.15245153328189073,0.210558721903079,-0.00017262645633399782,0.04127575926559257,0.4918366633035763,-0.06670718309254303,-1.5467167003788325,-0.5589766013178101,0.6577382385350354,0.0,64460.42155770448,0.0436817472698908,789749.1861048918
ID22_IZDA,0.49928564770910444,0.31078098853903463,0.8888395951040277,0.008175788362995857,7.509771262237636,3.291228101117797,2.970114329543827e-16,149.11381056153274,52.81343824880961,0.31700022475997036,0.23414008389548624,1.5012301188788202,0.1006556701444426,29.0,0.04735666163128706,0.07076381250338332,3.7457328258535605e-05,0.009048725884206466,0.07254570310453609,-0.39615499455181175,-1.5113285909414826,-0.28480775447949347,0.19034856777323217,0.0,115098.34847854346,0.04983922829581994,2092026.9871550514
ID23_DCHA,0.38895452439614064,0.17799494026411278,0.661102431674944,-0.01250691048081517,3.0964965935813558,1.214672335567045,6.498866485610672e-17,98.10525735395866,18.09808736832998,0.2295309064236156,0.13762222010928574,1.5710375961859968,0.7051846580012957,28.0,0.32813979462237153,0.426592634820867,-0.0001948349530591467,0.17727062265438986,0.04941139203379598,-0.40852769883400264,-1.3303808457007473,-0.7231369450998748,1.5311633093599335,0.0,71910.25264715003,0.039634146341463415,317027.07434016577
ID23_IZDA,0.41329905103165526,0.26072475629534037,0.7952700940318311,-0.013086891722560801,6.45066885639344,2.4894089603363394,7.03507659168416e-17,148.87443261461735,40.112494742285634,0.2714429451812287,0.19754400777066655,1.7855967130231227,0.5794799912089774,32.0,0.17072920231397068,0.27863982914639746,-0.0002618564891066874,-0.25996731677890983,1.0309069642972322,-0.24188028846126733,-1.511307231060379,0.09112057321178696,0.3796317204766111,0.0,75191.09967946661,0.04785478547854786,1136046.687896378
ID25_DCHA,0.1896703519039021,0.07306664177555627,0.5025482630055847,-0.004112878131262177,3.7224776373038457,1.263760928161372,-3.51174333983575e-17,108.05452745307095,33.04027263251307,0.08177998403964931,0.06034975843579426,2.2834080436534197,0.4800591869512959,43.0,0.11093552429278064,0.24091720318909995,-0.00018819435846080434,0.17706914318219757,0.1395131688655886,1.6743601777616364,3.058780471366174,-0.11298636826723178,0.4027565177106158,0.0,14236.78348009658,0.09225700164744646,293711.1696696509
ID25_IZDA,0.1768639751982195,0.048401373481933,0.3690271785734653,0.0005253308843852762,2.017822669751007,0.7101935258002735,-1.1961998918520205e-17,97.95169734614237,17.672277968217898,0.06130346460392858,0.04081260978883388,2.238281675353094,0.5845227091657406,40.0,0.14318092500033183,0.2966319057600905,-9.027146111950708e-05,0.09452147838933866,0.1469394406553013,1.4455533454732414,2.2421767111209743,-0.45465602532964233,1.7970065075743848,0.0,11449.604174806433,0.09427609427609428,88796.83883409614
ID26_DCHA,0.3804960560740191,0.21085994918526174,0.8004318598127287,-0.03014053918313577,4.776284693493261,2.3431976279111284,-2.8327285146582065e-16,196.004985865566,49.996396761943714,0.22374222777002087,0.175097404162724,1.7379195875556892,0.45571253230513775,32.0,0.1329562907891772,0.21847598363221332,-9.296891515393319e-05,0.4067917082234416,0.011785146978332627,0.08775844436244595,-1.4242392483309156,-0.7389795756822491,0.21256624228170518,0.0,60511.04672702872,0.04983388704318937,993194.8806421573
ID26_IZDA,0.5001778374278368,0.23650277733262645,0.8542370968327045,-0.022017522199608803,5.050856529577258,2.425659564969842,2.0898315757650005e-16,99.7062722911805,36.35028146544294,0.3318091819567251,0.1992154957535426,1.42421154926183,0.12503921156394157,28.0,0.06139779523125622,0.08679496694907804,-0.00012961599705540736,0.043319727655587004,-0.07634064376897381,-0.42407518019071605,-1.3278023830242465,-0.8026615552342715,0.32554918738548766,0.0,104160.28461435743,0.04575163398692811,1100243.9356373656
ID27_DCHA,0.5690163852783195,0.28274230500796327,0.9197290682162734,0.03803014926116202,5.999286917882633,2.5954152430928636,2.79557797676105e-16,145.0249081514412,39.396182974022274,0.396545706566964,0.23134163023352247,1.231680972164419,0.12657839813342311,24.0,0.07854843522919626,0.09582128686814058,-3.582485093499998e-05,-0.10784064190130715,-1.1085317974210103,-0.6107670061353586,-1.2100122604745371,-0.5153725863813793,0.52752544396095,0.0,135327.3818915828,0.039344262295081964,1251749.93172794
ID27_IZDA,0.4936361296639975,0.25139692081352116,0.8803243854404528,0.01511742613579233,5.185021932441657,2.4551808929670442,-2.3258354689364983e-17,230.85370257199415,51.67641847476772,0.3257848576330319,0.20232457043559068,1.216586980759952,0.147386455928097,23.0,0.09937250841689042,0.11919891592897182,-0.00014650629083136514,0.025302109903735603,0.7257739690883551,-0.5745106502906896,-1.2559849051890306,-0.9298192694288512,1.4154893537845394,0.0,102747.01199416694,0.03927986906710311,1122845.3118929956
ID29_DCHA,0.31977505784296845,0.21759001029006372,0.7062626969872295,-0.006167119250993681,4.824426697787967,2.5063176956224433,9.303341875745993e-17,171.10117219016567,44.50927522208258,0.1770455174775425,0.16668488471152015,1.773386991965345,0.29440641179450033,35.0,0.06626453294127876,0.11534876455861164,-0.00016724801140185745,-0.003820796490024314,-0.20051715656034025,0.29554341570421816,-1.545057393175545,-0.5531824797510955,-0.037823116498322484,0.0,46997.35980243569,0.058919803600654665,1170525.3267928718
ID29_IZDA,0.4344802796820217,0.24387471262141108,0.7206283455120396,-0.001378291888381255,5.48105702630888,2.706866277370619,-1.395501281361899e-16,167.3561549567679,43.28936577027132,0.27839320190972555,0.18449453167590013,1.5674144878109155,0.06102601768615879,31.0,0.024534254005556963,0.038398855995952455,-3.058672108361178e-05,-0.01214547550451539,-0.7301649748610715,-0.4140463864561451,-1.5115000048886336,-0.34815172808840417,-0.09928906394665749,0.0,81556.40382070641,0.05237315875613748,1365433.6290743006
ID30_DCHA,0.5644517836291826,0.25525236359304704,0.8951747815636169,-0.008154350804328227,5.8787318766046255,2.797552490280142,-1.6044513388131294e-16,219.75378019674804,56.784853076829386,0.3702922812355637,0.22600955931866784,1.5324979022131118,0.36597657594868566,30.0,0.11990163024320837,0.17656134195085088,-4.729124254027117e-05,0.12887713296442582,-1.2681925376482273,-0.5457692442089823,-1.24159942763194,-0.9955825627212124,0.7342716424468612,0.0,134974.41206824186,0.04838709677419355,1501789.245470613
ID30_IZDA,0.3831906770669167,0.24416643527476115,0.7846684325637789,-0.024099280108232587,5.159459244984134,2.246577261709323,-1.3708219982509973e-16,88.72153258400476,31.245814966257782,0.2155011205652409,0.17984033338462957,1.494900339348503,0.3164205573861521,29.0,0.10446749730832693,0.15147829187009706,-0.00028862165698514524,0.12152342766676294,0.2789451866714022,0.023807133830833646,-1.5511644527086315,-0.44340464732234053,0.09846183504082084,0.0,68322.06900941521,0.04662379421221865,974972.231709072
ID32_DCHA,0.5642224182183192,0.29648485673689523,0.8719207358412276,0.004432720772014015,6.420040551531991,2.5798556945629887,1.0297720808117394e-16,180.30627452428314,46.59810226970869,0.40165421904871756,0.23754567607377966,1.780992832766718,0.5839343596298896,31.0,0.2241770675782518,0.3556439924119895,1.2426010636099582e-05,-0.1942128583530851,0.018862729978311763,-0.706887515556777,-1.2376452535115894,-0.32384692295113204,1.5040457618534093,0.0,139689.77627913412,0.033816425120772944,1280913.9983056022
ID32_IZDA,0.504378707364315,0.2654146232774986,0.7976693818434454,0.024994015447550706,5.735482668065972,2.28637187966673,4.772301956597688e-16,169.100908661524,34.7908016029946,0.3394465116750594,0.20713849727826877,1.3942631714027685,0.5789894884114569,23.0,0.22290961712580468,0.2770017742183951,-9.805675346730112e-05,-0.5512462587504423,-0.0003364676104029951,-0.6750994308502892,-1.213315262699662,-0.3720382923540675,1.058205129620296,0.0,105287.29459722199,0.03482587064676617,948858.3317593369
ID36_DCHA,0.3708685713032808,0.28828265857338087,0.8381045567058943,-0.008892784492701212,6.435374077607182,2.581564840592873,1.6254245589283337e-16,106.99119166293971,36.29233633171642,0.2464445601814053,0.22417905258191662,1.897308879081701,0.7073976490076108,32.0,0.19320061742274514,0.3235543896958505,-0.00019549737076618505,-0.2601160376745246,0.18756398338674812,0.17757895123156256,-1.6316377139513651,-0.15525953925766844,0.09187909188960974,0.0,67054.229254168,0.04411764705882353,1246027.4769729902
ID36_IZDA,0.38225647891196873,0.20467162010645043,0.687649729401465,0.017449919416150216,3.5797718859472254,1.9944895081805571,-4.5620721397117187e-17,89.08170013501336,27.156691487750866,0.21321603894650176,0.16354738210480177,1.4734197069501345,0.08237177671698998,29.0,0.03666075355580389,0.05385740108826765,-0.00014320546491682504,-0.0367438250290435,0.12020692385723598,-0.11597623993626656,-1.5989456255102603,-0.4854015930821551,-0.28618415095996497,0.0,64829.809202795936,0.04975922953451043,770844.1997455179
ID40_DCHA,0.2687107676620247,0.1299681240540554,0.4860345904468811,-0.00279346249892455,2.611796364571154,1.217789969821293,-9.168293364646454e-17,139.6085773400955,20.438514724587595,0.14235293559136183,0.09681780228260811,1.8031992964829362,0.6450065805636297,32.0,0.17732388376382271,0.28793615881976403,3.08909614265139e-05,-0.0008622299847562687,-0.1733322931572115,0.05178379607404649,-1.6438634013847744,-0.6857061245190602,0.4471402180649875,0.0,30997.128819919908,0.04516129032258064,284537.97719463625
ID40_IZDA,0.22745453675874658,0.10678944782744586,0.47883259664539396,0.01492704282057342,3.3235034479619836,0.9752277579546799,-2.341162226557167e-17,188.63711477781223,17.62151281083239,0.11347825183936,0.07995222397245878,1.5758697455426216,0.4680887562848003,29.0,0.14683158803117558,0.21717153417990992,-4.6384709891690565e-05,-0.24466466023302402,0.24262762653325595,0.13568862845507917,-1.3523513302978096,-0.9311127620088777,3.1095961953045332,0.0,21159.3406183835,0.047775947281713346,174921.18190423626
ID43_DCHA,0.3129160574489824,0.1998646056716323,0.8491473359053695,0.006953902834500868,6.707638384150838,1.9313827379144877,-2.3069569342860393e-16,248.35137031497334,45.56480740181139,,,2.01872818371007,0.6176851514316163,37.0,0.17910578425115864,0.3274224522808688,-0.00028508444167735984,-0.0219036022343726,-0.030387655405554652,0.6638202849154529,-0.8068790416476488,-0.42214148398213214,2.0439096479794197,0.0,44721.34564564031,0.0551948051948052,705758.1499982835
ID43_IZDA,0.2947741622506821,0.2036232061102869,0.6341590459376846,-0.0031794475765098973,4.323217535828147,1.6142383074131443,3.6468252994309777e-16,160.37176851351649,28.679263828998007,0.1692992507316886,0.15321927038387523,1.9807983885010039,0.7327325280261439,33.0,0.23946388651514067,0.4078793161500423,-0.00023220972044718106,0.26410311718408486,0.001975425206242892,0.14199435549408365,-1.6012017132244052,-0.16831281772987122,1.3993334975935916,0.0,39249.97129703584,0.03145695364238411,474205.5189794704
ID44_DCHA,0.6109443880129396,0.3391486106852691,0.9928185485807696,0.03420987345597894,8.290989932600613,3.581888090669157,-2.1070460039014503e-16,257.21217972015967,77.94750434359506,0.4127118125830703,0.2993536314221883,1.670685036681669,0.5075691392987343,31.0,0.1493441774495693,0.2329573183475685,-1.714949827984902e-05,0.21252878812312215,-1.0772427030571103,-0.5049335301262674,-1.3282150988527746,-0.13293768243895648,0.33148176199778057,0.0,158678.98586549138,0.05271828665568369,2359363.12746769
ID44_IZDA,0.477200719658988,0.21497509277707635,0.8152812918048159,-0.018317269780496317,8.207081810227354,2.491067909479299,2.79557797676105e-16,282.2981217450857,64.40573800083924,0.2948689600739462,0.17638954312849553,1.4864116313092477,0.3576980112362445,28.0,0.13325636065239432,0.18965277383043935,-0.0002617247200981503,-0.14067076777696297,-0.007539299213320119,-0.6078438783299407,-1.105748692953503,-1.1092719972218028,1.888078872216024,0.0,93318.87348994314,0.04590163934426229,1152743.9722591648
ID50_DCHA,0.26461481019382455,0.17154314783262534,0.6476457188049098,0.008027375583279726,4.021011310759578,1.8374116404426446,-1.2729592985930134e-16,80.80464100203503,28.134245502987994,0.14233674184021347,0.13656656130217196,1.8232978499697068,0.3688766700488274,35.0,0.10157759799687532,0.17889259028238486,-0.00014305618786834116,-0.25940942428408964,-0.06592456896731452,0.5529847963043917,-1.0378158702070615,-0.5668103664651925,0.22876888858581967,0.0,31935.52785224552,0.05374592833876222,635358.4212762343
ID50_IZDA,0.3100047469976856,0.20016821162868811,0.6459839726600872,-0.018738896351695133,4.240030005407232,2.0976254550621385,-6.865147205411596e-17,85.4610517728335,30.63311094032805,0.19187189075611877,0.1522841367128036,1.6296393160391247,0.16266868094312265,32.0,0.06322230422214878,0.10200459163470244,-0.00018970597366380437,0.011683103643280957,0.04136456102910936,0.08459620885099897,-1.511470025407086,-0.4775428844874747,-0.2899936468603168,0.0,44774.56748750669,0.05475040257648953,847180.9545575018
ID981_DCHA,0.3247155780474729,0.1687963732970161,0.694529937199595,0.001515912915577383,5.341245358457212,2.7835226909321302,-2.3527905157619213e-16,262.94991029368214,53.98112248994847,0.18714900684021576,0.1364233072088498,2.47005242605787,0.4980416453118226,46.0,0.10922646035644634,0.25625426197901296,-0.0001957942461266507,0.006195122211055004,0.11847135299456042,0.18400391885185033,-1.2421079552570014,-0.21674152033005398,-0.9657780092290502,0.0,43654.864389811315,0.09933774834437085,1410899.8676172786
ID981_IZDA,0.30266076260850633,0.15699903069782328,0.6848907641134395,-0.0024508473619015135,4.273708664448629,2.4439902917164935,2.1035804677108228e-16,230.5083763112793,53.24244177738253,0.15517865408071171,0.12544422986776924,2.49126268885044,0.46369981106274,47.0,0.09459107769322014,0.22597544534411562,-0.00012591942275472437,0.3962668688534836,0.19998220342890713,0.08529628548879183,-1.3312937528805864,-0.5359207213240683,-0.6438977613280152,0.0,38410.886037340664,0.08881578947368421,1102153.7756615863
ID982_DCHA,0.3363591139676174,0.16957395479037277,0.6758979221699447,-0.005788205727083618,7.200675983632308,3.186227597932578,6.576924496291836e-16,299.9295939633488,80.99654001086944,0.20702858504861896,0.13415026179518647,2.3902220943744905,0.611739016599073,44.0,0.13602200499279915,0.3006501086015937,-9.208544942939093e-05,-0.17827783530350816,-0.5912241784057038,-0.0731701272956603,-1.3653862026545822,-0.29862620040665305,-1.049500532312652,0.0,46664.60082599851,0.09917355371900827,1853459.106144624
ID982_IZDA,0.4098942698890046,0.20809804790873854,0.7911116621802773,0.005260154730444232,7.275405430228947,4.525642456521115,-1.1274727707928863e-15,447.90551826799276,125.65821227112394,0.24072679671655323,0.18202742070514555,1.8244554074550374,0.5262094174465293,33.0,0.14879722980605375,0.25301189036724403,-0.00016158731900200527,-0.15439692853338327,0.8872441875174458,-0.07691791753775173,-1.2363058816012051,-0.3385605407600188,-1.4301722759894189,0.0,69408.0401823574,0.1140495867768595,3737426.4228958488
ID983_DCHA,0.18289170514127484,0.09995067512457653,0.39296476215425963,-0.010839727663657154,2.756272313009673,1.1550517753778966,-4.7369515717340015e-17,66.54773765322976,22.591517543925157,0.039830618055929336,0.033431216297990056,1.9568092009947131,0.5331451293177558,36.0,0.12406036408498686,0.22817020178569292,-9.779642082691196e-05,-0.06279623510492827,0.1585714331842618,0.2590708594126588,-1.3974565107423769,-0.13441787823813803,0.18784974311635194,0.0,13836.975609357234,0.05333333333333334,239759.536720829
ID983_IZDA,0.21765697937849732,0.17868156059832777,0.5625952821748778,-0.015193480431837247,4.72128019590369,2.1082595361381156,-5.609547913895527e-16,122.7199246286398,38.70792111154954,0.09119214805360856,0.09476584528607992,1.6713996818440824,0.37128761261844745,31.0,0.08449929384433892,0.13708930712826495,-6.0583445167041155e-05,0.2546228003006419,-0.8888611905821029,0.5372518676829,-1.3759145267595128,-0.2970651764655804,0.15568879838798555,0.0,23404.072996050407,0.05098684210526316,819920.7257061652
ID984_DCHA,0.22082772824153934,0.11466619385041488,0.5857391509784634,0.004365354567315499,2.092249951499537,0.9806411325899069,5.872254014546283e-17,88.75833271493407,17.364713037388302,0.0861919572378476,0.08407820202611453,1.68406346597203,0.5308206658708517,30.0,0.15817963999750237,0.24705675041780487,-0.0002458801857389674,-0.030404241782414188,-0.22989040059108418,0.6124292874271083,-0.35633991080745897,-0.88452050276028,0.8135829580862817,0.0,20251.474608969387,0.04462809917355372,175641.32987308255
ID984_IZDA,0.24726228548137827,0.12041971695947963,0.521254809406715,0.0022271594588156563,5.283852767988615,1.3860649603385404,4.6900510611227736e-17,157.74477689282202,30.466707133370715,0.05334320265938034,0.04459754264696634,1.8338672766614241,0.421779234984643,34.0,0.12150124916140063,0.21249441174641845,-0.00018646639310005765,-0.22763676925269216,-0.1010472326730311,0.2494840317331984,-0.8899238364156479,-0.1149878650745551,0.7035607737648504,0.0,25110.542788143306,0.056105610561056105,352181.50537105923
ID985_DCHA,0.4636254240957748,0.17390347984278187,0.75808335936463,-0.005382105482057609,5.140495458569412,2.0005344627549624,0.0,159.9599265024908,42.65849117284432,0.26130882778615694,0.1511253770006079,1.8120001287115783,0.5326064007226026,33.0,0.1494250690072832,0.25191891623731677,-0.00029264866961331505,-0.5390911451560145,0.001988816571657493,-0.42837759732342146,-1.1321282897590759,-0.2533343354653616,0.34133318880896857,0.0,84201.96488699487,0.049586776859504134,730540.2079131708
ID985_IZDA,0.4165459160326001,0.18939421127528958,0.7070853274346501,0.014497980665119104,6.195122108616653,2.2407914528229775,-3.277627117180034e-16,203.15539559892903,43.33558573271333,0.2352656467643183,0.13959525458769295,1.635456115478284,0.24562848725790262,32.0,0.08728420303104907,0.1398411797560197,2.3541536929002e-05,0.02026808149132031,0.04656866896407693,-0.5865226864156022,-1.100371708988393,-0.3267251162563238,0.15722767953458883,0.0,70526.75345456658,0.054365733113673806,922960.086438978
ID986_DCHA,0.4899844432590675,0.2396038108595311,0.8111319553028421,-0.03430836640670176,4.676049105000012,1.9369913061573816,-2.5668210487228576e-16,141.16860909934786,30.755673782357977,0.32265457476116677,0.18803007278710462,1.337871708003061,0.5979666550356774,23.0,0.22778070514560633,0.2704098360536907,-6.96179519031604e-05,0.5605362292574791,-0.4093189315519252,-0.6865286370898498,-1.0900437562621657,-0.4225664679811243,0.6112471111299298,0.0,99671.33867901623,0.034482758620689655,694981.7410511826
ID986_IZDA,0.45398853352248,0.2312505473035395,0.7888414242121838,-0.014744212074768056,7.2694831550472605,2.1398663196976435,2.1070460039014503e-16,201.2627176096513,51.74681867316537,0.22705848366487427,0.13550547198868088,1.7792724197667524,0.7369832902592,30.0,0.23311731393082272,0.35728860000023643,9.9040672688148e-05,0.08661369913749373,-0.014151425947029235,-0.6285535563899253,-1.071669813403482,-0.35276201604628576,0.965468379370261,0.0,85774.82797847252,0.06754530477759473,841662.0492358812
ID987_DCHA,0.43623116769010106,0.3189301817576004,0.8526411740753712,-0.0009551479014236413,7.172896775743928,2.1827882144816413,1.78513619774984e-16,177.25797043393337,42.37307026276131,0.29900887313680413,0.248590692332461,2.0481778924600067,0.5697096583706449,36.0,0.16117240393148757,0.3036560877558232,-5.8080173997261355e-05,-0.23128290439118793,0.707892145589382,0.049920075268367704,-1.8837951202687937,-0.21735360925716676,4.120129036103106,0.0,88822.71350947951,0.023064250411861616,876102.0585603745
ID987_IZDA,0.5359584731257241,0.33388083368424454,0.9221312068147695,-0.013323034518036682,7.6797417458026365,2.209073110503248,-1.397788988380525e-16,234.4679455269865,59.9845536121658,0.36066189137873766,0.2582153112857693,1.9906177505259117,0.6093395936244104,35.0,0.21511517829030102,0.38269458636016684,0.0002439630946053021,-0.12145291657627055,0.9534480253451658,-0.29785256126747756,-1.7009683645800884,-0.7923136365719449,4.748695106533322,0.0,127592.46237951657,0.021311475409836064,906441.973267416
ID988_DCHA,0.6486411018946838,0.3182125219431546,1.723812705853313,0.03898772570204164,18.937988480639945,2.097401022736821,1.4023869784738819e-16,448.6867376512762,51.34290139256079,0.43770866319044216,0.4087773268231888,1.9817638288004777,0.649128218459612,33.0,0.2568027495157489,0.4435089794882047,0.0008263011410858767,0.11055092565364588,-0.5783889188471991,0.08486739107260216,-0.46288802804903284,0.3520882838279894,15.670713895822779,0.0,174214.95147677342,0.019736842105263157,810713.6070320174
ID988_IZDA,0.2609150267202591,0.1560735374866124,0.5500189004532481,-0.0007978971961180387,2.9106798772166687,0.8414830358365881,4.375263151232144e-17,177.0154524086884,18.71286371617001,0.11217862079981428,0.09868586527611242,1.7659815080900416,0.6560562243296809,31.0,0.2190886834988648,0.3406085280996989,0.00013882663240576576,-0.029186813621487895,-0.026317952695410794,0.01756789512569424,-1.4825780766633114,-0.9580037003980651,4.982262257149453,0.0,29757.991557803416,0.02134646962233169,130871.6936436734
ID989_DCHA,0.29620973765224573,0.11132315205414445,0.4941840893638541,0.0027859875136257086,2.7831812913113234,0.621810467088954,-1.7415263131375004e-17,34.097609161113226,7.641520727431946,0.1351182031360987,0.07656197766347686,1.8307759639562167,0.6517218949210978,31.0,0.2236363164467922,0.3603104732992025,-0.00015952416109387533,-0.02421769578229216,-0.011524384643067095,-0.4289886240232769,-0.7540418194453693,0.5219664357378855,3.1151034799527633,0.0,35179.60921952405,0.0196078431372549,72291.15866137146
ID989_IZDA,0.3775640484342512,0.16172863589786454,0.6442823047865612,-0.025052279067026652,4.887334796033131,1.404009725417061,3.488753203404747e-16,172.88650338140528,32.53989851494979,0.1998841550654595,0.12038972076825723,2.076236979940594,0.6202335000906629,36.0,0.2368582067571537,0.4341498211701378,-0.0002922412285143927,-0.2571801692358713,-0.01720778400191466,-0.34771518010291363,-0.724308306099096,-0.02116116236843385,1.8209879768997226,0.0,58092.839688243104,0.027823240589198037,367288.03554783354
ID990_DCHA,0.36326793823939413,0.19420473786384035,0.6977348609643159,-0.02870721288879768,5.236068600271357,1.821938295346593,1.7645928868214407e-16,186.2234544545881,29.221818956419707,0.21582644112064972,0.1472548017727815,1.5294473330888338,0.4417581457676147,28.0,0.1634408757824754,0.23419699120226345,-0.0001404499609440407,0.2640564781715571,-0.3448556339083344,-0.20260823811271322,-1.5116440956034334,-0.007418387620983352,0.6546698648392808,0.0,55010.56877030531,0.039735099337748346,604774.3073452394
ID990_IZDA,0.30120631004833404,0.14294573179709774,0.5722756290040606,-0.011359731846306982,3.481510937943724,1.4684555554940446,9.333894722628574e-17,189.5420202665711,28.547063996335552,0.17020955745569868,0.10097908055959522,1.5277165436379945,0.493199041171541,27.0,0.18412274508692278,0.25926830134695095,-7.745674487684799e-05,0.4791454722137529,-0.45340043481108105,-0.31247616253019844,-1.1990129664629974,-0.7235431668428631,1.5992007334177254,0.0,37431.20155854658,0.0361247947454844,399222.5660969408
ID991_DCHA,0.33852966817466684,0.1966843649724902,0.6801678481342818,-0.0009095779938023054,4.461914620058508,1.9247401973741542,-5.113306709088908e-16,266.1232248004657,43.483680791053565,0.2175164216903622,0.14094901948713479,1.8708046275353678,0.6582474804685515,32.0,0.20906995417517976,0.34591243173601355,-5.293563594823375e-05,-0.2242725514068007,-0.31905232915503756,-0.17094787359565636,-1.723044730898137,-0.8004125284137052,2.6332082063753077,0.0,48369.182841943046,0.04326123128119801,667363.8955267011
ID991_IZDA,0.3488696967862353,0.16746190958925,0.6406673640481103,0.004350388165149251,2.8445823603057945,1.6050290342148417,2.341162226557167e-16,82.70174958560841,24.68987352297112,0.2240184223527181,0.12426174970703154,1.3600877465892962,0.1288870067196029,26.0,0.06564796146138668,0.08855574261343191,-8.665848412541815e-05,-0.05716994196184477,0.11303446791431937,-0.18599073140437888,-1.3465320353503887,-1.0874645836945998,0.8488059385651079,0.0,50001.73478111445,0.044481054365733116,473804.1373516576
ID992_DCHA,0.4976441054785298,0.27978455297098515,0.8793591044089807,0.002564242106541808,6.45222297961727,3.469531657302768,-6.137578448426114e-16,215.07227177537766,62.49153255372735,0.34270834666456057,0.22226218178491403,1.7784672191315858,0.17522337926356973,34.0,0.05818763822546133,0.10246660660761121,-7.478407349745183e-05,-0.1938125029782094,-0.07501488247962718,-0.42569502413554755,-1.4170312246093129,-0.5161117340129684,-0.18783789151555919,0.0,103909.9566388518,0.061461794019933555,2177337.828283165
ID992_IZDA,0.6161551514963141,0.3207719033155471,1.0015983604395975,0.001433048126300885,7.940996634930304,3.881210190653879,-1.407015318336832e-16,204.0653259999512,66.20285311751802,0.43259799389266423,0.265662462523419,1.7218666765304145,0.22799545378843736,33.0,0.08072555161633982,0.13656142678322555,6.649982871335716e-05,0.060313612363332325,0.974250527104271,-0.5151357244714304,-1.3249137282409356,-0.3119890656379262,-0.10794862745501765,0.0,158282.22964984842,0.057755775577557754,2761407.0084261955
ID993_DCHA,0.38025844352234883,0.1778818987559894,0.6697538305687484,0.015285283164760619,4.147580660019346,1.9820613951278072,7.851300947625416e-17,63.80877853314808,28.039986885016933,0.22361501697657873,0.14212206952796286,1.6805623338264586,0.13314214659239984,29.0,0.04911692096372757,0.08201865880699258,-4.709318424179838e-05,0.18129330679640332,0.03986367823937622,-0.3280742571439248,-1.4211621349720107,-0.208765276095612,-0.4327798757091905,0.0,47290.32460305536,0.053406998158379376,578167.091135376
ID993_IZDA,0.3662173227648435,0.1650600788772715,0.9871893959460366,0.013364469179370902,20.87954857220436,2.673707494015914,3.315866100213801e-16,750.7217831939543,89.96291922799347,,,1.8311313024033506,0.31048314032086455,25.0,0.10124557603503767,0.17993881996748465,-8.944795496016597e-05,-0.04267586535621404,-0.0032054594034743094,-0.14473351156978134,-0.5142671825162339,0.16194896520119847,20.9012142744393,0.0,29909.39820187496,0.06888888888888889,718037.3739384027
ID994_DCHA,0.4890698832357766,0.26632697251929643,0.8599672832017614,-0.008780972386669823,5.870445851820358,3.0774336186343763,-4.2280228904733234e-16,209.9600049675412,52.694016555021484,0.33239826141168943,0.2054264274412318,1.6405984588201343,0.20766211086352515,32.0,0.0766636023818981,0.12385767850684175,-9.296182626389554e-05,-0.054581942054877874,0.8685595078545605,-0.46206082843589275,-1.3468768489677845,-0.3890284763043371,0.06545063635198778,0.0,100508.9000089339,0.05454545454545454,1730256.0172782457
ID994_IZDA,0.5982952750751559,0.32231715744220524,0.9915942214054453,0.04019460533562276,6.6407696264713945,3.6408192909319133,4.2140920078029005e-16,250.9964772850246,57.512883116385886,0.42217098363831373,0.25829623816235586,1.6909066623701627,0.1811325037629481,33.0,0.05554563783732929,0.09301283714821794,-6.232876692870761e-05,-0.08610840567639566,0.16234922965062767,-0.3475896886795839,-1.5258624836673358,-0.4635875512865906,-0.2719425339587591,0.0,150996.08821146504,0.054365733113673806,2438569.7967240047
ID995_DCHA,0.6443070607786536,0.4724304440910217,1.3885636701290853,0.00022746114229485893,12.790083128447986,3.441201096560969,3.850231573084287e-16,503.1502695298696,84.29253438937806,0.5036015169654937,0.4686850532224621,1.7768410322256365,0.42074991735646405,33.0,0.12802040803933917,0.21656897016092105,0.00019888737925843948,0.19057150700233216,0.020652812222840725,-0.053935991826566436,-1.719069772219989,-1.0964459396754067,4.640701362400813,0.0,195284.838954634,0.027914614121510674,2191696.2648835042
ID995_IZDA,0.40616255861998457,0.3307612897861203,0.9411428398625316,-0.0012913657189437665,6.725227675533901,2.4795993685524946,-2.0065160312162298e-16,139.87274642596253,38.587852638283955,0.20089958238399633,0.232119993574471,2.005061940852256,0.5107652490501519,36.0,0.16739467781366507,0.3115793841681516,-0.00021809834593902418,-0.04096243546604028,0.01250572991104466,0.21346605604857313,-1.6309720318698413,-0.03791216827733509,0.6852650087185026,0.0,79576.18933596036,0.03488372093023256,1112254.65711883
ID996_DCHA,0.3781574044593471,0.18549654455037295,0.6865057509926809,0.02089841562992422,3.6486771541949743,1.7591191259827008,-9.349246523159212e-17,76.07506014425411,24.135548497427934,0.21986785249475296,0.16258341239291038,1.628136371657862,0.4769396586777782,30.0,0.127409450319539,0.195941298217165,-2.4944656708110794e-05,-0.17058418954222043,0.06230462693602422,-0.018250605631224683,-1.6132825101566313,-0.5193816419235289,-0.013316910874821453,0.0,59212.4787998351,0.046052631578947366,571171.6731326627
ID996_IZDA,0.43466158035522445,0.23622538980244295,0.8333593546821841,0.011753782980348685,5.413041116900791,2.200846882799201,-1.1725127652806933e-16,144.53303848408422,33.457761280667846,0.26068416640916364,0.2125737142828989,1.692676627372184,0.553618162816317,30.0,0.1519179819437433,0.23768876514062265,-0.00014915919164337814,0.4542890695701125,0.1258405591800702,0.06322948235415207,-1.646252915226457,-0.4236510240359247,0.24059803432943738,0.0,79611.56111873947,0.04620462046204621,887838.0045588126
ID997_DCHA,0.36376857980644073,0.21881127425333302,0.6772706391880486,-0.01888723564494049,4.8551769516721786,2.21611254924654,1.9867148861713328e-16,115.66441589026547,39.327021719636576,0.2314187165026595,0.16711804606981379,1.6969803572469198,0.5529861176525983,31.0,0.13982966259134297,0.22070373980553262,-9.954163735555793e-05,0.10871306074597875,0.18482698107951245,-0.00818474987710617,-1.7052103220822643,-0.6637756171247164,0.41500670794738825,0.0,57751.52655068665,0.04769736842105263,905558.4473424912
ID997_IZDA,0.5392211336506663,0.29043738345348474,1.0891497264714634,0.002080957235124994,9.759569390681206,4.195867968721276,2.8233486189143055e-16,304.6523618268804,118.19299887133057,0.2698441416519861,0.1910317777900312,2.2390796729878466,0.6743696855980021,40.0,0.15533601109995848,0.31582416711273664,-0.00017657030076626817,0.14088881745756998,1.5483876688401512,-0.37628937828445747,-1.2965111746263098,0.04640268460673365,0.08675571715557862,0.0,121431.11521416789,0.04966887417218543,3191657.7453449713
ID998_DCHA,0.3236287351496815,0.18343510241795632,0.6528500567452473,0.008033551363672781,3.9762081263301985,2.166923473826785,8.009338406313528e-17,192.7534416219332,36.706803341439624,0.1947648719877955,0.1385372782852958,1.782237735231842,0.12831738462803885,35.0,0.04130494987226808,0.07323457251469978,-3.789009454757631e-05,-0.012946246465369127,-0.4023140056481793,-0.011966559907994724,-1.5442035084786412,-0.7930522393017932,-0.0934978264597861,0.0,46867.93069112926,0.05958132045088567,903870.4877018087
ID998_IZDA,0.30605106521893805,0.1607407365839064,0.673662910730554,-0.015511784886509332,3.359299914897282,1.936803149941393,-4.697803211637026e-17,218.37172488187377,40.114893701716895,0.15555266626196407,0.12506112643050368,1.7785332355794885,0.16362508267410658,34.0,0.05137164683469916,0.0906201010179268,-0.0001714571761933241,0.037835220312482765,-0.053937696454632984,0.02727614382770289,-1.415464487848315,-0.855377086233411,0.5721616451566831,0.0,39005.16659361134,0.05785123966942149,684470.287495632
ID9992_DCHA,0.3420243409706965,0.1995319806504167,0.7268243946162105,-0.03022694844092985,4.351586315881268,1.818083856508578,-2.1862853408003084e-16,86.11434274414962,29.028530434515243,0.2133828672205341,0.14318525712656877,1.4843117919820372,0.4103776514439087,30.0,0.12714949622441454,0.17998852856923503,-0.00014786015705343507,0.20618460700902808,0.26787491179008477,-0.15583606205614248,-1.4149849556184486,-0.028426074422244856,0.12297104402271941,0.0,57821.81847881405,0.046153846153846156,697581.4702653198
ID9992_IZDA,0.2317802717925585,0.15537114761201393,0.5982862001025768,-0.021889187634326027,4.226684028285216,1.8259552228489386,1.3343525554180285e-16,80.1990972459235,30.91264843864365,0.1379596371216301,0.10964540517584918,1.824421764614736,0.29586530405484535,36.0,0.08680592663569237,0.15450026576659678,-0.00019343981985146125,0.10367115236695379,-0.17931600444803972,0.5125937785538953,-1.0645141503593925,-0.043395936343858896,-0.2442654089846359,0.0,26856.59573267636,0.06729264475743349,679752.6661729093
ID9993_DCHA,0.37654365877991713,0.23282092440972194,0.7115685067014071,-0.004700521997214451,5.433168943153923,2.023594257724874,1.0114487341780785e-16,240.07985400771273,45.05595704376165,0.22602876319735243,0.18578653744298598,1.6515935464786264,0.6650196402685472,26.0,0.2652548028851684,0.37670921462376894,-0.00029127201365505156,0.06220017732159633,0.3515937870692759,-0.10730597620553783,-1.6299663040608678,-0.3956877576323663,2.3035828670716887,0.0,53326.72512673095,0.03380782918149466,644438.6943279346
ID9993_IZDA,0.33683524687124794,0.21490404772049532,0.6871255668279574,-0.01269135965112294,5.122669641353652,1.602949254308223,1.5374958733603404e-16,172.88948630088723,29.35676814334232,0.18807659927252401,0.1587181675435463,1.9188463039937589,0.7484421113801114,33.0,0.27201142183063165,0.4414418620153069,-0.00029099189443233906,-0.028146160360332573,0.06437391360821429,-0.13379374272488695,-1.3609703075126836,-0.08208408056599809,3.1059623837342256,0.0,57146.043077993025,0.030911901081916538,537004.0283599147
ID9994_DCHA,0.29524057229699896,0.18944304193193684,0.6266209141551418,0.005597635309101488,5.26139219874988,2.694370891362175,4.511382449270477e-16,262.0423732029615,72.16416855749807,0.17900844241478894,0.12406314283182564,2.0286421818887264,0.22138523846405217,39.0,0.04571899666921266,0.09184809114023429,-8.483277634613505e-05,-0.023400459630460002,-0.0658400432903354,-0.007556493676328235,-1.57126620858495,-1.057918460760957,1.4269655524542282,0.0,150582.95915965523,0.03341687552213868,5196377.245240051
ID9994_IZDA,0.2594992482345669,0.18645703938412428,0.5668869745301288,-0.010360139410025294,5.690334816260376,2.7838903854327968,-4.3576726554282123e-16,313.17675743863435,77.51207314546647,0.1526759613727495,0.13016048287575074,2.0197726614222327,0.2163426194813827,37.0,0.049958151723119806,0.09984973695493624,-2.8185511471202643e-05,0.1874767606644756,-0.03510551191883435,0.14264255616548865,-1.623565465780978,-1.3015812900225354,1.7365942031643398,0.0,116751.21112411184,0.03492333901192504,5336363.268220058
ID9995_DCHA,0.20657571802859195,0.153679902327509,0.5694464228661079,0.006587194628386521,3.5292082347450973,1.7331547759412818,-1.3555664275232435e-16,90.22482330951676,28.431103289278244,0.12339517162323708,0.1058736116614461,1.7049284746100892,0.0974864124334422,35.0,0.03278749644305638,0.055725486594571404,-0.0001787303518777759,-0.06264608690967921,-0.08893420517656289,0.4401903041411826,-1.2352377089331603,-0.5771675525155807,-0.13340518971849802,0.0,21547.98595465302,0.057233704292527825,593272.7095689678
ID9995_IZDA,0.2088858140365447,0.1561685698928745,0.564318152721708,-0.0018134072274194287,3.768514110898276,1.8559143563387608,-1.8932956908968187e-16,94.54968848092611,32.35611806792191,0.1185761002256328,0.10400115979060837,1.8251905275390594,0.16088255465853493,37.0,0.04871575000668141,0.08824227299379132,-0.00011164528793747248,0.0025902144848912734,-0.006682649897966849,0.3074466125202508,-1.383985188710914,-0.5425021515076559,-0.17326784271657392,0.0,22716.498382898026,0.05956112852664577,699893.6904829164
ID9996_DCHA,0.24261872305862653,0.10185648293864509,0.6192066306097053,-0.012462092182062828,3.7032656288871015,2.074066770943588,-2.2169820148521067e-17,132.44491793906457,52.49265677174878,0.1305658391660601,0.07822132437344693,1.9869234355972771,0.491134255284097,39.0,0.1282616024017385,0.24042628808015148,-0.00010299656901151755,-0.30558661457393654,-0.5599237314639012,0.7609677142033187,1.0653090556260318,-0.014874015859210388,-1.2776760485656915,0.0,26313.924676974915,0.1419656786271451,882128.7325519647
ID9996_IZDA,0.24305173495696242,0.09354881859637676,0.5808173429125341,-0.01481427187231499,4.191585783329477,1.7872103164740538,-5.594824691024411e-17,107.94702415166788,44.42095194824821,0.10040160266828327,0.07389106735628036,1.9920685935721625,0.5231858544892813,38.0,0.14175347009142497,0.2635418710901471,-8.357636295743844e-05,0.19320496668708587,0.20271948662557365,0.795112683944124,0.6443408384706935,0.05991942413801199,-0.7754731489185285,0.0,25581.723425585824,0.14803149606299212,643008.5802948774
ID9997_DCHA,0.13319995235411136,0.03335078420207635,0.23323985073956446,0.0049926926231683546,1.4625415145013299,0.6583238139766373,7.932694019650241e-17,40.60114677390151,15.597573269282984,0.0322282898272124,0.025347986053945826,1.9212444466056506,0.563139504157542,36.0,0.15915963723085272,0.2822535438576709,-1.7712595401984974e-05,-0.32451113987491853,0.11738749968442333,0.7748423936341298,-0.12341087297473807,-0.20723561989937836,-0.8287124664424876,0.0,7193.264723883034,0.11642743221690591,85049.21622856567
ID9997_IZDA,0.14907486228603428,0.054970964242818124,0.33441181187733476,-0.0016668867708903843,2.33106822317032,0.6514665919979241,-6.293051604960629e-17,47.208265605610094,13.554168921975062,0.032719933539566544,0.03582057132538246,2.0113783778913747,0.6222737085491362,37.0,0.15864555353018245,0.2915506033418926,2.1880398778585942e-05,-0.15275847660768083,0.08255176630073256,1.0620991526995995,0.8691213400159237,-0.44277134648755895,1.6679165210708415,0.0,9151.946576085444,0.0499194847020934,81697.01777682769
ID9998_DCHA,0.24801303164387062,0.11761364264836428,0.5253439982042883,-0.00863399923950897,2.567510187850149,1.1649771645419829,-1.6784474073073233e-17,60.02300797758136,17.430367704902135,0.10547057318120409,0.08615513732851232,1.61639563406491,0.2759945366648828,32.0,0.11414685174590775,0.17911358962149962,-0.00011720607443417963,0.22098366379237144,0.007880459026453948,0.24897295139497244,-1.2459367694778527,-0.6482628941427729,0.38592050071391837,0.0,27587.04633281792,0.05984251968503937,273211.2610309432
ID9998_IZDA,0.34962431646543346,0.15590601090613587,0.6006328630210999,-0.00047758474578578493,3.1986159399689034,1.2020088136081981,4.325983170533334e-17,66.45545288877351,14.239145289268379,0.1798141430300591,0.12119490462325778,1.2304790044805496,0.425696829833393,24.0,0.1950874299176001,0.2240985424817469,-7.441492571787911e-05,-0.06797796410063972,-0.37293459554294367,-0.18177982024021877,-1.4603937273110048,-0.1725622160971145,-0.01093998275981578,0.0,58001.53626458601,0.0380517503805175,311335.19404561503
ID9999_DCHA,0.2634432339807003,0.08465000291234437,0.5565886854512783,-0.0032077123710533297,4.117036773973106,1.6254523214177667,4.032592143927924e-17,107.02575603300738,36.6991829137034,0.09457332759736715,0.09242090820900689,2.083640656081673,0.7078235020446336,53.0,0.19280577469789179,0.3555829082496666,-7.498825580230135e-05,-0.17544007602495726,0.12070444546702984,0.7895049003871851,-0.1156870333349227,-0.0796343668591303,-0.5060598049601417,0.0,56645.05051984523,0.11577752553916004,1024132.8597407668
ID9999_IZDA,0.2169589772762571,0.06035618357025445,0.38805786924658836,-0.0011222336735454215,1.9445215674842244,0.7855864159399807,4.560608060077665e-17,34.625502687212744,14.46596032044163,0.057641976970629644,0.05266292580417699,2.066872299070407,0.42550184223727217,50.0,0.09587855912559545,0.19067788144222475,-9.945026167582875e-06,0.2925698895804163,0.09281982425387422,0.5685822656050908,-0.7653671798937038,-0.11347483175340699,-0.39468529158525056,0.0,29668.63174218243,0.06546854942233632,186998.17753473442
ID999_DCHA,0.4378049226354335,0.23550017683194802,0.8071331744109315,0.005956435215510466,5.470233758586146,2.204238238824646,5.843279076974509e-16,197.44616074885718,43.258614730197856,0.2750926323280012,0.18785336649488543,1.6562799195596805,0.5618433444821561,29.0,0.2035107288143797,0.3046232331571176,6.51526225920006e-05,-0.022617924979237092,0.15507431449878775,-0.15518616064597227,-1.550346367764312,-0.31103980542247883,0.46518403690281396,0.0,81088.55116574568,0.041118421052631575,896122.0196421462
ID999_IZDA,0.3504400857184588,0.2324802406963335,0.7472131840977815,0.024920713114023274,4.721230087162964,2.1806454727189215,6.097066379459605e-16,145.95978791261146,39.65119870456725,0.20638461957157395,0.181473361395584,1.8195681737855904,0.6002790947216252,31.0,0.19895820611752438,0.32504941973385126,-5.6163327979647616e-05,-0.1851015026644529,0.0659193852629775,0.0469619336866034,-1.6011718370235835,-0.7015561297945483,0.6907087206294511,0.0,55006.921192673035,0.039603960396039604,871367.4273230288
